ID,한글 이름,현재 CITY,현재 DL,변경될 CITY,변경될 DL
1,Pier 52,(없음),(없음),강원특별자치도,속초시
2,설악산+낙산사 일일투어 (서울출발),양양군,(없음),강원특별자치도,인제군
4,단천면옥,(없음),(없음),강원특별자치도,속초시
5,동명항,(없음),(없음),강원특별자치도,속초시
6,명가수제튀김,(없음),(없음),강원특별자치도,속초시
7,문꼬치,(없음),(없음),강원특별자치도,속초시
9,남이섬+설악산 일일투어 (서울출발),춘천시,(없음),강원특별자치도,춘천시
11,속초관광수산시장지하회센터,(없음),(없음),강원특별자치도,속초시
12,속초먹거리촌,(없음),(없음),강원특별자치도,속초시
13,속초어부전복뚝배기,(없음),(없음),강원특별자치도,속초시
15,속초 중앙시장,(없음),(없음),강원특별자치도,속초시
17,송천리떡마을,(없음),(없음),강원특별자치도,양양군
18,순희네마차,(없음),(없음),강원특별자치도,속초시
19,아바이마을,(없음),(없음),강원특별자치도,속초시
20,양양시외종합터미널,(없음),(없음),강원특별자치도,양양군
22,연이수제버거,(없음),(없음),강원특별자치도,양양군
26,일호식당,(없음),(없음),강원특별자치도,속초시
28,중앙닭강정,(없음),(없음),강원특별자치도,속초시
29,초당뼈찜,(없음),(없음),강원특별자치도,속초시
30,카페소리,(없음),(없음),강원특별자치도,속초시
31,커피휘림,(없음),(없음),강원특별자치도,속초시
32,커피말리,(없음),(없음),강원특별자치도,속초시
33,화반,(없음),(없음),강원특별자치도,속초시
34,강릉 감자 옹심이,강릉시,(없음),강원특별자치도,강릉시
37,강릉고속버스터미널 AND 시외버스터미널,강릉시,(없음),강원특별자치도,강릉시
38,강릉향교,강릉시,(없음),강원특별자치도,강릉시
43,곰칼국수,(없음),(없음),강원특별자치도,동해시
44,곱창집,강릉시,(없음),강원특별자치도,강릉시
45,광덕식당,강릉시,(없음),강원특별자치도,강릉시
47,구구닭집,강릉시,(없음),강원특별자치도,강릉시
49,근정가든,(없음),(없음),강원특별자치도,동해시
50,금성닭집,강릉시,(없음),강원특별자치도,강릉시
51,금학칼국수,강릉시,(없음),강원특별자치도,강릉시
52,논골담길,(없음),(없음),강원특별자치도,동해시
53,놀랄호떡만두,강릉시,(없음),강원특별자치도,강릉시
54,달선이네 조개마당,강릉시,(없음),강원특별자치도,강릉시
55,대관령 양떼목장,(없음),(없음),강원특별자치도,평창군
56,동해고속버스터미널 AND 시외버스터미널,(없음),(없음),강원특별자치도,동해시
57,동해역,(없음),(없음),강원특별자치도,동해시
58,동화가든,강릉시,경포대,강원특별자치도,강릉시
59,두꺼비집,(없음),(없음),강원특별자치도,동해시
60,만나옹심이 메밀손칼국수,강릉시,(없음),강원특별자치도,강릉시
61,명가네 게스트하우스,강릉시,경포대,강원특별자치도,강릉시
62,명주사랑채,강릉시,(없음),강원특별자치도,강릉시
63,모락모락,강릉시,(없음),강원특별자치도,강릉시
66,싸전,강릉시,(없음),강원특별자치도,강릉시
68,봉봉 방앗간,강릉시,(없음),강원특별자치도,강릉시
69,부산어묵,강릉시,(없음),강원특별자치도,삼척시
70,북카페 모모,강릉시,(없음),강원특별자치도,강릉시
72,북평장 하나로마트 앞 핫바집,(없음),(없음),강원특별자치도,동해시
73,카페 산토리니,강릉시,(없음),강원특별자치도,동해시
76,손병욱 베이커리,강릉시,(없음),강원특별자치도,강릉시
78,솔향횟집,강릉시,(없음),강원특별자치도,강릉시
80,썬카페,강릉시,정동진,강원특별자치도,강릉시
81,썬한식,강릉시,정동진,강원특별자치도,강릉시
82,아라나비,강릉시,(없음),강원특별자치도,강릉시
83,안목해변카페거리,강릉시,(없음),강원특별자치도,강릉시
84,영미네 부침,강릉시,(없음),강원특별자치도,강릉시
85,옛 태광식당,강릉시,경포대,강원특별자치도,강릉시
86,옛정 보리밥 뷔페,(없음),(없음),강원특별자치도,동해시
88,욱이네닭강정,(없음),(없음),강원특별자치도,동해시
89,장군 시오야끼,(없음),(없음),강원특별자치도,동해시
90,정동진 레일바이크,강릉시,정동진,강원특별자치도,강릉시
91,정동진역,강릉시,(없음),강원특별자치도,강릉시
93,주문진 수산시장,강릉시,주문진,강원특별자치도,강릉시
94,강릉 중앙시장,강릉시,(없음),강원특별자치도,강릉시
95,진성떡집,(없음),(없음),강원특별자치도,동해시
96,참맛골,(없음),(없음),강원특별자치도,동해시
97,참소리축음기 에디슨과학박물관,강릉시,경포대,강원특별자치도,강릉시
98,창일민박횟집,강릉시,주문진,강원특별자치도,강릉시
100,초당순두부 마을,강릉시,(없음),강원특별자치도,강릉시
101,초려공방,강릉시,(없음),강원특별자치도,강릉시
102,추암해오름펜션,(없음),(없음),강원특별자치도,동해시
103,추암타워펜션,(없음),(없음),강원특별자치도,동해시
107,엘빈(L.Bean),강릉시,(없음),강원특별자치도,강릉시
108,카페 칠공공(700),강릉시,(없음),강원특별자치도,강릉시
109,폴앤메리,강릉시,경포대,강원특별자치도,강릉시
110,테라로사 본점,강릉시,(없음),강원특별자치도,강릉시
111,토담순두부,강릉시,경포대,강원특별자치도,강릉시
112,하슬라 아트월드,강릉시,(없음),강원특별자치도,강릉시
114,황금어장,(없음),(없음),강원특별자치도,동해시
115,횡계시외버스터미널,(없음),(없음),강원특별자치도,평창군
117,순천역,순천시,(없음),전라남도,순천시
120,장대콩국수,순천시,(없음),전라남도,순천시
122,명월관,순천시,(없음),전라남도,순천시
123,미향식당,순천시,(없음),전라남도,순천시
125,야생차 체험관,순천시,(없음),전라남도,순천시
127,아랫장,순천시,(없음),전라남도,순천시
128,61호 명태전집,순천시,(없음),전라남도,순천시
129,시장통짜장,순천시,(없음),전라남도,순천시
130,건봉국밥,순천시,(없음),전라남도,순천시
131,광주종합버스터미널,(없음),(없음),광주광역시,서구
132,담양 버스터미널,(없음),(없음),전라남도,담양군
133,보성 시외버스 터미널,(없음),(없음),전라남도,보성군
134,보성역,(없음),(없음),전라남도,보성군
136,순천 버스터미널,순천시,(없음),전라남도,순천시
155,웃장,순천시,(없음),전라남도,순천시
158,시가문학촌,(없음),(없음),전라남도,담양군
162,담양 Slow City Town (A),(없음),(없음),전라남도,담양군
165,돌담 민박,(없음),(없음),전라남도,담양군
168,한옥애,(없음),(없음),전라남도,담양군
169,달구지 민박,(없음),(없음),전라남도,담양군
172,경자네식당,순천시,(없음),전라남도,순천시
174,금빈회관,순천시,(없음),전라남도,순천시
175,길상식당,순천시,(없음),전라남도,순천시
176,김가네 흑돼지 참누렁소,(없음),(없음),전라남도,담양군
177,김순옥 댓잎 찹쌀 도너츠,(없음),(없음),전라남도,담양군
178,대담미술관(카페),(없음),(없음),전라남도,담양군
179,대대선창,순천시,(없음),전라남도,순천시
181,미소댓잎국수,(없음),(없음),전라남도,담양군
182,베니샤프,순천시,(없음),전라남도,순천시
183,보성녹차떡갈비,(없음),(없음),전라남도,보성군
184,봇재가든,(없음),(없음),전라남도,보성군
185,봉산식당,(없음),(없음),전라남도,보성군
186,부부 찹쌀도넛,(없음),(없음),전라남도,담양군
187,서원카페,(없음),(없음),전라남도,담양군
188,성일식당,순천시,(없음),전라남도,순천시
189,소담다례문화원,(없음),(없음),전라남도,담양군
190,순천만 라비스타&도원경,순천시,(없음),전라남도,순천시
191,슬로시티약초밥상,(없음),(없음),전라남도,담양군
192,승일식당,(없음),(없음),전라남도,담양군
195,양지쌈밥,순천시,(없음),전라남도,순천시
196,옛날대통순대집,(없음),(없음),전라남도,담양군
197,옥빈관,(없음),(없음),전라남도,담양군
198,원조동경낙지,순천시,(없음),전라남도,순천시
200,제일식당,순천시,(없음),전라남도,순천시
201,보리원(조계산 보리밥집),순천시,(없음),전라남도,순천시
202,카페 꽁띠(conti),순천시,(없음),전라남도,순천시
203,프로방스 베이커리,(없음),(없음),전라남도,담양군
204,몽돌해물탕,순천시,(없음),전라남도,순천시
205,행운다방,(없음),(없음),전라남도,보성군
206,화월당,순천시,(없음),전라남도,순천시
207,황토방국밥,(없음),(없음),전라남도,담양군
208,흥덕식당,순천시,(없음),전라남도,순천시
209,초록잎이 펼치는 세상,(없음),(없음),전라남도,보성군
210,나주곰탕,서울시,충무로,서울특별시,중구
211,동방명주,서울시,충무로,서울특별시,중구
212,모랑해물솥밥 삼공빌딩점,서울시,충무로,서울특별시,종로구
213,미소핫도그,서울시,충무로,서울특별시,중구
214,반반국수,서울시,충무로,서울특별시,중구
215,브라운 치킨호프,서울시,충무로,서울특별시,중구
216,사랑방 칼국수,서울시,충무로,서울특별시,중구
218,카페 우디,서울시,(없음),서울특별시,중구
219,을지수제비,서울시,충무로,서울특별시,중구
220,털보네스테이크,서울시,충무로,서울특별시,중구
221,푸하오,서울시,충무로,서울특별시,중구
223,치아바타몽스,서울시,충무로,서울특별시,중구
224,충무로 송죽,서울시,충무로,서울특별시,중구
225,낭만짬뽕,서울시,충무로,서울특별시,중구
226,라구,서울시,이태원,서울특별시,용산구
227,토스트 몬스터,서울시,이태원,서울특별시,용산구
228,(폐업) 해크니,서울시,이태원,서울특별시,용산구
229,토스트 프랑세,서울시,이태원,서울특별시,용산구
230,8 Piece,서울시,이태원,서울특별시,용산구
231,히메야 이자카야,서울시,이태원,서울특별시,용산구
232,치읓 (ㅊ),서울시,이태원,서울특별시,용산구
233,자코비버거,서울시,이태원,서울특별시,용산구
234,미주리,서울시,이태원,서울특별시,용산구
236,(폐업) 엄마와고등어,서울시,충무로,서울특별시,중구
237,서문돌판생삼겹살,서울시,충무로,서울특별시,중구
238,김명자 굴국밥,서울시,을지로,서울특별시,중구
239,멜팅몽키,서울시,이태원,서울특별시,용산구
241,Gate21,서울시,이태원,도출불가,도출불가
242,속초 이정숙왕손만두 찐빵,(없음),(없음),강원특별자치도,속초시
243,원조장터순대국,(없음),(없음),강원특별자치도,속초시
244,어느멋진날,(없음),(없음),강원특별자치도,속초시
246,브라더후드,(없음),(없음),강원특별자치도,속초시
251,전주역,전주시,(없음),전라북도,전주시 덕진구
260,지숨갤러리,전주시,(없음),전라북도,전주시 완산구
263,순시키 차액결제,전주시,(없음),전라북도,전주시 완산구
267,교동아트미술관,전주시,(없음),전라북도,전주시 완산구
268,청춘시장,전주시,(없음),전라북도,전주시 완산구
270,소리문화관,전주시,(없음),전라북도,전주시 완산구
272,전주향교,전주시,(없음),전라북도,전주시 완산구
275,삼원한약방,전주시,(없음),전라북도,전주시 완산구
287,스파이더맨 게스트하우스,전주시,(없음),전라북도,전주시 완산구
290,남부시장,전주시,(없음),전라북도,전주시 완산구
291,핫플레이스 거리,전주시,(없음),전라북도,전주시 완산구
294,금암면옥 (객사길),전주시,(없음),전라북도,전주시 완산구
298,왱이 콩나물 국밥집,전주시,(없음),전라북도,전주시 완산구
299,교동고로케,전주시,(없음),전라북도,전주시 완산구
301,길거리야,전주시,(없음),전라북도,전주시 완산구
302,다우랑,전주시,(없음),전라북도,전주시 완산구
303,베테랑 칼국수,전주시,(없음),전라북도,전주시 완산구
305,상덕카레,전주시,(없음),전라북도,전주시 완산구
306,한옥문꼬지,전주시,(없음),전라북도,전주시 완산구
307,전동호떡,전주시,(없음),전라북도,전주시 완산구
309,모주랑,전주시,(없음),전라북도,전주시 완산구
310,오목대 사랑채,전주시,(없음),전라북도,전주시 완산구
314,카페 외할머니 솜씨,전주시,(없음),전라북도,전주시 완산구
315,카페 작은곰자리,전주시,(없음),전라북도,전주시 덕진구
316,성미당,전주시,(없음),전라북도,전주시 완산구
317,카페 꼬지따뽕,전주시,(없음),전라북도,전주시 완산구
318,카페 두이모,전주시,(없음),전라북도,전주시 완산구
319,카페 오목오목,전주시,(없음),전라북도,전주시 완산구
320,엄마손 해장국,전주시,(없음),전라북도,전주시 완산구
321,한국닭집,전주시,(없음),전라북도,전주시 완산구
323,까사델타코,전주시,(없음),전라북도,전주시 완산구
324,카페 나비,전주시,(없음),전라북도,전주시 완산구
327,삼백집 본점,전주시,(없음),전라북도,전주시 완산구
334,옛날 팥죽집,전주시,(없음),전라북도,전주시 완산구
335,농부며느리,전주시,(없음),전라북도,전주시 덕진구
337,화순집,전주시,(없음),전라북도,전주시 완산구
338,전라도 음식이야기,전주시,(없음),전라북도,전주시 덕진구
339,일구오공 (1950),전주시,(없음),전라북도,전주시 완산구
340,(폐업) 마음상회,전주시,(없음),전라북도,전주시 완산구
341,새새미,전주시,(없음),전라북도,전주시 완산구
420,순대타운,(없음),(없음),경기도,수원시 팔달구
421,Elephant Dumpling,(없음),(없음),경기도,수원시 팔달구
422,Hwaseong Train Experience Program,(없음),(없음),경기도,수원시 팔달구
427,예술공간 봄,(없음),(없음),경기도,수원시 팔달구
436,나녕공방,(없음),(없음),경기도,수원시 팔달구
437,카페 단오,(없음),(없음),경기도,수원시 팔달구
441,공주 터미널 ,(없음),(없음),충청남도,공주시
442,카페 오펀데이,(없음),(없음),충청남도,공주시
443,석장리 박물관,(없음),(없음),충청남도,공주시
446,공산성 부추해물칼국수,(없음),(없음),충청남도,공주시
450,새이학가든,(없음),(없음),충청남도,공주시
454,국립 공주 박물관,(없음),(없음),충청남도,공주시
458,피탕김탕,(없음),(없음),충청남도,공주시
459,카페 미세스P베리,(없음),(없음),충청남도,공주시
460,산성시장,(없음),(없음),충청남도,공주시
461,청양분식,(없음),(없음),충청남도,공주시
462,간식집,(없음),(없음),충청남도,공주시
463,부자떡집,(없음),(없음),충청남도,공주시
464,초가집,(없음),(없음),충청남도,공주시
465,카페 제민내,(없음),(없음),충청남도,공주시
468,어씨네 본가,(없음),(없음),충청남도,공주시
469,카페 모닝벨 베이커리,(없음),(없음),충청남도,공주시
470,부여 시외버스 터미널,(없음),(없음),충청남도,부여군
472,부여 중앙시장,(없음),(없음),충청남도,부여군
473,김중만의 만두래,(없음),(없음),충청남도,부여군
474,시골통닭,(없음),(없음),충청남도,부여군
475,옹달샘 분식,(없음),(없음),충청남도,부여군
476,왕곰탕,(없음),(없음),충청남도,부여군
479,정림사지 박물관,(없음),(없음),충청남도,부여군
480,국립부여박물관,(없음),(없음),충청남도,부여군
482,연꽃가든 (삭제 사유 : 폐점),(없음),(없음),충청남도,부여군
483,카페 at 267,(없음),(없음),충청남도,부여군
484,시골아낙,(없음),(없음),충청남도,부여군
486,장원막국수,(없음),(없음),충청남도,부여군
489,카페 하품,(없음),(없음),충청남도,부여군
492,유람선,(없음),(없음),충청남도,부여군
497,반월루,(없음),(없음),충청남도,부여군
500,구드래 돌쌈밥집,(없음),(없음),충청남도,부여군
501,빵집 에펠제과,(없음),(없음),충청남도,부여군
654,평대리 마을,제주시,(없음),제주특별자치도,제주시
662,종달리 마을,제주시,(없음),제주특별자치도,제주시
663,세화리 마을,제주시,세화,제주특별자치도,제주시
664,종달항,제주시,(없음),제주특별자치도,제주시
665,천진항,제주시,성산,제주특별자치도,제주시
669,검멀레 해변 보트투어,제주시,성산,제주특별자치도,제주시
690,송당리 마을탐방 코스,제주시,(없음),제주특별자치도,제주시
701,(제휴종료) 제주민속촌,제주시,서귀포시,제주특별자치도,서귀포시
703,동문재래시장,제주시,(없음),제주특별자치도,제주시
706,한화 아쿠아 플라넷,제주시,(없음),제주특별자치도,서귀포시
715,수상레저액티비티,제주시,서귀포시,제주특별자치도,서귀포시
717,올레시장,제주시,서귀포시,제주특별자치도,서귀포시
753,평대성게국수,제주시,(없음),제주특별자치도,제주시
759,평대스낵,제주시,세화,제주특별자치도,제주시
763,톰톰카레,제주시,(없음),제주특별자치도,제주시
765,바당봉봉,제주시,(없음),제주특별자치도,제주시
768,아일랜드 조르바,제주시,(없음),제주특별자치도,제주시
772,비자림 부엉이,제주시,(없음),제주특별자치도,제주시
775,알이즈웰,제주시,(없음),제주특별자치도,제주시
778,바보카페 (바다가 보이는 카페 ),제주시,(없음),제주특별자치도,제주시
780,월정어촌계,제주시,월정리,제주특별자치도,제주시
781,오빠밥줘,제주시,월정리,제주특별자치도,제주시
783,월정해변 회국수,제주시,월정리,제주특별자치도,제주시
784,고래가 될 카페,제주시,월정리,제주특별자치도,제주시
787,카페 동네,제주시,(없음),제주특별자치도,제주시
790,카페 바다는 안보여요,제주시,(없음),제주특별자치도,제주시
795,재연식당,제주시,세화,제주특별자치도,제주시
796,소라횟집,제주시,세화,제주특별자치도,제주시
800,말이,제주시,세화,제주특별자치도,제주시
803,하도댁 흑돼지 두루치기,제주시,세화,제주특별자치도,제주시
812,지미스,제주시,성산,제주특별자치도,제주시
814,카페 블랑로쉐,제주시,성산,제주특별자치도,제주시
819,해광식당,제주시,성산,제주특별자치도,제주시
821,회양과 국수군,제주시,성산,제주특별자치도,제주시
822,로뎀가든,제주시,성산,제주특별자치도,제주시
832,헬로우도,제주시,성산,제주특별자치도,제주시
834,1300K 에코브릿지 카페,제주시,(없음),제주특별자치도,제주시
838,송당나무,제주시,(없음),제주특별자치도,제주시
841,제주...여기쯤,제주시,(없음),제주특별자치도,제주시
843,웅스키친,제주시,(없음),제주특별자치도,제주시
846,윌라라,제주시,(없음),제주특별자치도,서귀포시
848,라마네 의식주,제주시,(없음),제주특별자치도,제주시
849,해녀식당 갯마을,제주시,(없음),제주특별자치도,서귀포시
851,경미네집,제주시,(없음),제주특별자치도,서귀포시
852,소라네집,제주시,(없음),제주특별자치도,서귀포시
854,당케올레국수,제주시,서귀포시,제주특별자치도,서귀포시
856,커피가게 쉬고가게,제주시,서귀포시,제주특별자치도,서귀포시
858,비치영양굴밥,제주시,서귀포시,제주특별자치도,서귀포시
860,버들못,제주시,서귀포시,제주특별자치도,서귀포시
867,오일장떡볶이,제주시,(없음),제주특별자치도,제주시
870,한일식당,제주시,(없음),제주특별자치도,제주시
874,월척수산,제주시,(없음),제주특별자치도,제주시
875,마돈,제주시,(없음),제주특별자치도,서귀포시
876,섭지 해녀의 집,제주시,(없음),제주특별자치도,서귀포시
877,쇠소깍 휴게소,제주시,서귀포시,제주특별자치도,서귀포시
879,통나무 회센터,제주시,서귀포시,제주특별자치도,서귀포시
881,용이식당,제주시,서귀포시,제주특별자치도,서귀포시
883,진주식당,제주시,서귀포시,제주특별자치도,서귀포시
886,늘봄 흑돼지,제주시,(없음),제주특별자치도,제주시
887,삼대 국수회관 신제주점,제주시,(없음),제주특별자치도,제주시
888,삼성혈 해물탕,제주시,(없음),제주특별자치도,제주시
890,빠빠라기 신제주점,제주시,(없음),제주특별자치도,제주시
892,백번가든 ,제주시,애월,제주특별자치도,제주시
893,제주 슬로비,제주시,애월,제주특별자치도,제주시
894,카페 봄날,제주시,애월,제주특별자치도,제주시
895,카페 태희,제주시,(없음),제주특별자치도,제주시
897,한림로 342쩜빵,제주시,협재,제주특별자치도,제주시
898,협재 해녀의 집,제주시,협재,제주특별자치도,제주시
900,최마담네 빵다방,제주시,협재,제주특별자치도,제주시
901,웬드구니,제주시,서귀포시,제주특별자치도,서귀포시
902,씨앤블루 카페,제주시,서귀포시,제주특별자치도,서귀포시
903,춘심이네 본점,제주시,서귀포시,제주특별자치도,서귀포시
905,덕성원,제주시,서귀포시,제주특별자치도,서귀포시
944,도예 시선 창고,제주시,(없음),제주특별자치도,제주시
945,소심한 책방,제주시,(없음),제주특별자치도,제주시
992,제주국제공항,제주시,(없음),제주특별자치도,제주시
995,주상절리,제주시,서귀포시,제주특별자치도,서귀포시
1007,코시롱 카페,제주시,(없음),제주특별자치도,서귀포시
1010,카페 바농,제주시,서귀포시,제주특별자치도,서귀포시
1011,더 아일랜더,제주시,(없음),제주특별자치도,제주시
1012,왓집,제주시,(없음),제주특별자치도,제주시
1013,LIKE IT,제주시,(없음),제주특별자치도,제주시
1016,SHRIMP BOX,제주시,(없음),제주특별자치도,제주시
1017,우정회센터,제주시,서귀포시,제주특별자치도,서귀포시
1266,순천 드라마 세트장,순천시,(없음),전라남도,순천시
1290,SOMETHING OUT,서울시,연남동,도출불가,도출불가
1291,(폐업) 학림다방,서울시,대학로(혜화),서울특별시,종로구
1292,(폐업) 순대실록,서울시,대학로(혜화),서울특별시,종로구
1293,나폴레옹 제과점,서울시,대학로(혜화),서울특별시,성북구
1295,개미다방,서울시,대학로(혜화),서울특별시,종로구
1296,더카페8온스,서울시,대학로(혜화),서울특별시,종로구
1297,카페100,서울시,대학로(혜화),서울특별시,종로구
1310,바람이 살랑,서울시,대학로(혜화),서울특별시,종로구
1314,성균관 감자탕,서울시,대학로(혜화),서울특별시,종로구
1318,(폐업) 카페 성수,서울시,성수동,서울특별시,성동구
1319,피터팬스테이크,서울시,대학로(혜화),서울특별시,종로구
1339,리퀴드랩,서울시,성수동,서울특별시,성동구
1343,(폐업) 홍대교동짬뽕 성수점,서울시,성수동,서울특별시,성동구
1344,(폐업) 뚝섬곱으로,서울시,성수동,서울특별시,성동구
1356,충무로쭈꾸미불고기,서울시,충무로,서울특별시,중구
1358,카페 앳모스피어 (atmosphere),서울시,망원동,서울특별시,마포구
1364,노량진 수산시장 횟집 (양념집),서울시,노량진,서울특별시,동작구
1366,산모퉁이,서울시,"경복궁,서촌",서울특별시,종로구
1367,컵밥 거리,서울시,노량진,서울특별시,동작구
1372,수연산방,서울시,(없음),서울특별시,성북구
1380,슬로스텝 (Slow Step),서울시,대학로(혜화),서울특별시,종로구
1382,(폐업) 젓가락집,서울시,경복궁,서울특별시,종로구
1385,Calle De Gomis,서울시,"경복궁,서촌",서울특별시,종로구
1388,통인시장,서울시,"경복궁,서촌",서울특별시,종로구
1396,염리동 소금길,서울시,이대,서울특별시,마포구
1401,할머니의 레시피,서울시,성수동,서울특별시,성동구
1407,공덕족발골목,서울시,공덕,서울특별시,마포구
1408,망원시장,서울시,망원동,서울특별시,마포구
1410,DDP (동대문 디지털 플라자),서울시,동대문구,서울특별시,중구
1418,Bloc Party,서울시,이태원,서울특별시,용산구
1433,한성대입구역,서울시,대학로(혜화),서울특별시,성북구
1435,(폐업)남도분식 북촌본점,서울시,경복궁,서울특별시,종로구
1438,수제비와 보리밥,서울시,"경복궁,서촌",서울특별시,종로구
1439,오륙도 스카이워크,부산시,오륙도,부산광역시,남구
1446,최순우 옛집,서울시,대학로(혜화),서울특별시,성북구
1447,금왕돈까스,서울시,대학로(혜화),서울특별시,성북구
1449,대성갈비,서울시,성수동,서울특별시,성동구
1451,우드유라이크(woodulike),서울시,성수동,서울특별시,성동구
1452,벨리노 (Bellino),서울시,(없음),서울특별시,성북구
1458,맛양값,서울시,망원동,서울특별시,마포구
1459,프루아,서울시,성수동,서울특별시,성동구
1467,고속터미널 지하상가,서울시,고속버스터미널,서울특별시,서초구
1468,구슬함박 (고속터미널점),서울시,고속버스터미널,서울특별시,서초구
1469,용궁 해물야채 쟁반짜장,부산시,(없음),부산광역시,기장군
1472,송정집,부산시,(없음),부산광역시,해운대구
1482,세빛 돌체,서울시,고속버스터미널,서울특별시,서초구
1490,Millak Raw Fish Market,부산시,광안리,부산광역시,수영구
1492,다리집,부산시,부경대,부산광역시,수영구
1494,디스커버리테이스트,부산시,광안리,부산광역시,수영구
1496,오랜지바다,부산시,광안리,부산광역시,수영구
1497,용호동 할매 팥빙수 단팥죽,부산시,부경대,부산광역시,남구
1498,카페 세번째 서랍,부산시,광안리,부산광역시,수영구
1504,창신동 봉제골목,서울시,동대문구,서울특별시,종로구
1522,동대문문구완구거리,서울시,동대문구,서울특별시,종로구
1530,동대문 포장마차 골목,서울시,동대문구,서울특별시,중구
1585,윤씨그릴방,서울시,연남동,서울특별시,마포구
1586,(제휴종료)팅클유,서울시,연남동,서울특별시,마포구
1589,책방 피노키오,서울시,연남동,서울특별시,마포구
1599,서대문형무소역사관,서울시,경복궁,서울특별시,서대문구
1603,Yeongcheon Market,서울시,경복궁,서울특별시,서대문구
1612,달인 꽈배기 도너츠,서울시,경복궁,서울특별시,서대문구
1616,함평면옥,서울시,이대,서울특별시,서대문구
1626,숙영식당,(없음),(없음),경상북도,경주시
1627,초원식당 (옥산),(없음),(없음),경상북도,경주시
1629,초원식당 (양동 마을),(없음),(없음),경상북도,경주시
1631,양동마을,(없음),(없음),경상북도,경주시
1637,신경주역 (KTX),(없음),(없음),경상북도,경주시
1667,성수동 수제화 골목,서울시,성수동,서울특별시,성동구
1692,요신의 하루 (Yoshin),(없음),(없음),울산광역시,중구
1693,페이퍼숲,(없음),(없음),울산광역시,중구
1694,심야 라멘 트럭,(없음),(없음),울산광역시,중구
1820,내 여자를 부탁해,서울시,(없음),서울특별시,마포구
1822,메세나폴리스 몰,서울시,(없음),서울특별시,마포구
1823,홈플러스 합정점,서울시,(없음),서울특별시,마포구
1826,한국천주교순교자박물관,서울시,마포구,도출불가,도출불가
1888,(폐업) 오베이,서울시,이태원,서울특별시,용산구
1889,남산 케미스트리,서울시,이태원,서울특별시,용산구
1971,파미에 스테이션,서울시,고속버스터미널,서울특별시,서초구
1973,알래스카랩,서울시,고속버스터미널,서울특별시,서초구
1974,빌라 드 스파이시,서울시,고속버스터미널,서울특별시,서초구
2014,알마니,제주시,세화,제주특별자치도,제주시
2015,구좌상회,제주시,월정리,제주특별자치도,제주시
2019,여름문구사,제주시,세화,제주특별자치도,제주시
2021,마농,제주시,(없음),제주특별자치도,제주시
2025,이디하우스n카페,제주시,세화,제주특별자치도,제주시
2066,자갈치역,부산시,남포동,부산광역시,중구
2067,BIFF 부산 국제 영화 거리,부산시,남포동,부산광역시,중구
2068,이화동 수제 어묵 고로케,부산시,남포동,부산광역시,중구
2070,18번완당집,부산시,남포동,부산광역시,중구
2071,돌고래 순두부,부산시,남포동,부산광역시,중구
2072,국제시장,부산시,남포동,부산광역시,중구
2074,부평깡통시장,부산시,남포동,부산광역시,중구
2075,부평깡통시장 내 어묵골목,부산시,남포동,부산광역시,중구
2077,할매유부전골,부산시,남포동,부산광역시,중구
2079,(폐업) 소문난 분식,부산시,남포동,부산광역시,중구
2080,보수동 책방골목,부산시,남포동,부산광역시,중구
2081,카페 정.[점],부산시,남포동,부산광역시,중구
2082,카페 MIO 8과 2분의 1,부산시,남포동,부산광역시,중구
2083,대우빵집,부산시,남포동,부산광역시,중구
2087,부평족발골목,부산시,남포동,부산광역시,중구
2088,부산족발,부산시,남포동,부산광역시,중구
2091,(폐업) 라인프렌즈 스토어 부산광복점,부산시,남포동,부산광역시,중구
2092,감천문화마을,부산시,감천동,부산광역시,사하구
2094,감내 카페,부산시,감천동,부산광역시,사하구
2096,감내 맛집,부산시,감천동,부산광역시,사하구
2097,카페 팥찌,부산시,감천동,부산광역시,사하구
2105,카페 TCC,부산시,송도,부산광역시,서구
2106,곤포횟집,부산시,송도,부산광역시,서구
2109,서면역,부산시,서면,부산광역시,부산진구
2111,식당 곁집,부산시,서면,부산광역시,부산진구
2112,카페 유달리,부산시,서면,부산광역시,부산진구
2113,카페 3002,부산시,서면,부산광역시,부산진구
2115,카페 고유커피 로스터스,부산시,서면,부산광역시,부산진구
2119,카페 스팅 (STING),부산시,부산역,부산광역시,동구
2121,(폐업) 6.25 막걸리,부산시,부산역,부산광역시,동구
2125,168 도시락국,부산시,부산역,부산광역시,동구
2136,부산역,부산시,부산역,부산광역시,동구
2137,초량밀면,부산시,부산역,부산광역시,동구
2138,칼잽이,부산시,부산역,부산광역시,동구
2139,소문난 불백,부산시,부산역,부산광역시,동구
2140,본전돼지국밥,부산시,부산역,부산광역시,동구
2141,LA북창동 순두부,부산시,부산역,부산광역시,동구
2144,경주역,(없음),(없음),경상북도,경주시
2145,경주 시외버스 터미널,(없음),(없음),경상북도,경주시
2151,교촌마을,(없음),(없음),경상북도,경주시
2228,1898 플러스,서울시,명동,서울특별시,중구
2340,(폐업) 빵꼼마,서울시,연남동,서울특별시,마포구
2352,카페 마조앤새디,서울시,동대문구,서울특별시,중구
2436,카페부부,서울시,망원동,서울특별시,마포구
2542,구슬함박,서울시,명동,서울특별시,영등포구
2593,센텀시티역,부산시,(없음),부산광역시,해운대구
2635,녹사평역,서울시,이태원,서울특별시,용산구
2644,순천 한복을 더하다,순천시,(없음),전라남도,순천시
2714,(폐업) 뚝떡,서울시,성수동,서울특별시,성동구
2716,미미의 카레,서울시,성수동,서울특별시,성동구
2783,원조포항물회,부산시,(없음),부산광역시,남구
2796,말순이,전주시,(없음),전라북도,전주시 완산구
2800,국립 경주 박물관,(없음),(없음),경상북도,경주시
2801,경주 패션의 거리,(없음),(없음),경상북도,경주시
2803,보배김밥,(없음),(없음),경상북도,경주시
2804,최영화빵,(없음),(없음),경상북도,경주시
2805,단석가 찰보리빵,(없음),(없음),경상북도,경주시
2808,카페 루왁 (LUWAK),(없음),(없음),경상북도,경주시
2809,COFFEE CLUB R,(없음),(없음),경상북도,경주시
2811,경주원조콩국,(없음),(없음),경상북도,경주시
2812,고운님 오시는 길,(없음),(없음),경상북도,경주시
2813,명동쫄면,(없음),(없음),경상북도,경주시
2814,대화만두,(없음),(없음),경상북도,경주시
2815,밀면식당,(없음),(없음),경상북도,경주시
2816,카페 101,(없음),(없음),경상북도,경주시
2818,능포다원,(없음),(없음),경상북도,경주시
2824,우일식당,(없음),(없음),경상북도,경주시
2825,엄마밥상,(없음),(없음),경상북도,경주시
2830,원조전통떡갈비,(없음),(없음),경상북도,경주시
2831,카페 소더비 (SOTHEBY),(없음),(없음),경상북도,경주시
2836,코너 386,서울시,망원동,서울특별시,마포구
2844,스코프서울,서울시,홍대,서울특별시,마포구
2852,청와삼대,(없음),(없음),경상북도,경주시
2858,(폐업) 이미 (imi),서울시,홍대,서울특별시,마포구
2876,카페 캐틀앤비 경주점,(없음),(없음),경상북도,경주시
2877,옛날 맷돌 순두부,(없음),(없음),경상북도,경주시
2878,테디베어 박물관,(없음),(없음),경상북도,경주시
2880,신라 밀레니엄 파크,(없음),(없음),경상북도,경주시
2881,양동벅스,(없음),(없음),경상북도,경주시
2885,진해 시외버스터미널,(없음),(없음),경상남도,창원시 진해구
2894,경화역,(없음),(없음),경상남도,창원시 진해구
2896,새마을 찌개나라,(없음),(없음),경상남도,창원시 진해구
2897,박숙희 석쇠 떡갈비,(없음),(없음),경상남도,창원시 진해구
2898,카페 날마다 좋은날,(없음),(없음),경상남도,창원시 진해구
2899,진해제과,(없음),(없음),경상남도,창원시 진해구
2913,윤씨밀방,서울시,홍대,서울특별시,마포구
2919,aA 디자인 뮤지엄,서울시,홍대,서울특별시,마포구
2920,진주 고속버스터미널 (진주 시외버스터미널),(없음),(없음),경상남도,진주시
2921,"안녕, 낯선 사람",서울시,합정,서울특별시,마포구
2922,진주 중앙시장,(없음),(없음),경상남도,진주시
2923,수복빵집,(없음),(없음),경상남도,진주시
2925,제일식당 (진주),(없음),(없음),경상남도,진주시
2947,진주 국립 박물관,(없음),(없음),경상남도,진주시
2952,하연옥,(없음),(없음),경상남도,진주시
2953,카페 심설로,(없음),(없음),경상남도,진주시
2965,통영종합버스터미널,통영시,(없음),경상남도,통영시
2966,수정식당,통영시,(없음),경상남도,통영시
2967,원조밀물식당,통영시,(없음),경상남도,통영시
2968,중섭공방,통영시,(없음),경상남도,통영시
2969,서호시장,통영시,(없음),경상남도,통영시
2970,(제휴종료) 통영일일여행 (루지 포함),통영시,(없음),경상남도,통영시
2972,분소식당,통영시,(없음),경상남도,통영시
2973,훈이시락국,통영시,(없음),경상남도,통영시
2974,할매우짜,통영시,(없음),경상남도,통영시
2998,CAFÉ 동피랑에서,통영시,(없음),도출불가,도출불가
2999,울라봉 카페,통영시,(없음),경상남도,통영시
3000,CAFÉ 동피랑 9경,통영시,(없음),경상남도,통영시
3001,CAFÉ 몽마르다 언덕,통영시,(없음),경상남도,통영시
3004,명가 충무김밥,통영시,(없음),경상남도,통영시
3005,이순신 꿀빵,통영시,(없음),경상남도,통영시
3006,꿀봉이,통영시,(없음),경상남도,통영시
3010,대풍관,통영시,(없음),경상남도,통영시
3014,옛날 충무꼬지 김밥,통영시,(없음),경상남도,통영시
3015,한려수도 조망 케이블카,통영시,(없음),경상남도,통영시
3017,서피랑 떡복기집,통영시,(없음),경상남도,통영시
3068,카페 콩달샘,서울시,망원동,서울특별시,마포구
3119,커피 방앗간,서울시,삼청동,서울특별시,종로구
3137,통영항 여객선 터미널,통영시,(없음),경상남도,통영시
3138,화니빈 (Funny Bean),통영시,(없음),경상남도,통영시
3139,통영 김밥,통영시,(없음),경상남도,통영시
3144,다솔 카페,통영시,(없음),경상남도,통영시
3147,김밥버거,통영시,(없음),경상남도,통영시
3158,현대옥 남부시장점,전주시,(없음),전라북도,전주시 완산구
3159,에루화,전주시,(없음),전라북도,전주시 완산구
3163,전일슈퍼,전주시,(없음),전라북도,전주시 완산구
3179,차 마시는 뜰,서울시,삼청동,서울특별시,종로구
3180,(폐업) 밀크,서울시,삼청동,서울특별시,종로구
3183,눈나무집,서울시,삼청동,서울특별시,종로구
3186,북촌한옥마을,서울시,삼청동,서울특별시,종로구
3268,거제 고현 터미널,(없음),(없음),경상남도,거제시
3269,장승포항,(없음),(없음),경상남도,거제시
3270,거제해물뚝배기,(없음),(없음),경상남도,거제시
3271,맷돌순두부,거제시,(없음),경상남도,거제시
3274,OLLE 커피샵,(없음),(없음),경상남도,거제시
3276,티파니 횟집,(없음),(없음),경상남도,거제시
3277,머그학동 (Mug Hakdong),(없음),(없음),경상남도,거제시
3283,저구항,(없음),(없음),경상남도,거제시
3285,백만석 식당,(없음),(없음),경상남도,거제시
3287,도장포유람선,(없음),(없음),경상남도,거제시
3288,새바다 어부 횟집,(없음),(없음),경상남도,거제시
3289,선경횟집,(없음),(없음),경상남도,거제시
3290,명승횟집,(없음),(없음),경상남도,거제시
3291,외도+바람의 언덕+파노라마 케이블카 일일투어 (부산출발),거제시,(없음),경상남도,거제시
3300,울산 버스터미널,(없음),(없음),울산광역시,남구
3302,신화마을 (10:43),(없음),(없음),울산광역시,남구
3303,태화강역 (17:53),(없음),(없음),울산광역시,남구
3306,고래문화마을 (11:56),(없음),(없음),울산광역시,남구
3308,장생포 고래박물관 And 고래 생태체험관 (13:50),(없음),(없음),울산광역시,남구
3358,풍년쌀농산,서울시,삼청동,서울특별시,종로구
3359,파스타 마켓,서울시,충무로,서울특별시,중구
3365,연탄불돈돼지,서울시,충무로,서울특별시,중구
3373,뚱보돼지갈비통고기,서울시,충무로,서울특별시,중구
3377,Tam House,서울시,충무로,서울특별시,중구
3381,스트릿 커피,서울시,충무로,서울특별시,중구
3385,필동분식,서울시,충무로,서울특별시,중구
3390,몬스터 주스,서울시,충무로,서울특별시,중구
3395,마포만두 시청점,서울시,충무로,서울특별시,중구
3402,신선한초밥,서울시,충무로,도출불가,도출불가
3412,이태리(Italy) 식당,서울시,충무로,도출불가,도출불가
3419,계림마늘닭 충무로,서울시,충무로,서울특별시,중구
3424,(폐업) 소야정,서울시,충무로,도출불가,도출불가
3427,필동면옥,서울시,충무로,서울특별시,중구
3435,필동과자점,서울시,충무로,서울특별시,중구
3448,대한극장,서울시,충무로,도출불가,도출불가
3452,이모네곱창,서울시,충무로,서울특별시,중구
3457,장군왕돈까스,서울시,충무로,서울특별시,중구
3461,와플윌리암스,서울시,충무로,서울특별시,중구
3491,미성옥,서울시,명동,서울특별시,중구
3558,더빅바나나,서울시,홍대,서울특별시,마포구
3570,포항 시외버스터미널 AND 포항 고속버스터미널,(없음),(없음),경상북도,포항시 남구
3573,초원모리국수,(없음),(없음),경상북도,포항시 남구
3574,삼오식당,(없음),(없음),경상북도,포항시 남구
3575,MARIS COFFEE,포항시,(없음),경상북도,포항시 남구
3580,카페 에스페란자,(없음),(없음),경상북도,포항시 남구
3582,충청도 횟집,(없음),(없음),경상북도,포항시 북구
3583,조개구이 골목 (영일대),(없음),(없음),경상북도,포항시 북구
3584,죽도시장,(없음),(없음),경상북도,포항시 북구
3585,죽도시장 내 수제비골목,(없음),(없음),경상북도,포항시 북구
3587,총각호떡,(없음),(없음),경상북도,포항시 북구
3588,서산돌게장,(없음),(없음),경상북도,포항시 북구
3592,Wood and Brick 북촌,서울시,경복궁,서울특별시,종로구
3595,카페 디55 (D-55),서울시,경복궁,도출불가,도출불가
3611,Pier 39,서울시,이태원,서울특별시,용산구
3632,라인프렌즈 플래그십 스토어 이태원점,서울시,이태원,서울특별시,용산구
3635,로드 스테이크,서울시,이태원,서울특별시,용산구
3641,할머니국수 명동점,서울시,명동,서울특별시,중구
3642,(폐업)카카오그린,서울시,명동,서울특별시,중구
3644,명동교자,서울시,명동,서울특별시,중구
3645,고봉삼계탕,서울시,명동,서울특별시,중구
3646,(폐업) 먹쉬돈나 명동점,서울시,명동,서울특별시,중구
3692,포항함,(없음),(없음),경상북도,포항시 남구
3764,남포역,부산시,남포동,부산광역시,중구
3765,카페 체크인부산,부산시,남포동,부산광역시,중구
3766,할매집 회국수,부산시,남포동,부산광역시,중구
3777,하단역,부산시,(없음),부산광역시,사하구
3778,가덕도 정거마을,부산시,(없음),부산광역시,강서구
3781,복성반점,부산시,(없음),부산광역시,사하구
3783,고래사어묵 부전본점,부산시,서면,부산광역시,부산진구
3824,쟈니덤플링,서울시,이태원,서울특별시,용산구
3826,바토스,서울시,이태원,서울특별시,용산구
3827,미카사,서울시,이태원,서울특별시,용산구
3828,마이누들,서울시,이태원,서울특별시,용산구
3829,더 방갈로,서울시,이태원,서울특별시,용산구
3830,부자피자,서울시,이태원,서울특별시,용산구
3832,푸르너스 가든 (Prunus Garden),서울시,성수동,서울특별시,성동구
3891,자갈치시장,부산시,남포동,부산광역시,중구
3895,치즈어랏,서울시,이태원,서울특별시,용산구
3909,스탠딩커피,서울시,이태원,서울특별시,용산구
3913,리듬,서울시,이태원,서울특별시,용산구
3917,dessert39 경리단길점,서울시,이태원,서울특별시,용산구
3921,전광수 커피,서울시,명동,서울특별시,중구
3923,명동고로케 32G,서울시,명동,서울특별시,중구
3926,글래머러스 펭귄,서울시,이태원,서울특별시,용산구
3927,우리슈퍼,서울시,이태원,서울특별시,용산구
3928,(폐업) 프랭크,서울시,이태원,서울특별시,용산구
4020,올레 커피샵 (OLLE),(없음),(없음),경상남도,거제시
4036,아스트로노머스 커피,서울시,홍대,서울특별시,마포구
4044,북카페 정글,서울시,홍대,서울특별시,마포구
4049,툭툭누들타이,서울시,연남동,도출불가,도출불가
4052,Tribeca,서울시,연남동,서울특별시,마포구
4085,(폐업) 보버라운지,서울시,명동,서울특별시,중구
4092,아미소,서울시,명동,서울특별시,중구
4121,딘타이펑 명동점,서울시,명동,서울특별시,중구
4168,라인프렌즈 플래그십 스토어 명동역점,서울시,명동,서울특별시,중구
4175,명동피자,서울시,명동,서울특별시,중구
4187,(폐업) 오설록티하우스 명동점,서울시,명동,서울특별시,중구
4196,비첸향 명동점,서울시,명동,서울특별시,중구
4200,하동관,서울시,명동,서울특별시,중구
4215,재미랑,서울시,명동,서울특별시,중구
4218,티니위니카페,서울시,명동,서울특별시,중구
4227,(폐업) 비스켓,서울시,명동,서울특별시,중구
4228,튤립커피,서울시,명동,서울특별시,중구
4231,(폐업) 심슨탕,서울시,명동,서울특별시,중구
4246,명동 길거리 음식거리,서울시,명동,서울특별시,중구
4250,서울글로벌문화체험센터,서울시,명동,서울특별시,중구
4252,삼천동 막걸리 골목,전주시,(없음),전라북도,전주시 완산구
4266,스트릿츄러스 본점,서울시,(없음),서울특별시,용산구
4277,마이첼시,서울시,이태원,서울특별시,용산구
4285,(제휴종료)전주한옥마을 일일여행,전주시,(없음),전라북도,전주시 완산구
4334,하하호호 버거,제주시,성산,제주특별자치도,제주시
4349,목멱산방,서울시,남산,서울특별시,중구
4351,남산골 산채집,서울시,남산,서울특별시,중구
4353,1978테라스,서울시,남산,서울특별시,중구
4356,연남살롱,서울시,연남동,서울특별시,마포구
4361,도마,서울시,홍대,서울특별시,마포구
4363,Everything but the hero,서울시,이태원,서울특별시,용산구
4367,올리아키친앤그로서리,서울시,이태원,서울특별시,용산구
4368,장진우식당,서울시,이태원,서울특별시,용산구
4371,바다파스타,서울시,연남동,서울특별시,마포구
4384,실론살롱,서울시,연남동,서울특별시,마포구
4387,커피감각,서울시,홍대,서울특별시,마포구
4390,카페 아지토,서울시,연남동,서울특별시,마포구
4409,백제의 집,(없음),(없음),충청남도,부여군
4410,백제향,(없음),(없음),충청남도,부여군
4413,루치아의 뜰,(없음),(없음),충청남도,공주시
4415,명동영양센터,서울시,명동,서울특별시,중구
4437,제니스펍하우스,서울시,연남동,서울특별시,마포구
4440,바다스테이크,서울시,"연남동,홍대",서울특별시,마포구
4441,밥 해주는 남자,서울시,홍대,서울특별시,마포구
4442,감칠,서울시,연남동,서울특별시,마포구
4443,감나무집기사식당,서울시,연남동,서울특별시,마포구
4444,어썸몰타,서울시,연남동,서울특별시,마포구
4445,르낫농,서울시,연남동,서울특별시,마포구
4448,어쩌다가게,서울시,홍대,서울특별시,마포구
4449,공간1984,서울시,홍대,서울특별시,마포구
4451,네온문,서울시,연남동,서울특별시,마포구
4457,아꼬메르,서울시,"연남동,홍대",서울특별시,마포구
4460,Soi연남,서울시,연남동,서울특별시,마포구
4461,피오니,서울시,홍대,서울특별시,마포구
4462,미나리식당,서울시,홍대,서울특별시,마포구
4464,마포나룻집,서울시,홍대,서울특별시,마포구
4467,코코브루니,서울시,홍대,서울특별시,마포구
4468,무봤나촌닭,서울시,홍대,서울특별시,마포구
4469,홍대쇼핑거리,서울시,홍대,서울특별시,마포구
4470,또보겠지 떡볶이,서울시,홍대,서울특별시,마포구
4471,우리동네 미미네,서울시,홍대,서울특별시,마포구
4472,봉주르 하와이,서울시,홍대,서울특별시,마포구
4473,삼거리푸줏간 IFC몰점,서울시,(없음),서울특별시,영등포구
4474,401레스토랑,서울시,홍대,서울특별시,마포구
4477,부야스곱창 홍대점,서울시,홍대,서울특별시,마포구
4478,뿔레치킨,서울시,홍대,서울특별시,마포구
4479,메이드바이오즈 홍대점,서울시,홍대,서울특별시,마포구
4480,슈아브,서울시,홍대,서울특별시,마포구
4481,디와이프로,서울시,(없음),경기도,고양시 일산서구
4586,진고개,서울시,충무로,서울특별시,중구
4593,라 보데기타,서울시,충무로,서울특별시,중구
4597,호남식당,서울시,충무로,서울특별시,중구
4602,금정산성 케이블카,부산시,(없음),부산광역시,동래구
4623,김덕후의 곱창조 홍대3호점,서울시,홍대,서울특별시,마포구
4632,101번지 남산돈까스,서울시,을지로,서울특별시,중구
4636,육짬뽕 남산돈까스,서울시,남산,서울특별시,중구
4637,명동할매낙지,서울시,명동,서울특별시,중구
4638,비꼴로 (Vicolo),서울시,명동,서울특별시,중구
4643,호텔수선화,서울시,충무로,서울특별시,중구
4646,평래옥,서울시,을지로,서울특별시,중구
4648,꼬불꼬불라면,서울시,충무로,서울특별시,중구
4652,인현시장,서울시,충무로,서울특별시,중구
4655,풍남골뱅이,서울시,을지로,서울특별시,중구
4656,조선옥,서울시,을지로,서울특별시,중구
4658,은성장,서울시,충무로,서울특별시,중구
4659,산수갑산,서울시,을지로,서울특별시,중구
4662,블루브릿지,서울시,이태원,서울특별시,용산구
4671,바다식당,서울시,이태원,서울특별시,용산구
4674,GOO STK 733,서울시,이태원,서울특별시,용산구
4677,알밤,서울시,이태원,서울특별시,용산구
4678,옹느세자메,서울시,이태원,서울특별시,용산구
4682,원인어밀리언,서울시,이태원,서울특별시,용산구
4684,수르기,서울시,이태원,서울특별시,용산구
4688,카페이누,서울시,이태원,도출불가,도출불가
4689,고래사어묵 다대포점,부산시,서면,부산광역시,사하구
4695,세렝게티,서울시,이태원,서울특별시,용산구
4697,서울 루덴스,서울시,이태원,서울특별시,용산구
4701,에끌레어 바이 가루하루,서울시,이태원,서울특별시,용산구
4706,토레엔,서울시,이태원,서울특별시,용산구
4711,테라스테이블,서울시,이태원,도출불가,도출불가
4715,17도씨,서울시,홍대,서울특별시,마포구
4718,블랑,서울시,홍대,서울특별시,마포구
4722,(폐업) 약다방봄동,서울시,홍대,서울특별시,마포구
4724,해달밥술,서울시,연남동,서울특별시,마포구
4726,홍대밀방,서울시,홍대,서울특별시,마포구
4728,피오니 연남점,서울시,연남동,서울특별시,마포구
4731,술퍼마켓,서울시,연남동,서울특별시,마포구
4734,진가,서울시,연남동,서울특별시,마포구
4737,아필립,서울시,연남동,서울특별시,마포구
4747,밀로커피 로스터스,서울시,홍대,서울특별시,마포구
4748,몹시치즈케이크,서울시,홍대,서울특별시,마포구
4752,몹시초콜릿케이크,서울시,홍대,서울특별시,마포구
4753,김관석의 탐라돈,서울시,홍대,서울특별시,마포구
4754,더 디저트,서울시,홍대,서울특별시,마포구
4764,라망두스 (La Main Douce),서울시,홍대,도출불가,도출불가
4768,마녀커리크림치킨,서울시,홍대,서울특별시,마포구
4772,몰리스팝스 (Molly's pops),서울시,홍대,도출불가,도출불가
4775,(폐업) 비 스위트 온,서울시,홍대,서울특별시,마포구
4783,에쉬본,서울시,홍대,서울특별시,서대문구
4788,쉐즈롤,서울시,홍대,경기도,양평군
4791,카페퍼즐,서울시,홍대,서울특별시,마포구
4794,커피프린스 1호점,서울시,홍대,도출불가,도출불가
4797,(폐업) 바삭 (BAR삭),서울시,(없음),서울특별시,마포구
4799,오리페코,서울시,홍대,서울특별시,마포구
4801,카페구석,서울시,홍대,서울특별시,마포구
4804,어슬렁정거장,서울시,홍대,서울특별시,마포구
4806,오군수제고로케,서울시,홍대,서울특별시,마포구
4808,타르틴,서울시,이태원,서울특별시,용산구
4811,부산 종합버스터미널 (노포동),부산시,노포동,부산광역시,금정구
4821,광복로 패션의 거리,부산시,남포동,부산광역시,중구
4842,부전역,부산시,서면,부산광역시,부산진구
4844,서울역,서울시,서울역,서울특별시,중구
4845,청량리역,서울시,청량리,서울특별시,동대문구
4846,안동역,(없음),(없음),경상북도,안동시
4847,옥야식당,(없음),(없음),경상북도,안동시
4848,일직식당,(없음),(없음),경상북도,안동시
4849,버버리단팥빵,(없음),(없음),경상북도,안동시
4850,버버리찰떡,(없음),(없음),경상북도,안동시
4853,안동 위생찜닭,(없음),(없음),경상북도,안동시
4856,세계탈박물관,(없음),(없음),경상북도,안동시
4886,수원역,(없음),(없음),경기도,수원시 팔달구
4920,속초 고속버스터미널 AND 속초 시외버스터미널,(없음),(없음),강원특별자치도,속초시
4925,88생선구이,(없음),(없음),강원특별자치도,속초시
4926,속초생대구,(없음),(없음),강원특별자치도,속초시
4927,후포식당,(없음),(없음),강원특별자치도,속초시
4928,대포항 원조튀김골목,(없음),(없음),강원특별자치도,속초시
5027,Elephant Coffee,서울시,잠실,서울특별시,강동구
5043,네온문나잇,서울시,홍대,서울특별시,마포구
5080,회기 파전골목,서울시,회기역,서울특별시,동대문구
5084,고향왕파전,서울시,회기역,서울특별시,동대문구
5087,르봉마리아쥬,서울시,이태원,서울특별시,용산구
5093,(폐업) GALO HALO,서울시,이태원,서울특별시,용산구
5096,키스더티라미수 경리단길점,서울시,이태원,서울특별시,용산구
5204,인천국제공항,인천시,인천공항,인천광역시,중구
5205,용유역,인천시,인천공항,인천광역시,중구
5208,황해 해물 칼국수,인천시,인천공항,인천광역시,중구
5209,잠진항,인천시,(없음),인천광역시,중구
5213,카페 티파니,인천시,(없음),인천광역시,중구
5215,어부네,인천시,(없음),인천광역시,중구
5216,무의도항,인천시,(없음),인천광역시,중구
5218,"마시란파튀, 킹콩와플",인천시,인천공항,인천광역시,중구
5219,황신혜 조개구이,인천시,인천공항,인천광역시,중구
5222,해송쌈밥,인천시,인천공항,인천광역시,중구
5229,병산서원,(없음),(없음),경상북도,안동시
5230,부용찻집 (화천서원),(없음),(없음),경상북도,안동시
5231,찜닭골목,(없음),(없음),경상북도,안동시
5233,핸즈커피,(없음),(없음),경상북도,안동시
5369,논골식당,(없음),(없음),강원특별자치도,동해시
5372,논골카페,(없음),(없음),강원특별자치도,동해시
5380,등대카페 (동해),(없음),(없음),강원특별자치도,동해시
5381,마카롱카페,강릉시,(없음),강원특별자치도,강릉시
5382,메이븐커피로스터스(MAVEN COFFEE ROASTERS),강릉시,(없음),강원특별자치도,강릉시
5391,버드나무 브루어리,강릉시,(없음),강원특별자치도,강릉시
5393,부흥횟집,(없음),(없음),강원특별자치도,동해시
5395,삼교리 동치미 막국수,강릉시,(없음),강원특별자치도,강릉시
5397,서지초가뜰,강릉시,(없음),강원특별자치도,강릉시
5409,앨리스의 외출,(없음),(없음),강원특별자치도,동해시
5413,여고시절 카레떡볶이,강릉시,(없음),강원특별자치도,강릉시
5414,연리지펜션 카페,(없음),(없음),강원특별자치도,동해시
5417,오죽헌 공방거리,강릉시,(없음),강원특별자치도,강릉시
5419,물곰식당,(없음),(없음),강원특별자치도,동해시
5420,이만구교동짬뽕,강릉시,(없음),강원특별자치도,강릉시
5426,주문진종합버스터미널,강릉시,주문진,강원특별자치도,강릉시
5437,커피정류장,강릉시,(없음),경기도,수원시 영통구
5487,더 베이커스 테이블,서울시,이태원,서울특별시,용산구
5490,파코로코,서울시,(없음),서울특별시,용산구
5494,오월의 종,서울시,이태원,서울특별시,용산구
5505,크라우드 커피 컴퍼니,서울시,이태원,서울특별시,용산구
5511,레호이,서울시,이태원,서울특별시,용산구
5514,하베스트 남산,서울시,남산,서울특별시,용산구
5563,어부촌 생선구이,강릉시,주문진,강원특별자치도,강릉시
5599,원더브레드,서울시,충무로,서울특별시,중구
5604,소울트럭,서울시,이태원,서울특별시,용산구
5605,굿애프터눈,서울시,이태원,서울특별시,용산구
5607,보니스피자펍,서울시,이태원,서울특별시,용산구
5608,(폐업) 피에,서울시,이태원,서울특별시,용산구
5614,KT&G 상상마당,서울시,홍대,서울특별시,마포구
5615,빙봉,서울시,이태원,서울특별시,용산구
5616,진태원,(없음),(없음),강원특별자치도,평창군
5617,황태회관,(없음),(없음),강원특별자치도,평창군
5619,미소식빵,서울시,연남동,서울특별시,마포구
5621,(폐업) 뜨레삐꼴리,서울시,연남동,서울특별시,마포구
5622,(폐업) 더 식탁,서울시,연남동,서울특별시,마포구
5623,남애항,(없음),(없음),강원특별자치도,양양군
5624,대포횟집,(없음),(없음),강원특별자치도,양양군
5626,남애항 스카이워크,(없음),(없음),강원특별자치도,양양군
5630,하조대 스카이워크,(없음),(없음),강원특별자치도,양양군
5632,등대카페 (하조대),(없음),(없음),강원특별자치도,양양군
5634,낙산 전진마을 콩밥상,(없음),(없음),강원특별자치도,양양군
5635,한양면옥,(없음),(없음),강원특별자치도,속초시
5638,김영애 할머니 순두부,(없음),(없음),강원특별자치도,속초시
5639,속초시립박물관 (실향민 문화촌),(없음),(없음),강원특별자치도,속초시
5647,동진시장,서울시,연남동,서울특별시,마포구
5648,카페두다트,서울시,연남동,서울특별시,마포구
5669,신다신,(없음),(없음),강원특별자치도,속초시
5670,송림순대집,(없음),(없음),강원특별자치도,속초시
5671,커피체리,(없음),(없음),강원특별자치도,속초시
5674,속초 엑스포타워,(없음),(없음),강원특별자치도,속초시
5675,진양횟집,(없음),(없음),강원특별자치도,속초시
5676,송도횟집,(없음),(없음),강원특별자치도,속초시
5677,다래헌,(없음),(없음),강원특별자치도,양양군
5684,갯배,(없음),(없음),강원특별자치도,속초시
5685,더페이머스램,서울시,홍대,서울특별시,마포구
5818,마포곱창타운,서울시,홍대,서울특별시,마포구
5822,(폐업) 오설록티하우스 홍대점,서울시,홍대,서울특별시,마포구
5829,고한사북 공영버스터미널,(없음),(없음),강원특별자치도,정선군
5830,삼탄아트마인,(없음),(없음),강원특별자치도,정선군
5831,레스토랑 832L,(없음),(없음),강원특별자치도,정선군
5832,고한역,(없음),(없음),강원특별자치도,정선군
5833,동백산역,(없음),(없음),강원특별자치도,태백시
5834,태양의 후예 세트장,(없음),(없음),강원특별자치도,태백시
5835,철암 탄광 역사촌,(없음),(없음),강원특별자치도,태백시
5836,태백역,(없음),(없음),강원특별자치도,태백시
5837,태백닭갈비,(없음),(없음),강원특별자치도,태백시
5838,이모네 식당,(없음),(없음),강원특별자치도,태백시
5839,정선시외버스터미널,(없음),(없음),강원특별자치도,정선군
5841,Alfredo Cafe,(없음),(없음),강원특별자치도,정선군
5842,정선 5일장 (정선 아리랑 시장),(없음),(없음),강원특별자치도,정선군
5843,정선 아라리촌,(없음),(없음),강원특별자치도,정선군
5844,동광식당,(없음),(없음),강원특별자치도,정선군
5845,교동집,서울시,홍대,서울특별시,마포구
5850,동박골식당,(없음),(없음),강원특별자치도,정선군
5851,상유재,(없음),(없음),강원특별자치도,정선군
5853,태백 공영버스터미널,(없음),(없음),강원특별자치도,태백시
5855,황지자유시장,(없음),(없음),강원특별자치도,태백시
5858,푸하하크림빵,서울시,홍대,서울특별시,마포구
5859,부산옹심이국수,(없음),(없음),강원특별자치도,태백시
5861,광천막국수,(없음),(없음),강원특별자치도,태백시
5863,상장벽화마을,(없음),(없음),강원특별자치도,태백시
5864,영월역,(없음),(없음),강원특별자치도,영월군
5865,다슬기 한마당,(없음),(없음),강원특별자치도,영월군
5868,장릉 시골밥상,(없음),(없음),강원특별자치도,영월군
5871,영월 서부시장,(없음),(없음),강원특별자치도,영월군
5872,일미닭강정,(없음),(없음),강원특별자치도,영월군
5873,별총총 벽화마을,(없음),(없음),강원특별자치도,영월군
5874,김인수 순두부,(없음),(없음),강원특별자치도,영월군
5875,이삭토스트 영월점,(없음),(없음),강원특별자치도,영월군
5876,동강한우타운,(없음),(없음),강원특별자치도,영월군
5877,영월시외버스터미널,(없음),(없음),강원특별자치도,영월군
5878,리히트,서울시,연남동,서울특별시,서대문구
5926,쿠키몬스터,서울시,홍대,서울특별시,마포구
5928,더담,서울시,홍대,서울특별시,마포구
5933,Deweet,서울시,홍대,서울특별시,마포구
5968,에또끌레,서울시,명동,서울특별시,중구
5986,인천아트플랫폼,인천시,차이나타운,인천광역시,중구
6023,카페 헤세,파주시,(없음),경기도,파주시
6066,카페 아이엠티 충무로점,서울시,충무로,서울특별시,중구
6073,닐모리 동동,제주시,(없음),제주특별자치도,제주시
6079,리골레토시카고피자&펍,서울시,신촌,서울특별시,서대문구
6082,라화쿵부,서울시,신촌,서울특별시,서대문구
6097,남이섬 + 아침고요수목원 일일투어 (서울출발),춘천시,(없음),경기도,가평군
6099,이츠굿 베이커리 카페 신촌점,서울시,신촌,서울특별시,서대문구
6135,편대장 영화식당,(없음),(없음),경상북도,영천시
6153,the진국,서울시,신촌,서울특별시,서대문구
6154,Earth 17,춘천시,(없음),강원특별자치도,춘천시
6159,춘천역,춘천시,(없음),강원특별자치도,춘천시
6167,카페 타세 ,서울시,회기역,서울특별시,동대문구
6173,영천 버스터미널,(없음),(없음),경상북도,영천시
6174,그릴 롤즈 (GRILL ROLLS),서울시,회기역,서울특별시,동대문구
6183,시안미술관 CYAN MUSEUM,(없음),(없음),경상북도,영천시
6189,AtoZ Cafe,서울시,신촌,서울특별시,서대문구
6194,스시래 회기점,서울시,회기역,서울특별시,동대문구
6198,(폐업) 돌판위에 김과장,서울시,충무로,서울특별시,중구
6200,형제갈비,서울시,신촌,서울특별시,서대문구
6201,미분당,서울시,신촌,서울특별시,서대문구
6202,부탄츄,서울시,신촌,서울특별시,서대문구
6203,엉클스,서울시,신촌,서울특별시,서대문구
6204,(폐업) 큰언니 불고기,서울시,신촌,서울특별시,서대문구
6207,구월산 왕족발,서울시,신촌,서울특별시,서대문구
6208,(폐업) 뽕신 신촌점,서울시,신촌,서울특별시,서대문구
6209,CAFE DZ,서울시,신촌,서울특별시,서대문구
6210,멘도롱식당,(없음),(없음),도출불가,도출불가
6211,시골밥상,서울시,신사동,서울특별시,강남구
6234,단양 구경시장,(없음),(없음),충청북도,단양군
6236,단양 마늘 만두,(없음),(없음),충청북도,단양군
6237,단양토종마늘순대,(없음),(없음),충청북도,단양군
6239,짜장면 박물관,인천시,차이나타운,인천광역시,중구
6265,지린성,(없음),(없음),전라북도,군산시
6267,팟알 (Pot-R),인천시,차이나타운,인천광역시,중구
6278,지혜의숲,(없음),(없음),경기도,파주시
6284,파주 롯데프리미엄아울렛,파주시,(없음),경기도,파주시
6288,지리산황토골토종흑돼지,서울시,신사동,서울특별시,강남구
6299,(폐업) 블랙스톤 신촌점,서울시,신촌,서울특별시,서대문구
6301,풍년닭도리탕,서울시,남대문,서울특별시,중구
6316,여수 낭만포차,(없음),(없음),전라남도,여수시
6335,족발귀신 (본점),서울시,홍대,서울특별시,마포구
6344,(폐업) 원바잇 One Bite,서울시,홍대,서울특별시,마포구
6348,오세계향,서울시,인사동,서울특별시,종로구
6351,조선의 육개장칼국수,서울시,신촌,서울특별시,서대문구
6383,록키마운틴 초콜릿팩토리 광화문점,서울시,광화문,서울특별시,종로구
6385,(제휴종료) 스와니예 ,서울시,고속버스터미널,서울특별시,서초구
6386,모티집,서울시,대학로(혜화),서울특별시,종로구
6403,파스타노,서울시,충무로,서울특별시,중구
6405,두루팍,서울시,충무로,경기도,수원시 팔달구
6418,롯데월드 일일 자유이용권,서울시,잠실,서울특별시,송파구
6424,물고기식당,(없음),(없음),경상북도,안동시
6425,김정순 명인의 집,(없음),(없음),경상북도,안동시
6427,흥실 생고기 전문점,(없음),(없음),경상북도,안동시
6431,찻집 만휴,(없음),(없음),경상북도,안동시
6432,안동물문화관,(없음),(없음),경상북도,안동시
6434,전통리조트 구름에,(없음),(없음),경상북도,안동시
6447,안동 민속박물관,(없음),(없음),경상북도,안동시
6448,야외민속촌,(없음),(없음),경상북도,안동시
6456,커피명가 동성로점(본점),대구시,동성로,대구광역시,중구
6475,안동 소주 박물관 (조옥화 명인 양조장),(없음),(없음),경상북도,안동시
6487,(폐업) SCOFF,서울시,"경복궁,서촌",서울특별시,종로구
6516,근대 골목 단팥빵,대구시,(없음),대구광역시,중구
6520,월영교 달빵,(없음),(없음),경상북도,안동시
6523,골목안 손국수,(없음),(없음),경상북도,안동시
6549,안동터미널,(없음),(없음),경상북도,안동시
6583,리치몬드 과자점,서울시,홍대,서울특별시,마포구
6585,김영모 과자점,서울시,잠실,서울특별시,송파구
6611,슬런치팩토리,서울시,(없음),서울특별시,마포구
6619,홍두깨 손칼국수,서울시,망원동,서울특별시,마포구
6621,협동식당 달고나,서울시,망원동,서울특별시,마포구
6624,고황24시뼈다귀해장국감자탕,서울시,회기역,서울특별시,동대문구
6629,엔터식스 왕십리역점,서울시,왕십리,서울특별시,성동구
6651,봉구,인천시,차이나타운,인천광역시,중구
6660,신포우리만두 본점,인천시,차이나타운,인천광역시,중구
6661,신포 국제 시장,인천시,차이나타운,인천광역시,중구
6675,오두산 막국수,파주시,(없음),경기도,파주시
6678,블루박스,(없음),(없음),경기도,파주시
6700,병철이네 쪽갈비,서울시,신사동,서울특별시,강남구
6701,영철버거,서울시,청량리,서울특별시,성북구
6705,이성당,(없음),(없음),전라북도,군산시
6707,한주옥,(없음),(없음),전라북도,군산시
6709,중동호떡,(없음),(없음),전라북도,군산시
6710,한일옥,(없음),(없음),전라북도,군산시
6711,공설시장 평화족발,(없음),(없음),전라북도,군산시
6717,경암동 철길마을,(없음),(없음),전라북도,군산시
6739,공주한복,서울시,경복궁,서울특별시,종로구
6742,성심당,대전시,(없음),대전광역시,중구
6760,성심당 케익부띠끄,(없음),(없음),대전광역시,중구
6765,초원사진관,(없음),(없음),전라북도,군산시
6766,좌수영 바게트버거,(없음),(없음),전라남도,여수시
6767,이순신 수제버거,(없음),(없음),전라남도,여수시
6774,로타리식당,(없음),(없음),전라남도,여수시
6775,구백식당,(없음),(없음),전라남도,여수시
6776,천사벽화마을,(없음),(없음),전라남도,여수시
6778,두류미로마을,대구시,달서구,대구광역시,서구
6779,미강식당,(없음),(없음),충청북도,단양군
6799,피스 앤 피스,(없음),(없음),대전광역시,동구
6805,대전역,(없음),(없음),대전광역시,동구
6808,대전 중앙시장,(없음),(없음),대전광역시,동구
6811,밀도,서울시,성수동,서울특별시,성동구
6820,중앙횟집,통영시,(없음),경상남도,통영시
6825,롯데마트 청량리점,서울시,청량리,서울특별시,동대문구
6835,우미닭갈비 본점,춘천시,(없음),강원특별자치도,춘천시
6847,Cafe D 55,서울시,경복궁,서울특별시,종로구
6862,광장시장 이불,서울시,(없음),서울특별시,중구
6867,돌쇠풍천민물장어,서울시,망원동,서울특별시,마포구
6871,원당수제고로케,서울시,망원동,서울특별시,마포구
6874,(폐업) 빙하의 별,서울시,망원동,서울특별시,마포구
6884,신승반점,인천시,차이나타운,인천광역시,중구
6889,원보만두,인천시,차이나타운,인천광역시,중구
6905,서대문 안산자락길,서울시,신촌,서울특별시,서대문구
6908,쌈사랑,서울시,충무로,서울특별시,중구
6912,몰리스,서울시,신촌,서울특별시,서대문구
6923,춤추는 바다,서울시,(없음),서울특별시,마포구
6925,웰캄투서울 1960,서울시,신촌,서울특별시,마포구
6949,카페 에잇톤,서울시,서울역,서울특별시,관악구
6956,장블랑제리,서울시,(없음),서울특별시,관악구
6959,엉터리생고기 낙성대점,서울시,서울역,서울특별시,관악구
6972,(폐업) 문오리 인사동점,서울시,인사동,서울특별시,종로구
6986,우림시장,서울시,(없음),서울특별시,중랑구
7001,풍년제과,전주시,(없음),전라북도,전주시 완산구
7003,유성식당,강릉시,(없음),강원특별자치도,강릉시
7017,ARISTA COFFEE 충무로점,서울시,충무로,서울특별시,중구
7032,라인프렌즈 강남 플래그십스토어,서울시,신사동,서울특별시,서초구
7038,송정3대국밥,부산시,서면,부산광역시,부산진구
7046,세빛둥둥섬(중복),서울시,강남구,서울특별시,서초구
7065,서울대 미술관 MOA,서울시,서울역,서울특별시,관악구
7068,신림동 순대타운,서울시,(없음),서울특별시,관악구
7109,마리오아울렛,서울시,영등포구,서울특별시,금천구
7134,윤경양식당,서울시,성수동,서울특별시,성동구
7141,서울 밤도깨비 야시장(여의도),서울시,여의도,서울특별시,영등포구
7148,아름다운 차박물관,서울시,인사동,서울특별시,종로구
7166,뮤지엄 김치간,서울시,인사동,서울특별시,종로구
7197,신촌 플레이버스,서울시,신촌,서울특별시,서대문구
7198,홍제동 개미마을,서울시,(없음),서울특별시,서대문구
7300,오랑오랑,서울시,이태원,서울특별시,용산구
7303,맥파이,서울시,이태원,서울특별시,용산구
7309,정선할매곤드레밥,서울시,인사동,서울특별시,종로구
7316,신촌해물칼국수,서울시,신촌,서울특별시,마포구
7334,육수당 충무로점,서울시,충무로,서울특별시,중구
7339,룩아워티 with 한삼인,서울시,"경복궁,광화문",서울특별시,종로구
7347,광화문집,서울시,광화문,서울특별시,종로구
7349,인사동 항아리 수제비,서울시,인사동,서울특별시,종로구
7352,대림창고,서울시,성수동,서울특별시,성동구
7357,북촌손만두 인사본점,서울시,인사동,서울특별시,종로구
7364,커먼그라운드,서울시,건대,서울특별시,광진구
7375,왓코커피,서울시,신촌,서울특별시,마포구
7378,루경리단,서울시,이태원,서울특별시,용산구
7384,(폐업) 바닐라키친,서울시,연남동,서울특별시,마포구
7385,고디바 광화문점,서울시,광화문,서울특별시,종로구
7397,(폐업) 붉은 제주,제주시,(없음),제주특별자치도,제주시
7405,(폐업) 카멜리아힐,제주시,서귀포시,제주특별자치도,서귀포시
7420,마루쿠식당,서울시,이태원,서울특별시,용산구
7426,나룻배,(없음),(없음),광주광역시,서구
7427,비포그레이,서울시,(없음),서울특별시,마포구
7428,바르다김선생 홍대입구점,서울시,홍대,서울특별시,마포구
7430,떼시스 (thesis),(없음),(없음),광주광역시,서구
7433,남이섬 + 레일바이크 + 아침고요수목원 일일투어 (서울출발),춘천시,(없음),강원특별자치도,춘천시
7436,엔테이블,서울시,동대문구,서울특별시,중구
7441,남이섬 + 쁘띠프랑스 + 이탈리아마을 (서울출발),춘천시,(없음),강원특별자치도,춘천시
7443,남이섬 + 레일바이크 + 쁘띠프랑스 + 이탈리아마을 일일투어 (서울출발),춘천시,(없음),경기도,가평군
7471,프리가 청량리점,서울시,청량리,서울특별시,동대문구
7472,잠수교,서울시,고속버스터미널,서울특별시,서초구
7478,제주칼국수,제주시,(없음),제주특별자치도,서귀포시
7479,성산회관,제주시,(없음),제주특별자치도,서귀포시
7485,호로락,제주시,성산,제주특별자치도,제주시
7486,소년식당,서울시,홍대,서울특별시,성동구
7499,대포찜닭,서울시,신촌,서울특별시,서대문구
7502,경성양꼬치 본점,서울시,신촌,서울특별시,서대문구
7511,(폐업)꽃같은한복,서울시,경복궁,서울특별시,종로구
7525,서화한복,서울시,경복궁,서울특별시,종로구
7527,(임시중단)한복더하기,서울시,서촌,서울특별시,종로구
7529,유플렉스 지하상가 신촌,서울시,신촌,서울특별시,서대문구
7543,(폐업)카페 보라,서울시,경복궁,서울특별시,종로구
7545,먹쉬돈나 삼청동점,서울시,삼청동,서울특별시,종로구
7547,아웃닭 홍대점,서울시,홍대,서울특별시,마포구
7567,어메이징 브루잉 컴퍼니,서울시,성수동,서울특별시,성동구
7572,DORÉ DORÉ 신사점,서울시,신사동,서울특별시,강남구
7573,마녀주방 홍대점,서울시,홍대,서울특별시,마포구
7576,일미리금계찜닭 명동점,서울시,강남구,서울특별시,중구
7619,김포국제공항,서울시,(없음),서울특별시,강서구
7620,와라비키친,서울시,회기역,서울특별시,동대문구
7637,계절밥상 건대점,서울시,건대,서울특별시,광진구
7645,팔자피자,부산시,남포동,부산광역시,중구
7650,괜찮아요 신촌점,서울시,신촌,서울특별시,서대문구
7657,크래프트원,서울시,연남동,서울특별시,마포구
7661,파인트룸,서울시,충무로,서울특별시,중구
7672,(폐업) 1970핫도그 경희대점,서울시,회기역,서울특별시,동대문구
7674,알로카시아,서울시,회기역,서울특별시,동대문구
7682,회기왕족발보쌈,서울시,회기역,서울특별시,동대문구
7685,노랑통닭 경희대점,서울시,회기역,서울특별시,동대문구
7689,(구)한복남 전주,전주시,(없음),전라북도,전주시 완산구
7692,화주부,서울시,회기역,서울특별시,동대문구
7695,(구)한복남 북촌한옥마을,서울시,경복궁,서울특별시,종로구
7697,도스마스 경희대점,서울시,회기역,서울특별시,동대문구
7698,펠앤콜,서울시,(없음),서울특별시,마포구
7699,(폐업) 대양수산,부산시,남포동,부산광역시,중구
7716,오브젝트 서면점,부산시,서면,부산광역시,부산진구
7754,커피스미스 광안리점,부산시,광안리,부산광역시,수영구
7778,(폐업) 런던티 종로점,서울시,종로구,서울특별시,중구
7781,풀팬,서울시,잠실,서울특별시,강동구
7784,카페 나폴리아,(없음),(없음),강원특별자치도,속초시
7803,주스앤,서울시,명동,서울특별시,중구
7854,역전우동 회기점,서울시,회기역,서울특별시,동대문구
7858,깡통만두,서울시,인사동,서울특별시,종로구
7868,옥인피자,서울시,"경복궁,서촌",서울특별시,종로구
7871,독,서울시,회기역,서울특별시,동대문구
7905,아우네분식,서울시,신촌,서울특별시,서대문구
7920,(폐업) 전선생 충무로점,서울시,충무로,서울특별시,중구
7922,가화만사성,서울시,신촌,서울특별시,서대문구
7930,황태덕장,(없음),(없음),강원특별자치도,평창군
7941,맛있는 순두부&김치찜,서울시,신촌,서울특별시,서대문구
7948,딥블루레이크,서울시,망원동,서울특별시,마포구
7951,미완성식탁,서울시,망원동,서울특별시,마포구
7953,호시절,서울시,망원동,서울특별시,마포구
7972,돌돌 베이커리,서울시,이대,서울특별시,서대문구
7973,부엉이돈까스 신촌점,서울시,신촌,서울특별시,서대문구
7978,꼬숑 돈까스,서울시,신촌,서울특별시,서대문구
8007,제이커피 첨성대점,(없음),(없음),경상북도,경주시
8076,미진,서울시,광화문,서울특별시,종로구
8079,진수성찬,(없음),(없음),경상북도,경주시
8086,제주오겹살 왕돌구이집,서울시,잠실,서울특별시,송파구
8094,롯데타워 서울스카이 입장권,서울시,잠실,서울특별시,송파구
8100,(폐업)미미한복,서울시,"경복궁,충무로",서울특별시,중구
8103,아토 규카츠 신촌,서울시,신촌,서울특별시,서대문구
8115,만다복,인천시,차이나타운,인천광역시,중구
8135,마피아 디저트,서울시,광화문,서울특별시,강남구
8137,궁가는여우,서울시,경복궁,서울특별시,종로구
8142,무교동 북어국집,서울시,종로구,서울특별시,중구
8210,그릿비 일광,부산시,(없음),부산광역시,기장군
8213,(폐업) 카페베이266,부산시,(없음),부산광역시,기장군
8214,대게하우스,부산시,(없음),부산광역시,기장군
8215,아수라,부산시,(없음),부산광역시,기장군
8223,하마 쌀국수,서울시,회기역,서울특별시,동대문구
8235,카페 페라,서울시,이대,서울특별시,서대문구
8251,평산옥,부산시,부산역,부산광역시,동구
8270,맛찬들 왕소금구이 남포점,부산시,남포동,부산광역시,중구
8279,카페 루프탑,부산시,청사포,부산광역시,해운대구
8322,서촌나들이,서울시,"경복궁,서촌",서울특별시,종로구
8323,인공위성제주,제주시,서귀포시,제주특별자치도,서귀포시
8325,육거리식당,제주시,(없음),제주특별자치도,제주시
8326,카페 사우다드,제주시,(없음),제주특별자치도,제주시
8327,쉼표,제주시,협재,제주특별자치도,제주시
8330,(폐업) 알래스카 인 제주,제주시,협재,제주특별자치도,제주시
8331,만선식당,제주시,서귀포시,제주특별자치도,서귀포시
8332,A BLACK,제주시,협재,제주특별자치도,제주시
8372,신사소곱창 신사본점,서울시,신사동,서울특별시,강남구
8376,신촌 통큰갈비,서울시,신촌,서울특별시,서대문구
8380,동대문엽기떡볶이 본점,서울시,동대문구,서울특별시,중구
8392,봉화골 화로구이,서울시,(없음),서울특별시,성북구
8393,우리집 식당,서울시,이대,서울특별시,서대문구
8397,다담,서울시,광화문,서울특별시,종로구
8416,버프（BURP DINING PUB&BAR）,서울시,홍대,서울특별시,마포구
8417,차돌박힌 쭈꾸미 명동점,서울시,명동,서울특별시,중구
8425,CAFE O'MERRY,서울시,홍대,서울특별시,마포구
8441,꾸까 광화문점,서울시,광화문,서울특별시,종로구
8443,만수의 정원,서울시,경복궁,서울특별시,종로구
8453,대현매운족발,서울시,이대,서울특별시,서대문구
8454,(폐업) 대전해장국전문,서울시,(없음),서울특별시,마포구
8468,오설록 (인사동점),서울시,인사동,서울특별시,종로구
8472,통일부대찌개,(없음),(없음),서울특별시,동대문구
8479,Coffee Sun 커피썬 썬카페,강릉시,정동진,강원특별자치도,강릉시
8483,엉터리 생고기 용두점,서울시,왕십리,서울특별시,동대문구
8486,영미오리탕,(없음),(없음),광주광역시,북구
8491,지구당 신사점,서울시,신사동,서울특별시,강남구
8512,이품분식,서울시,연남동,서울특별시,마포구
8516,원흥,서울시,광화문,서울특별시,중구
8521,수원원조갈비,서울시,성수동,서울특별시,성동구
8546,생생오징어,서울시,회기역,서울특별시,동대문구
8589,도가,서울시,신사동,서울특별시,강남구
8595,마리몬드 라운지,서울시,성수동,서울특별시,성동구
8598,트와블루,서울시,성수동,서울특별시,성동구
8604,철수와영희,부산시,감천동,부산광역시,사하구
8612,낙지볶음 개미집 홍대점,서울시,홍대,서울특별시,마포구
8614,그린파스타,서울시,(없음),서울특별시,성북구
8615,도리연닭도리탕,서울시,(없음),서울특별시,성북구
8617,COFFEENIE 커피니,서울시,서울역,서울특별시,용산구
8618,오빠달걀빵,서울시,서울역,서울특별시,용산구
8661,봉추찜닭 경희대점,서울시,회기역,서울특별시,동대문구
8680,통인스윗,서울시,"경복궁,서촌",서울특별시,종로구
8681,라면점빵,서울시,"경복궁,서촌",서울특별시,종로구
8683,송스키친,서울시,"경복궁,서촌",서울특별시,종로구
8686,(폐업)서울커피상회,서울시,"경복궁,서촌",서울특별시,종로구
8693,송파에사는희,서울시,"경복궁,서촌",서울특별시,종로구
8697,입고놀자,(없음),(없음),경상북도,경주시
8706,대오서점,서울시,경복궁,서울특별시,종로구
8708,(폐업) 코코블랑,서울시,"경복궁,서촌",서울특별시,종로구
8710,리틀템포,서울시,"경복궁,서촌",서울특별시,종로구
8732,술화덕빵,(없음),(없음),도출불가,도출불가
8746,빙고,서울시,회기역,서울특별시,동대문구
8759,클럽 엔비,서울시,홍대,서울특별시,마포구
8761,클럽 엠투,서울시,(없음),서울특별시,마포구
8762,클럽 매스,서울시,강남구,서울특별시,서초구
8769,(폐업) 카페앤아더,서울시,성수동,서울특별시,성동구
8777,버터밀크,서울시,홍대,서울특별시,마포구
8779,(폐업) 카페 더 에어,서울시,홍대,서울특별시,마포구
8787,취중진닭,서울시,청량리,서울특별시,동대문구
8792,빌리엔젤 롯데백화점청량리점,서울시,청량리,서울특별시,동대문구
8808,서울스낵,서울시,성수동,서울특별시,성동구
8824,설빙(신촌점),서울시,신촌,서울특별시,서대문구
8825,(폐업) 설빙 이대점,서울시,이대,서울특별시,서대문구
8827,설빙 (홍대입구역점),서울시,홍대,서울특별시,마포구
8831,설빙 (홍대놀이터점),서울시,홍대,서울특별시,마포구
8832,설빙 (혜화대학로점),서울시,대학로(혜화),서울특별시,종로구
8835,설빙 (동대문점),서울시,동대문구,서울특별시,중구
8849,설빙 명동점,서울시,명동,서울특별시,중구
8850,(폐업) 설빙 명동2호점,서울시,명동,서울특별시,중구
8851,설빙 (명동3호점),서울시,명동,서울특별시,중구
8852,설빙 (충무로점),서울시,충무로,서울특별시,중구
8867,설빙 (인사점),서울시,인사동,서울특별시,종로구
8868,설빙 (숙대점 ),서울시,서울역,서울특별시,용산구
8869,설빙 (성신여대점),서울시,(없음),서울특별시,성북구
8871,설빙 (고대점),서울시,(없음),서울특별시,성북구
8872,설빙 (한양대점),서울시,왕십리,서울특별시,성동구
8874,설빙 (미아삼거리점),서울시,(없음),서울특별시,성북구
8875,설빙 (경희대점),서울시,회기역,서울특별시,동대문구
8876,설빙 (회기역점),서울시,회기역,서울특별시,동대문구
8878,설빙 (연신내점),서울시,(없음),서울특별시,은평구
8879,설빙 (노량진점),서울시,노량진,서울특별시,동작구
8880,설빙 (강남뉴코아점),서울시,강남구,서울특별시,서초구
8881,설빙 (가로수길점),서울시,신사동,서울특별시,강남구
8894,서래맥주집 (서울시립대점),서울시,(없음),서울특별시,동대문구
8897,클럽 B ONE,서울시,이태원,서울특별시,용산구
8903,설빙 (신림점),서울시,(없음),서울특별시,관악구
8905,설빙 (신림2호점),서울시,(없음),서울특별시,관악구
8906,설빙 (부산대역점),부산시,부산대,부산광역시,금정구
8907,설빙 (부산본점),부산시,남포동,부산광역시,중구
8910,설빙 (부산서면점),부산시,서면,부산광역시,부산진구
8911,(폐업) 설빙 서면일번가점,부산시,서면,부산광역시,부산진구
8921,설빙 (부산민락점),부산시,광안리,부산광역시,수영구
8922,설빙 (부산수영점),부산시,광안리,부산광역시,수영구
8923,설빙 (부산남천점),부산시,광안리,부산광역시,수영구
8931,설빙 (경성대점),부산시,부경대,부산광역시,남구
8933,설빙 (부산서면영광도서점),부산시,서면,부산광역시,부산진구
8934,설빙 (당감점),부산시,(없음),부산광역시,부산진구
8935,설빙 (양정점),부산시,(없음),부산광역시,부산진구
8936,설빙 (부산와이즈파크직영점),부산시,남포동,부산광역시,중구
8937,설빙 (건대직영점),서울시,건대,서울특별시,광진구
8938,설빙 (건대직영2호점),서울시,건대,서울특별시,광진구
8940,설빙 (부산송도점),부산시,송도,부산광역시,서구
8941,설빙 부산괴정점,부산시,(없음),부산광역시,사하구
8942,설빙 (당리점),부산시,(없음),부산광역시,사하구
8968,킹콩부대찌개,부산시,서면,부산광역시,부산진구
8969,마틴커피로스터스,부산시,서면,부산광역시,부산진구
8970,몰레,부산시,서면,부산광역시,부산진구
8971,구워삶기 서면점,부산시,서면,부산광역시,부산진구
8972,리틀플래닛,부산시,서면,부산광역시,부산진구
8973,트윈에뚜왈,부산시,서면,부산광역시,부산진구
8993,감성가든,부산시,부경대,부산광역시,남구
8998,예쁘다공방&주얼리,부산시,부경대,부산광역시,남구
9000,쌍둥이돼지국밥,부산시,부경대,부산광역시,남구
9002,거인통닭,부산시,남포동,부산광역시,중구
9011,어피치 카페 (카카오프렌즈플래그십스토어 광복점),부산시,남포동,부산광역시,중구
9012,mk브라운,부산시,서면,부산광역시,부산진구
9013,오설록 (가로수길점),서울시,신사동,서울특별시,강남구
9014,(폐업) 모던테이블301,부산시,부경대,부산광역시,남구
9015,오설록 (강남점),서울시,강남구,서울특별시,서초구
9016,아수라발발타,부산시,감천동,부산광역시,사하구
9017,(폐업) 진주냉면 하연옥,부산시,부경대,부산광역시,남구
9018,달집,부산시,감천동,부산광역시,사하구
9035,오설록 (현대미술관점),서울시,삼청동,서울특별시,종로구
9036,오설록 (대학로점),서울시,대학로(혜화),서울특별시,종로구
9037,오설록 (동대문점),서울시,동대문구,서울특별시,중구
9038,오설록 (롯데월드점),서울시,잠실,서울특별시,송파구
9039,오설록 (삼청동점),서울시,삼청동,서울특별시,종로구
9040,오설록 (롯데수원몰점),(없음),(없음),경기도,수원시 권선구
9041,(폐업) 오설록 광복점,부산시,남포동,부산광역시,중구
9044,교촌치킨 (동대문1호점),서울시,동대문구,서울특별시,종로구
9047,교촌치킨 (대학로점),서울시,대학로(혜화),서울특별시,종로구
9049,교촌치킨 (신당1호점),서울시,신당동,서울특별시,중구
9050,교촌치킨 (신촌점),서울시,신촌,서울특별시,서대문구
9051,교촌치킨 (왕십리도선점),서울시,왕십리,서울특별시,성동구
9052,교촌치킨 (청량리역점),서울시,청량리,서울특별시,동대문구
9053,교촌치킨 (홍대점),서울시,홍대,서울특별시,마포구
9060,보다봄,부산시,감천동,부산광역시,사하구
9061,미니부산 (감천문화마을점),부산시,감천동,부산광역시,사하구
9065,아기자기 체험장,부산시,감천동,부산광역시,사하구
9066,감천문화마을초콜릿,부산시,감천동,부산광역시,사하구
9067,교촌치킨 (잠원1호점),서울시,신사동,서울특별시,서초구
9068,교촌치킨 (압구정신사점),서울시,신사동,서울특별시,강남구
9080,교촌치킨 (연남점),서울시,연남동,서울특별시,마포구
9081,교촌치킨 (연희1호점),서울시,연남동,서울특별시,서대문구
9083,교촌치킨 (망원2동점),서울시,망원동,서울특별시,마포구
9086,교촌치킨 (아현점),서울시,이대,서울특별시,마포구
9087,교촌치킨 (북아현1호점),서울시,이대,서울특별시,서대문구
9088,교촌치킨 (독립문점),서울시,경복궁,서울특별시,서대문구
9091,교촌치킨 (여의도점),서울시,여의도,서울특별시,영등포구
9106,교촌치킨 (후암점),서울시,서울역,서울특별시,용산구
9108,교촌치킨 (반포1호점),서울시,고속버스터미널,서울특별시,서초구
9109,교촌치킨 (보광점),서울시,(없음),서울특별시,용산구
9112,교촌치킨 (서초1호점),서울시,강남구,서울특별시,서초구
9113,교촌치킨 (잠실2호점),서울시,잠실,서울특별시,송파구
9124,교촌치킨 (서면점),부산시,서면,부산광역시,부산진구
9125,교촌치킨 (범천점),부산시,서면,부산광역시,부산진구
9127,교촌치킨 (대연2호점),부산시,부경대,부산광역시,남구
9128,교촌치킨 (대연1호점),부산시,부경대,부산광역시,남구
9138,[어학당] 홍익대학교 기타비용,서울시,홍대,서울특별시,마포구
9141,미드나잇인서울,서울시,신사동,서울특별시,강남구
9142,카카오프렌즈 강남플래그십 스토어,서울시,강남구,서울특별시,서초구
9145,배스킨라빈스 31 (명동1호점),서울시,명동,서울특별시,중구
9146,배스킨라빈스 31 (안국역점),서울시,경복궁,서울특별시,종로구
9147,배스킨라빈스 31 (경복궁역점),서울시,경복궁,서울특별시,종로구
9148,배스킨라빈스 31 (광화문점),서울시,광화문,서울특별시,종로구
9149,배스킨라빈스 31 (서울역점),서울시,서울역,서울특별시,중구
9150,배스킨라빈스 31 (서울역1호점),서울시,서울역,서울특별시,중구
9151,배스킨라빈스 31 (마로니에점),서울시,대학로(혜화),서울특별시,종로구
9152,배스킨라빈스 31 (대학로점),서울시,대학로(혜화),서울특별시,종로구
9153,배스킨라빈스 31 (한성대입구역점),서울시,대학로(혜화),서울특별시,성북구
9154,배스킨라빈스 31 (성신여대점),서울시,(없음),서울특별시,성북구
9155,배스킨라빈스 31 (고대안암점),서울시,(없음),서울특별시,성북구
9158,배스킨라빈스 31 (이마트청계천점),서울시,을지로,서울특별시,중구
9159,배스킨라빈스 31 (외대점),서울시,회기역,서울특별시,동대문구
9160,배스킨라빈스 31 (청량리역사점),서울시,청량리,서울특별시,동대문구
9161,배스킨라빈스 31 (경희대점),서울시,회기역,서울특별시,동대문구
9163,배스킨라빈스 31 (고속터미널역점),서울시,고속버스터미널,서울특별시,서초구
9164,배스킨라빈스 31 (강남신논현점),서울시,강남구,서울특별시,서초구
9165,배스킨라빈스 31 (강남역점),서울시,강남구,서울특별시,서초구
9193,배스킨라빈스 31 (교대역점),서울시,강남구,서울특별시,서초구
9194,배스킨라빈스 (이대역점),서울시,이대,서울특별시,서대문구
9195,배스킨라빈스 31 (신촌점),서울시,신촌,서울특별시,서대문구
9196,(폐접) 배스킨라빈스 홍대역점,서울시,홍대,서울특별시,마포구
9205,배스킨라빈스 31 (부산서면롯데점),부산시,서면,부산광역시,부산진구
9206,배스킨라빈스 부산서면일번가,부산시,서면,부산광역시,부산진구
9208,배스킨라빈스31 (부산부전점),부산시,서면,부산광역시,부산진구
9209,배스킨라빈스 31 (경성대점),부산시,부경대,부산광역시,남구
9210,배스킨라빈스 31 (부산대연점),부산시,부경대,부산광역시,남구
9221,배스킨라빈스 31 (부산광안리점),부산시,광안리,부산광역시,수영구
9223,배스킨라빈스 31 (부산역광장점),부산시,부산역,부산광역시,동구
9224,삼환소한마리,서울시,잠실,서울특별시,강남구
9228,맥도날드 (서울역점),서울시,서울역,서울특별시,중구
9229,맥도날드 (서울시청점),서울시,을지로,서울특별시,중구
9230,맥도날드 (명동점),서울시,(없음),서울특별시,중구
9231,맥도날드 명동2호점,서울시,명동,서울특별시,중구
9232,맥도날드 (관훈점),서울시,인사동,서울특별시,종로구
9233,맥도날드 (안국역점),서울시,경복궁,서울특별시,종로구
9234,맥도날드 (종로3가점),서울시,(없음),서울특별시,종로구
9241,맥도날드 (신촌점),서울시,신촌,서울특별시,서대문구
9242,맥도날드 (연세대),서울시,(없음),서울특별시,서대문구
9244,(폐업) 맥도날드 홍익대점,서울시,홍대,서울특별시,마포구
9245,맥도날드 (망원점),서울시,망원동,서울특별시,마포구
9246,맥도날드 (대학로점),서울시,대학로(혜화),서울특별시,종로구
9247,맥도날드 (성균관대점),서울시,대학로(혜화),서울특별시,종로구
9248,맥도날드 (삼선점),서울시,대학로(혜화),서울특별시,성북구
9250,맥도날드 (청량리점),서울시,청량리,서울특별시,동대문구
9251,맥도날드 (한국외대점),서울시,회기역,서울특별시,동대문구
9252,맥도날드 (경희대점),서울시,회기역,서울특별시,동대문구
9253,맥도날드 (신사역점),서울시,신사동,서울특별시,강남구
9259,맥도날드 (여의도점),서울시,여의도,서울특별시,영등포구
9277,포엠,서울시,명동,서울특별시,중구
9283,맥도날드 (이태원점),서울시,이태원,서울특별시,용산구
9287,맥도날드 (부산초량DT),부산시,부산역,부산광역시,동구
9288,맥도날드 (서면1호점),부산시,서면,부산광역시,부산진구
9289,맥도날드 (서면3호점),부산시,서면,부산광역시,부산진구
9290,맥도날드 (경성대점),부산시,부경대,부산광역시,남구
9297,맥도날드 (부산남천DT점),부산시,광안리,부산광역시,수영구
9298,익선동121,서울시,익선동,서울특별시,종로구
9303,스타벅스 파미에파크점,서울시,고속버스터미널,서울특별시,서초구
9306,(폐업) 마당,서울시,익선동,서울특별시,종로구
9314,미담헌,서울시,익선동,서울특별시,종로구
9329,스타벅스 소공동점,서울시,을지로,서울특별시,중구
9330,스타벅스 충정로역점,서울시,이대,서울특별시,서대문구
9331,스타벅스 이대점,서울시,이대,서울특별시,서대문구
9332,공릉닭한마리 신촌점,서울시,이대,서울특별시,서대문구
9333,스타벅스 홍대공항철도역점,서울시,홍대,서울특별시,마포구
9334,스타벅스 홍대역점,서울시,홍대,서울특별시,마포구
9335,스타벅스 동교삼거리점,서울시,홍대,서울특별시,서대문구
9336,스타벅스 홍대공원점,서울시,홍대,서울특별시,마포구
9337,스타벅스 홍대삼거리점,서울시,홍대,서울특별시,마포구
9338,스타벅스 서울역점,서울시,서울역,서울특별시,용산구
9339,스타벅스 숙대입구역점,서울시,서울역,서울특별시,용산구
9342,스타벅스 신촌점,서울시,신촌,서울특별시,서대문구
9343,스타벅스 신촌역점,서울시,신촌,서울특별시,서대문구
9344,스타벅스 연대점,서울시,신촌,서울특별시,서대문구
9345,스타벅스 명동길점,서울시,명동,서울특별시,중구
9346,스타벅스 명동역점,서울시,명동,서울특별시,중구
9347,스타벅스 동대문공원점,서울시,동대문구,서울특별시,중구
9349,스타벅스 강남삼성타운점,서울시,강남구,서울특별시,서초구
9367,스타벅스 신사역점,서울시,신사동,서울특별시,강남구
9368,스타벅스 대명거리점,서울시,대학로(혜화),서울특별시,종로구
9369,스타벅스 성대입구점,서울시,대학로(혜화),서울특별시,종로구
9370,스타벅스 경희대점,서울시,회기역,서울특별시,동대문구
9375,스타벅스 서면역점,부산시,서면,부산광역시,부산진구
9376,스타벅스 서면중앙점,부산시,서면,부산광역시,부산진구
9377,스타벅스 경성대점,부산시,부경대,부산광역시,남구
9378,스타벅스 부산역점,부산시,부산역,부산광역시,동구
9391,스타벅스 경복궁역점,서울시,경복궁,서울특별시,종로구
9393,잠실역 지하상가,서울시,(없음),서울특별시,송파구
9398,아트박스 명동1호점,서울시,명동,서울특별시,중구
9399,(폐업) 아트박스 명동2호점,서울시,명동,서울특별시,중구
9400,아트박스 이대점,서울시,이대,서울특별시,서대문구
9401,아트박스 신촌점,서울시,신촌,서울특별시,서대문구
9402,아트박스 홍대점,서울시,홍대,서울특별시,마포구
9403,아트박스 대학로점,서울시,대학로(혜화),서울특별시,종로구
9404,아트박스 성신여대점,서울시,(없음),서울특별시,성북구
9405,(폐업) 아트박스 두타몰점,서울시,동대문구,서울특별시,중구
9406,아트박스 왕십리역점,서울시,왕십리,서울특별시,성동구
9407,아트박스 건대점,서울시,건대,서울특별시,광진구
9408,아트박스 반디앤루니스 건대스타시티점,서울시,건대,서울특별시,광진구
9409,아트박스 가로수길점,서울시,신사동,서울특별시,강남구
9424,아트박스 부산롯데광복점,서울시,(없음),부산광역시,중구
9425,아트박스 부산광복점,서울시,(없음),부산광역시,중구
9427,아트박스 부산경성대점,서울시,(없음),부산광역시,수영구
9428,아트박스 부산서면점,부산시,서면,부산광역시,부산진구
9437,쿠우쿠우 상봉점,서울시,(없음),서울특별시,중랑구
9438,닭갈비제작소 신촌직영점,서울시,신촌,서울특별시,서대문구
9442,아이러브신당동,서울시,신당동,서울특별시,중구
9448,신당동 떡볶이 골목,서울시,신당동,서울특별시,중구
9456,호스텔 더 로컬,부산시,남포동,부산광역시,중구
9459,모닝듀게스트하우스,부산시,부산역,부산광역시,동구
9468,스킨푸드 카페 (스킨푸드 컨셉스토어가로수길점),서울시,신사동,서울특별시,강남구
9471,(폐업)이니스프리플래그십스토어,서울시,명동,서울특별시,중구
9473,(폐업) 3CE 핑크풀 카페 (스타일난다 핑크호텔 명동점),서울시,명동,서울특별시,중구
9482,아오리의행방불명 가로수길점,서울시,신사동,서울특별시,강남구
9483,쉐이크쉑버거 동대문두타점,서울시,동대문구,서울특별시,중구
9485,도깨비불고기 동대문본점,서울시,동대문구,서울특별시,중구
9488,진옥화할매원조닭한마리,서울시,동대문구,서울특별시,종로구
9499,델리커리 동대문DDP점,서울시,동대문구,서울특별시,중구
9507,이삭토스트 명동점,서울시,명동,서울특별시,중구
9509,이삭토스트 숭의여전점,서울시,(없음),서울특별시,중구
9510,이삭토스트 명동성당점,서울시,명동,서울특별시,중구
9511,이삭토스트 이화여대점,서울시,이대,서울특별시,서대문구
9513,이삭토스트 서울신촌점,서울시,신촌,서울특별시,서대문구
9514,이삭토스트 서강대점,서울시,신촌,서울특별시,마포구
9515,이삭토스트 홍대점,서울시,홍대,서울특별시,마포구
9516,이삭토스트 신당점,서울시,신당동,서울특별시,중구
9517,이삭토스트 왕십리역점,서울시,왕십리,서울특별시,성동구
9518,이삭토스트 경희대점,서울시,회기역,서울특별시,동대문구
9519,이삭토스트 건대로데오점,서울시,건대,서울특별시,광진구
9520,이삭토스트 강남점,서울시,강남구,서울특별시,서초구
9523,이삭토스트 종로6가점,서울시,동대문구,서울특별시,종로구
9524,이삭토스트 서울성균관대점,서울시,대학로(혜화),서울특별시,종로구
9541,이삭토스트 부산중앙점,부산시,부산역,부산광역시,중구
9542,이삭토스트 부산롯데서면점,부산시,서면,부산광역시,부산진구
9543,이삭토스트 부산서면점,부산시,서면,부산광역시,부산진구
9544,이삭토스트 부경대점,부산시,부경대,부산광역시,남구
9549,이삭토스트 부산감천점,부산시,감천동,부산광역시,사하구
9550,월화고기 문래점,서울시,문래,서울특별시,영등포구
9552,지발 (Jival),제주시,애월,제주특별자치도,제주시
9554,봉스파머,제주시,(없음),제주특별자치도,제주시
9559,부두식당,제주시,서귀포시,제주특별자치도,서귀포시
9560,밥깡패,제주시,협재,제주특별자치도,제주시
9583,옹달샘 합정감자탕,서울시,(없음),서울특별시,마포구
9603,패션5,서울시,이태원,서울특별시,용산구
9606,이니스프리 명동역점,서울시,명동,서울특별시,중구
9607,이니스프리 명동충무2호점,서울시,명동,서울특별시,중구
9608,(폐업) 이니스프리 명동중앙점,서울시,명동,서울특별시,중구
9609,이니스프리 명동2호점,서울시,명동,서울특별시,중구
9611,이니스프리 롯데마트서울역점,서울시,서울역,서울특별시,용산구
9612,이니스프리 이대점,서울시,이대,서울특별시,서대문구
9613,이니스프리 신촌점,서울시,신촌,서울특별시,서대문구
9614,이니스프리 신촌2호점,서울시,신촌,서울특별시,서대문구
9615,이니스프리 홍대신점,서울시,홍대,서울특별시,마포구
9616,이니스프리 홍대2호점,서울시,홍대,서울특별시,마포구
9617,이니스프리 동대문역점,서울시,동대문구,서울특별시,중구
9618,이니스프리 대학로직영점,서울시,대학로(혜화),서울특별시,종로구
9620,이니스프리 대학로점,서울시,대학로(혜화),서울특별시,종로구
9621,이니스프리 신사점,서울시,신사동,서울특별시,강남구
9622,이니스프리 가로수길직영점,서울시,신사동,서울특별시,강남구
9623,이니스프리 강남고속터미널점,서울시,고속버스터미널,서울특별시,서초구
9625,이니스프리 시청,서울시,을지로,서울특별시,중구
9626,이니스프리 연남점,서울시,연남동,서울특별시,마포구
9627,이니스프리 이대역1번출구점,서울시,이대,서울특별시,서대문구
9628,이니스프리 이태원점,서울시,이태원,서울특별시,용산구
9650,이니스프리 부산서면역점,부산시,서면,부산광역시,부산진구
9651,이니스프리 부산서면롯데점,부산시,서면,부산광역시,부산진구
9653,이니스프리 경성대2호점,부산시,부경대,부산광역시,남구
9654,이니스프리 부산대연점,부산시,(없음),부산광역시,남구
9657,이니스프리 광복점,부산시,남포동,부산광역시,중구
9658,이니스프리 부산남포점,부산시,남포동,부산광역시,중구
9659,이니스프리 남포3호점,부산시,남포동,부산광역시,중구
9660,이니스프리 남포2호점,부산시,남포동,부산광역시,중구
9671,이니스프리 충무로역점,서울시,충무로,서울특별시,중구
9675,이니스프리 건대그린점,서울시,건대,서울특별시,광진구
9676,이니스프리 자양점,서울시,건대,서울특별시,광진구
9677,이니스프리 왕십리직영점,서울시,왕십리,서울특별시,성동구
9687,도레도레 타임스퀘어점,서울시,(없음),서울특별시,영등포구
9689,다이소 명동본점,서울시,명동,서울특별시,중구
9690,다이소 명동역점,서울시,명동,서울특별시,중구
9691,다이소 이대역점,서울시,이대,서울특별시,서대문구
9692,다이소 신촌본점,서울시,신촌,서울특별시,마포구
9693,다이소 홍대점,서울시,홍대,서울특별시,마포구
9696,다이소 롯데마트서울역점,서울시,서울역,서울특별시,중구
9697,다이소 신사점,서울시,신사동,서울특별시,서초구
9698,다이소 강남고속버스터미널점,서울시,고속버스터미널,서울특별시,서초구
9702,다이소 왕십리점,서울시,왕십리,서울특별시,성동구
9704,다이소 경복궁역점,서울시,경복궁,서울특별시,종로구
9705,다이소 혜화점,서울시,대학로(혜화),서울특별시,종로구
9706,다이소 신촌명물거리점,서울시,신촌,서울특별시,서대문구
9707,다이소 건대입구점,서울시,건대,서울특별시,광진구
9708,다이소 롯데마트청량리점,서울시,청량리,서울특별시,동대문구
9709,다이소 회기역점,서울시,회기역,서울특별시,동대문구
9711,다이소 부산초량점,부산시,부산역,부산광역시,동구
9712,다이소 부산국제시장점,부산시,남포동,부산광역시,중구
9713,(폐업) 다이소부산남포2호점,부산시,남포동,부산광역시,중구
9714,다이소 부산광복점,부산시,남포동,부산광역시,중구
9715,다이소 부산서면점,부산시,서면,부산광역시,부산진구
9716,다이소 광안점,부산시,광안리,부산광역시,수영구
9717,다이소 부산감천점,부산시,감천동,부산광역시,사하구
9719,다이소 경성대역점,부산시,부경대,부산광역시,남구
9720,설빙 신제주직영점,제주시,(없음),제주특별자치도,제주시
9721,설빙 제주시청점,제주시,(없음),제주특별자치도,제주시
9722,설빙 서귀포서귀점,제주시,서귀포시,제주특별자치도,서귀포시
9724,네네치킨남대문점,서울시,남대문,서울특별시,중구
9725,네네치킨 숙대점,서울시,서울역,서울특별시,용산구
9726,네네치킨 광화문점,서울시,광화문,서울특별시,종로구
9727,네네치킨 을지로점,서울시,을지로,서울특별시,중구
9728,네네치킨 혜화점,서울시,대학로(혜화),서울특별시,종로구
9729,네네치킨 신당2점,서울시,신당동,서울특별시,중구
9730,네네치킨 반포1점,서울시,고속버스터미널,서울특별시,서초구
9731,네네치킨 잠실본점,서울시,잠실,서울특별시,송파구
9732,네네치킨 연대점,서울시,신촌,서울특별시,서대문구
9733,네네치킨 이대역점,서울시,이대,서울특별시,서대문구
9734,네네치킨 여의도점,서울시,여의도,서울특별시,영등포구
9736,네네치킨 홍대역점,서울시,홍대,서울특별시,마포구
9737,네네치킨 회기점,서울시,회기역,서울특별시,동대문구
9741,네네치킨 광안1점,부산시,광안리,부산광역시,수영구
9742,네네치킨 어린이대공원점,서울시,건대,서울특별시,광진구
9744,네네치킨 신사점,서울시,신사동,서울특별시,강남구
9746,네네치킨 중부산점,부산시,남포동,부산광역시,중구
9747,네네치킨 성수점,서울시,성수동,서울특별시,성동구
9748,네네치킨 노량진점,서울시,노량진,서울특별시,동작구
9753,네네치킨 여의도2호점,서울시,여의도,서울특별시,영등포구
9754,네네치킨 독립문점,서울시,경복궁,서울특별시,서대문구
9756,네네치킨 대연점,부산시,부경대,부산광역시,남구
9757,올리브영 이대점,서울시,이대,서울특별시,서대문구
9758,올리브영 이대중앙점,서울시,이대,서울특별시,서대문구
9759,올리브영 연대점,서울시,신촌,서울특별시,서대문구
9760,올리브영 신촌역점,서울시,신촌,서울특별시,서대문구
9761,올리브영 홍대입구역점,서울시,홍대,서울특별시,마포구
9762,올리브영 홍대점,서울시,홍대,서울특별시,마포구
9763,올리브영 명동역점,서울시,명동,서울특별시,중구
9764,올리브영 명동본점,서울시,명동,서울특별시,중구
9767,올리브영 동대문역점,서울시,"동대문구,명동",서울특별시,종로구
9768,올리브영 동대문역사문화공원역점,서울시,동대문구,서울특별시,중구
9769,올리브영 충무로역점,서울시,충무로,서울특별시,중구
9770,올리브영 신사점,서울시,신사동,서울특별시,강남구
9772,올리브영 가로수길점,서울시,신사동,서울특별시,강남구
9773,올리브영 가로수길중앙점,서울시,신사동,서울특별시,강남구
9775,올리브영 강남역사거리점,서울시,강남구,서울특별시,서초구
9776,올리브영 혜화역점,서울시,대학로(혜화),서울특별시,종로구
9777,올리브영 대학로중앙점,서울시,대학로(혜화),서울특별시,종로구
9780,올리브영 이태원중앙점,서울시,이태원,서울특별시,용산구
9781,올리브영 잠실점,서울시,잠실,서울특별시,송파구
9784,올리브영 부산역사점,부산시,부산역,부산광역시,동구
9785,올리브영 롯데광복점,부산시,남포동,부산광역시,중구
9786,올리브영 남포2호점,부산시,남포동,부산광역시,중구
9787,올리브영 서면역사점,부산시,서면,부산광역시,부산진구
9788,올리브영 서면중앙점,부산시,서면,부산광역시,부산진구
9791,올리브영 광안비치점,부산시,광안리,부산광역시,수영구
9792,올리브영 부산광안역점,부산시,광안리,부산광역시,수영구
9793,올리브영 경성대부경대점,부산시,부경대,부산광역시,남구
9796,올리브영 강남본점,서울시,강남구,서울특별시,서초구
9797,빈스빈스 명동점,서울시,명동,서울특별시,중구
9799,강남면옥 명동점,서울시,명동,서울특별시,중구
9803,피자랑,서울시,신촌,서울특별시,마포구
9804,청진동해장국 신촌점,서울시,신촌,서울특별시,마포구
9806,타르타르 강남역점,서울시,(없음),서울특별시,서초구
9807,롯데마트 잠실점,서울시,잠실,서울특별시,송파구
9808,엉터리생고기 명동점,서울시,명동,서울특별시,중구
9809,엉터리생고기 홍대점,서울시,홍대,서울특별시,마포구
9810,엉터리생고기 경희대점,서울시,회기역,서울특별시,동대문구
9811,엉터리생고기 성신여대점,서울시,(없음),서울특별시,성북구
9812,엉터리생고기 건대역점,서울시,건대,서울특별시,광진구
9813,엉터리생고기 신사역점,서울시,신사동,서울특별시,강남구
9815,엉터리생고기 동여의도점,서울시,여의도,서울특별시,영등포구
9816,엉터리생고기 노량진점,서울시,노량진,서울특별시,동작구
9818,(제휴종료)엉터리생고기 서면점,부산시,서면,부산광역시,부산진구
9821,엉터리생고기 경성대점,부산시,부경대,부산광역시,남구
9824,엉터리생고기 성수점,서울시,성수동,서울특별시,성동구
9828,황칠가 안국점,서울시,경복궁,서울특별시,종로구
9829,GS25 이대역점,서울시,이대,서울특별시,서대문구
9830,GS25 신촌파크점,서울시,신촌,서울특별시,서대문구
9831,GS25 신촌이화점,서울시,신촌,서울특별시,서대문구
9832,GS25 팰리스점,서울시,홍대,서울특별시,마포구
9833,GS25 홍대아트점,서울시,홍대,서울특별시,마포구
9834,GS25 덕수점,서울시,을지로,서울특별시,중구
9835,GS25 남산제일점,서울시,"남산,명동",서울특별시,중구
9836,GS25 사보이호텔점,서울시,충무로,서울특별시,중구
9837,GS25 명동이비스점,서울시,명동,서울특별시,중구
9838,GS25 DDP점,서울시,동대문구,서울특별시,중구
9839,GS25 신사역점,서울시,신사동,서울특별시,강남구
9840,GS25 신사센터점,서울시,신사동,서울특별시,강남구
9842,GS25 S고속터미널역점,서울시,고속버스터미널,서울특별시,서초구
9846,GS25 서울역점,서울시,서울역,서울특별시,용산구
9847,GS25 왕십리도선점,서울시,왕십리,서울특별시,성동구
9848,GS25 경희점,서울시,회기역,서울특별시,동대문구
9849,GS25 여의도역점,서울시,여의도,서울특별시,영등포구
9851,GS25 서면중앙대로점,부산시,서면,부산광역시,부산진구
9852,GS25서면센타점,부산시,(없음),부산광역시,부산진구
9854,GS25 광안역점,부산시,광안리,부산광역시,수영구
9855,GS25남포역점,부산시,남포동,부산광역시,중구
9857,GS25 자갈치역점,부산시,남포동,부산광역시,중구
9858,GS25 부산광장점,부산시,부산역,부산광역시,동구
9859,도령아씨한복,서울시,경복궁,서울특별시,종로구
9863,마우스래빗,서울시,건대,서울특별시,광진구
9865,은혜즉석떡볶이,서울시,건대,서울특별시,광진구
9866,도레도레 커먼그라운드점,서울시,(없음),서울특별시,광진구
9873,교보문고 광화문점,서울시,광화문,서울특별시,종로구
9874,교보문고 강남점,서울시,강남구,서울특별시,서초구
9877,영풍문고 홍대점,서울시,홍대,서울특별시,마포구
9879,(제휴종료)서울리즘,서울시,잠실,서울특별시,송파구
9885,컴바이 왕십리점,서울시,왕십리,서울특별시,성동구
9886,호탕마라탕,서울시,신촌,서울특별시,서대문구
9889,오렌즈 홍대입구역점,서울시,홍대,서울특별시,마포구
9890,오렌즈 신촌점,서울시,신촌,서울특별시,서대문구
9891,오렌즈 신촌명물점,서울시,신촌,서울특별시,서대문구
9892,오렌즈 이대점,서울시,이대,서울특별시,서대문구
9893,오렌즈 이대중앙점,서울시,이대,서울특별시,서대문구
9894,오렌즈 명동점,서울시,명동,서울특별시,중구
9896,오렌즈 명동중앙점,서울시,명동,서울특별시,중구
9897,오렌즈밀리오레점,서울시,동대문구,서울특별시,중구
9898,오렌즈 경희대점,서울시,회기역,서울특별시,동대문구
9899,오렌즈 가로수길점,서울시,신사동,서울특별시,강남구
9901,오렌즈 강남점,서울시,강남구,서울특별시,서초구
9902,오렌즈 강남엔터식스점,서울시,고속버스터미널,서울특별시,서초구
9905,오렌즈 여의도IFC몰점,서울시,여의도,서울특별시,영등포구
9906,오렌즈 숙대점,서울시,서울역,서울특별시,용산구
9908,오렌즈 광화문점,서울시,광화문,서울특별시,종로구
9909,오렌즈 남포점,부산시,남포동,부산광역시,중구
9910,오렌즈 비프광장로점,부산시,남포동,부산광역시,중구
9912,오렌즈 경성대점,부산시,부경대,부산광역시,남구
9913,오렌즈 서면중앙점,부산시,서면,부산광역시,부산진구
9918,레인드롭,서울시,(없음),서울특별시,성북구
9920,블럭버거,서울시,홍대,서울특별시,마포구
9921,Play ONE PIECE,서울시,홍대,서울특별시,마포구
9925,롯데마트 서울역점,서울시,서울역,서울특별시,중구
9927,롯데마트 강변점,서울시,건대,서울특별시,광진구
9928,롯데마트 김포공항점,서울시,(없음),서울특별시,강서구
9929,커피한약방,서울시,을지로,서울특별시,중구
9931,롯데마트 월드타워점,서울시,잠실,서울특별시,송파구
9935,롯데마트 서초점,서울시,강남구,서울특별시,서초구
9936,롯데마트 광복점,부산시,남포동,부산광역시,중구
9939,롯데마트부산점,부산시,부산역,부산광역시,부산진구
9942,롯데마트 동부산점,부산시,(없음),부산광역시,기장군
9943,롯데마트 사하점,부산시,서면,부산광역시,사하구
9946,이마트 여의도점,서울시,여의도,서울특별시,영등포구
9947,이마트 왕십리점,서울시,왕십리,서울특별시,성동구
9948,이마트 이문점,서울시,회기역,서울특별시,동대문구
9949,이마트 자양점,서울시,건대,서울특별시,광진구
9951,이마트 청계천점,서울시,신당동,서울특별시,중구
9955,이마트 문현점,부산시,서면,부산광역시,남구
9959,미스터서왕만두,서울시,이대,서울특별시,서대문구
9966,홈플러스 잠실점,서울시,잠실,서울특별시,송파구
9967,홈플러스 신도림점,서울시,영등포구,서울특별시,구로구
9968,홈플러스 서면점,부산시,서면,부산광역시,부산진구
9969,홈플러스 장림점,부산시,서면,부산광역시,사하구
9971,홈플러스 상봉점,서울시,(없음),서울특별시,중랑구
9975,배드파머스,서울시,신사동,서울특별시,강남구
9977,연남서식당,서울시,신촌,서울특별시,마포구
9978,바른치킨 전농점,서울시,청량리,서울특별시,동대문구
9979,세상의모든아침,서울시,여의도,서울특별시,영등포구
9982,(폐업) 육첩반상 을지로 파인에비뉴점,서울시,을지로,서울특별시,중구
9984,옐로우카페,서울시,동대문구,서울특별시,중구
9987,수정옥돌생소금구이 돼지저금통,서울시,홍대,서울특별시,마포구
10001,소오라멘,서울시,이대,서울특별시,서대문구
10003,삼청동 궁물떡복이 이대점,서울시,이대,서울특별시,서대문구
10004,일멜리오아뻬띠또,서울시,이대,서울특별시,서대문구
10005,혼가츠,서울시,홍대,서울특별시,마포구
10006,화가와요리사,서울시,이대,서울특별시,서대문구
10007,홍대마늘떡볶이,서울시,홍대,서울특별시,마포구
10158,멜팅폼,서울시,회기역,서울특별시,동대문구
10160,코코무드,서울시,연남동,서울특별시,마포구
10163,자판기,서울시,망원동,서울특별시,마포구
10165,디파이브,서울시,홍대,서울특별시,마포구
10173,족발귀신 (광주 오치점),(없음),(없음),광주광역시,북구
10174,족발귀신  제천직영점,(없음),(없음),충청북도,제천시
10175,미쓰족발 홍대본점,서울시,홍대,서울특별시,마포구
10178,(제휴종료)미쓰족발 명동점,서울시,명동,서울특별시,중구
10181,미쓰족발 건대입구역점,서울시,건대,서울특별시,광진구
10182,미쓰족발 부산시청점,부산시,시청,부산광역시,연제구
10183,(폐업) 미쓰족발 서면점,부산시,서면,부산광역시,부산진구
10191,(폐업) 바르다김선생 신세계백화점 본점 신관점,서울시,명동,서울특별시,중구
10193,바르다김선생 서소문점,서울시,서울역,서울특별시,중구
10196,바르다김선생 한성대입구역점,서울시,대학로(혜화),서울특별시,성북구
10198,바르다김선생 여의도KBS별관점,서울시,여의도,서울특별시,영등포구
10199,바르다김선생 롯데마트서울역점,서울시,서울역,서울특별시,중구
10200,바르다김선생 고투몰점,서울시,강남구,서울특별시,서초구
10202,바르다김선생 석촌호수점,서울시,잠실,서울특별시,송파구
10203,바르다김선생 광화문점,서울시,광화문,서울특별시,종로구
10205,바르다김선생 부산남포점,부산시,남포동,부산광역시,중구
10206,(폐업) 바르다김선생 부산서면롯데점,부산시,서면,부산광역시,부산진구
10209,인사동그집,서울시,인사동,서울특별시,종로구
10210,카페트루어스,서울시,인사동,서울특별시,종로구
10211,비밀정원,서울시,인사동,서울특별시,종로구
10212,47번가 찻집,서울시,인사동,서울특별시,종로구
10242,(폐업) 신선설농탕 신촌점,서울시,신촌,서울특별시,서대문구
10288,신선설농탕 홍대점,서울시,홍대,서울특별시,마포구
10290,신선설농탕 서울대역점,서울시,서울역,서울특별시,관악구
10291,신선설농탕 서초점,서울시,강남구,서울특별시,서초구
10292,신선설농탕 목동점,서울시,(없음),서울특별시,양천구
10297,신선설농탕 이태원본점,서울시,이태원,서울특별시,용산구
10298,신선설농탕 인사동점,서울시,건대,서울특별시,종로구
10299,(폐업) 신선설농탕 명동점,서울시,명동,서울특별시,중구
10329,빔밤카페,서울시,홍대,서울특별시,마포구
10344,서촌양과자점 레,서울시,"경복궁,서촌",서울특별시,종로구
10347,(폐업) 구워삶기 남포점,부산시,남포동,부산광역시,중구
10355,일품향 환전소,서울시,명동,서울특별시,중구
10356,최가커피,서울시,건대,서울특별시,광진구
10367,대사관환전소,서울시,명동,서울특별시,중구
10369,여행디포트,서울시,홍대,서울특별시,마포구
10372,부산환전소,부산시,남포동,부산광역시,중구
10374,우리환전소,부산시,남포동,부산광역시,중구
10375,봉추찜닭 명동중앙우체국점,서울시,명동,서울특별시,중구
10382,봉추찜닭 을지로점 (서울특별시 을지로),서울시,을지로,서울특별시,중구
10386,봉추찜닭 합정교보문고점(서울시 합정동),서울시,(없음),서울특별시,마포구
10387,봉추찜닭 서울스퀘어점,서울시,서울역,서울특별시,중구
10388,봉추찜닭 수서역점,서울시,(없음),서울특별시,강남구
10389,봉추찜닭 마포 공덕점,서울시,공덕,서울특별시,마포구
10392,봉추찜닭 건대스타시티점,서울시,건대,서울특별시,광진구
10393,봉추찜닭 김포롯데몰점,서울시,(없음),서울특별시,강서구
10394,봉추찜닭 중앙대점,서울시,노량진,서울특별시,동작구
10395,봉추찜닭 롯데월드몰점,서울시,잠실,서울특별시,송파구
10396,(폐업) 충무깁밥,서울시,명동,서울특별시,중구
10399,봉추찜닭 노량진점,서울시,노량진,서울특별시,동작구
10400,봉추찜닭 교대역점,서울시,강남구,서울특별시,서초구
10401,봉추찜닭 광화문점,서울시,광화문,서울특별시,종로구
10403,봉추찜닭  가로수길점,서울시,신사동,서울특별시,강남구
10404,봉추찜닭 고대점,서울시,(없음),서울특별시,성북구
10405,봉추찜닭 동대문 굿모닝시티점,서울시,동대문구,서울특별시,중구
10406,봉추찜닭 대학로점,서울시,대학로(혜화),서울특별시,종로구
10408,봉추찜닭 서울대입구역점,서울시,(없음),서울특별시,관악구
10409,봉추찜닭 신촌점,서울시,신촌,서울특별시,서대문구
10410,봉추찜닭 여의도공원점,서울시,여의도,서울특별시,영등포구
10411,봉추찜닭 여의도점,서울시,여의도,서울특별시,영등포구
10412,봉추찜닭 이대점,서울시,이대,서울특별시,서대문구
10413,봉추찜닭 홍대3호점,서울시,홍대,서울특별시,마포구
10414,(폐업) 봉추찜닭 홍대1호점,서울시,홍대,서울특별시,마포구
10415,봉추찜닭 부산서면점,부산시,서면,부산광역시,부산진구
10416,봉추찜닭 부산대역점,부산시,부산대,부산광역시,금정구
10418,봉추찜닭 제주점,제주시,(없음),제주특별자치도,제주시
10451,동원집,서울시,을지로,서울특별시,중구
10456,카페 잔,서울시,을지로,서울특별시,중구
10458,(폐업) 쎄투,서울시,을지로,서울특별시,중구
10459,헤븐온탑 DDP점,서울시,동대문구,서울특별시,중구
10471,카페 88st,서울시,삼청동,서울특별시,종로구
10478,에이블,서울시,신사동,서울특별시,강남구
10483,89맨션,서울시,신사동,서울특별시,강남구
10488,토끼정 롯데몰김포공항점,서울시,(없음),서울특별시,강서구
10490,토끼정 롯데본점(델리),서울시,명동,서울특별시,중구
10492,토끼정 건대스타시티 OTD점(델리),서울시,건대,서울특별시,광진구
10493,토끼정 롯데서면점(부산본점),서울시,(없음),부산광역시,부산진구
10495,토끼정 부산대점,부산시,부산대,부산광역시,금정구
10500,토끼정 KTX서울역사점,서울시,서울역,서울특별시,중구
10502,토끼정 홍대점,서울시,홍대,서울특별시,마포구
10506,DORÉ DORÉ 김포 롯데몰점,서울시,(없음),서울특별시,강서구
10509,DORÉ DORÉ 잠실 제2롯데월드점,서울시,잠실,서울특별시,송파구
10511,DORÉ DORÉ 서울역점,서울시,서울역,서울특별시,용산구
10517,DORÉ DORÉ 건대스타시티점,서울시,건대,서울특별시,광진구
10520,마켓리버티 신사점,서울시,신사동,서울특별시,강남구
10530,피코반커피,부산시,남포동,부산광역시,중구
10531,백화양곱창,부산시,남포동,부산광역시,중구
10532,채도,부산시,남포동,부산광역시,중구
10548,비스트로 오큐파이,서울시,망원동,서울특별시,마포구
10552,에일당,서울시,익선동,서울특별시,종로구
10561,정돈,서울시,대학로(혜화),서울특별시,종로구
10563,망원동 티라미수 익선동점,서울시,인사동,서울특별시,종로구
10565,망원동 티라미수 망원점,서울시,망원동,서울특별시,마포구
10567,망원동 티라미수 연남점,서울시,"명동,홍대",서울특별시,마포구
10599,유니크디저트,서울시,홍대,서울특별시,마포구
10622,네일박스,서울시,홍대,서울특별시,마포구
10625,촉촉네일,서울시,동대문구,서울특별시,중구
10626,살롱 드 레이나,서울시,경복궁,서울특별시,종로구
10632,스무디킹 삼청동점,서울시,삼청동,서울특별시,종로구
10634,스무디킹 이대ECC점,서울시,이대,서울특별시,서대문구
10636,스무디킹 교보문고합정점,서울시,(없음),서울특별시,마포구
10638,스무디킹 신촌점,서울시,신촌,서울특별시,서대문구
10643,스무디킹 강남터미널점,서울시,강남구,서울특별시,서초구
10645,스무디킹 롯데월드몰점,서울시,잠실,서울특별시,송파구
10647,스무디킹 을지로입구역점,서울시,을지로,서울특별시,중구
10649,스무디킹 동대문두타점,서울시,동대문구,서울특별시,중구
10653,스무디킹 서울역사점,서울시,강남구,서울특별시,용산구
10657,스무디킹 청량리역사점,서울시,청량리,서울특별시,동대문구
10659,스무디킹 김해공항점,부산시,(없음),부산광역시,강서구
10661,스무디킹 부산서면NC점,부산시,서면,부산광역시,부산진구
10665,스무디킹 부산역사점,부산시,부산역,부산광역시,동구
10670,스무디킹 제주공항점,제주시,(없음),제주특별자치도,제주시
10687,(폐업) 토모톰스,서울시,명동,서울특별시,중구
10689,난닝구,서울시,명동,서울특별시,중구
10690,임블리,서울시,명동,서울특별시,중구
10693,츄,서울시,명동,서울특별시,중구
10695,로미스토리,서울시,명동,서울특별시,중구
10700,익동정육점,서울시,익선동,서울특별시,종로구
10701,라렌느,서울시,익선동,서울특별시,종로구
10709,서울커피 익선점,서울시,익선동,서울특별시,종로구
10720,지유가오카핫초메 삼청점,서울시,삼청동,서울특별시,종로구
10735,새마을식당 마곡나루역점,서울시,(없음),서울특별시,강서구
10737,새마을식당 서초교대점,서울시,(없음),서울특별시,서초구
10739,새마을식당 홍대서교점,서울시,홍대,서울특별시,마포구
10740,새마을식당 수유역점,서울시,(없음),서울특별시,강북구
10743,새마을식당 창동역점,서울시,(없음),서울특별시,도봉구
10744,새마을식당 충무로점,서울시,충무로,서울특별시,중구
10745,새마을식당 잠실신천점,서울시,잠실,서울특별시,송파구
10746,새마을식당 장한평역점,서울시,(없음),서울특별시,동대문구
10750,(폐업) 새마을식당 명동2호점,서울시,(없음),서울특별시,중구
10752,새마을식당 신사역점,서울시,신사동,서울특별시,강남구
10755,새마을식당 신림역점,서울시,서울역,서울특별시,관악구
10756,새마을식당 서울대점,서울시,(없음),서울특별시,관악구
10757,새마을식당 노량진점,서울시,노량진,서울특별시,동작구
10759,새마을식당 신촌점,서울시,신촌,서울특별시,서대문구
10760,새마을식당 신사역2호점,서울시,신사동,서울특별시,서초구
10761,새마을식당 남부터미널점,서울시,고속버스터미널,서울특별시,서초구
10762,새마을식당 왕십리역점,서울시,왕십리,서울특별시,성동구
10763,새마을식당 성신여대점,서울시,(없음),서울특별시,성북구
10764,새마을식당 여의도역점,서울시,여의도,서울특별시,영등포구
10767,새마을식당 약수역점,서울시,충무로,서울특별시,중구
10768,새마을식당 동대문점,서울시,동대문구,서울특별시,중구
10770,새마을식당 무교점,서울시,을지로,서울특별시,중구
10804,새마을식당 경성대점,부산시,부경대,부산광역시,남구
10807,새마을식당 동대구역점,대구시,(없음),대구광역시,동구
10848,슈펜 가로수길,서울시,신사동,서울특별시,강남구
10850,슈펜 강남NC점,서울시,강남구,서울특별시,서초구
10851,슈펜 건대 스타시티점,서울시,건대,서울특별시,광진구
10852,슈펜 롯데몰 김포공항점,서울시,(없음),서울특별시,강서구
10853,슈펜 신촌점,서울시,신촌,서울특별시,마포구
10865,(삭제) 슈펜 홍대점,서울시,홍대,서울특별시,마포구
10867,슈펜 부산 광복점,부산시,남포동,부산광역시,중구
10868,슈펜 부산대점,부산시,부산대,부산광역시,금정구
10869,슈펜 서면점,부산시,(없음),부산광역시,부산진구
10889,하남돼지집 신사 가로수점,서울시,신사동,서울특별시,강남구
10895,하남돼지집 수유점,서울시,(없음),서울특별시,강북구
10896,하남돼지집 서울대입구역점,서울시,서울역,서울특별시,관악구
10897,하남돼지집 신설동역점,서울시,동묘,서울특별시,동대문구
10898,하남돼지집 홍대입구역점,서울시,홍대,서울특별시,마포구
10901,하남돼지집 서대문역점,서울시,광화문,서울특별시,서대문구
10902,하남돼지집 강남역 1호점,서울시,강남구,서울특별시,서초구
10903,하남돼지집 반포점,서울시,강남구,서울특별시,서초구
10904,하남돼지집 교대점,서울시,강남구,서울특별시,서초구
10905,하남돼지집 왕십리역점,서울시,왕십리,서울특별시,성동구
10906,하남돼지집 성신여대점,서울시,(없음),서울특별시,성북구
10907,하남돼지집 신천1호점,서울시,잠실,서울특별시,송파구
10908,하남돼지집 석촌호수점,서울시,잠실,서울특별시,송파구
10909,하남돼지집 서여의도점,서울시,여의도,서울특별시,영등포구
10910,하남돼지집 여의도점,서울시,(없음),서울특별시,영등포구
10913,하남돼지집 명동1호점,서울시,명동,서울특별시,중구
10914,하남돼지집 시청역점,서울시,을지로,서울특별시,중구
10917,하남돼지집 대전 둔산타임월드점,(없음),(없음),대전광역시,서구
10918,하남돼지집 대전 둔산점,(없음),(없음),대전광역시,서구
10919,하남돼지집 부산 서면점,부산시,서면,부산광역시,부산진구
10920,하남돼지집 부산서면롯데점,부산시,서면,부산광역시,부산진구
10924,하남돼지집 경성대·부경대점,부산시,부경대,부산광역시,남구
10925,움직이는사진상점,부산시,감천동,부산광역시,사하구
10926,포크스튜디오,서울시,이대,서울특별시,서대문구
10927,오늘하루한복,서울시,경복궁,서울특별시,종로구
10928,인코리아한복,서울시,경복궁,서울특별시,종로구
10929,아라리오브네 연남점,서울시,연남동,서울특별시,마포구
10932,Komaya Ryokan,(없음),(없음),도출불가,도출불가
10937,(구)한복남 경복궁점,서울시,경복궁,서울특별시,종로구
10940,이화교복,서울시,잠실,서울특별시,송파구
10941,"인사동케이아트센터 (인사동, 나만의 도장만들기)",서울시,인사동,서울특별시,종로구
10942,빈 브라더스 합정,서울시,(없음),서울특별시,마포구
10943,동대문 포장마차,서울시,(없음),서울특별시,종로구
10944,왕십리원조곱창,서울시,동대문구,서울특별시,중구
10945,마약포장마차,서울시,동대문구,서울특별시,중구
10946,바람난수제비,서울시,"신당동,을지로",서울특별시,중구
10947,쿠오레에스프레소,서울시,강남구,서울특별시,서초구
10948,카페히릿,서울시,건대,서울특별시,광진구
10951,소문난성수감자탕,서울시,성수동,서울특별시,성동구
10952,자그마치,서울시,성수동,서울특별시,성동구
10953,황소곱창 건대본점,서울시,건대,서울특별시,광진구
10954,신촌황소곱창 신촌점,서울시,신촌,서울특별시,서대문구
10956,키쉬미뇽,서울시,홍대,서울특별시,마포구
10957,호미 카페,(없음),(없음),전라남도,장성군
10958,어반소스,서울시,성수동,서울특별시,성동구
10959,어니언 성수본점,서울시,성수동,서울특별시,성동구
10960,NEO CAFE,(없음),(없음),도출불가,도출불가
10961,good cho’s,(없음),(없음),도출불가,도출불가
10962,HAOXIU KAFFE,(없음),(없음),도출불가,도출불가
10963,mooya cafe,(없음),(없음),도출불가,도출불가
10964,2 J CAFE,(없음),(없음),도출불가,도출불가
10965,Balcony Cafe ,(없음),(없음),도출불가,도출불가
10966,광일카페 ,(없음),(없음),도출불가,도출불가
10967,HOMEY' S CAFE,(없음),(없음),도출불가,도출불가
10968,11 cafe,(없음),(없음),도출불가,도출불가
10969,petit doux cafe,(없음),(없음),도출불가,도출불가
10970,글로우,서울시,성수동,서울특별시,성동구
10971,바베양장,서울시,성수동,서울특별시,성동구
10972,임병주 산동 칼국수,서울시,강남구,서울특별시,서초구
10974,레이어드,서울시,(없음),서울특별시,종로구
10975,(제휴종료)반짝반짝빛나는,서울시,인사동,서울특별시,종로구
10976,삼청동쿠크,서울시,삼청동,서울특별시,종로구
10978,프릳츠 원서점,서울시,인사동,서울특별시,종로구
10979,창화당 익선동점,서울시,익선동,서울특별시,종로구
10980,티오티비,서울시,회기역,서울특별시,동대문구
10982,SKY 31 푸드애비뉴,서울시,잠실,서울특별시,송파구
10985,한복소녀 한복대여+메이크업,서울시,경복궁,서울특별시,종로구
10987,연남고깃집,서울시,연남동,서울특별시,마포구
10988,와플잇업,서울시,이대,서울특별시,서대문구
10989,카페문,서울시,이대,서울특별시,서대문구
10990,티앙팡 오후의 홍차,서울시,이대,서울특별시,서대문구
10991,신림 북촌서서갈비,서울시,서울역,서울특별시,관악구
10995,해와달한복 한복대여&메이크업,서울시,경복궁,서울특별시,종로구
10997,알촌 한양대본점,서울시,왕십리,서울특별시,성동구
10998,은하수슈퍼,서울시,왕십리,서울특별시,성동구
10999,로프트8 홍대 호스텔 (Loft8 Hongdae Hostel) [출처] 로프트8 홍대 호스텔 ,서울시,홍대,서울특별시,마포구
11000,정직한남자의육판,서울시,신촌,서울특별시,서대문구
11001,에슐리 신촌점,서울시,신촌,서울특별시,서대문구
11002,닭갈비제작소,서울시,신촌,서울특별시,서대문구
11004,Goto Mall,서울시,강남구,서울특별시,서초구
11006,예스한복,서울시,경복궁,서울특별시,종로구
11008,1988고기불패 홍대본점,서울시,홍대,서울특별시,마포구
11009,고공 ,서울시,성수동,서울특별시,성동구
11011,한남동 한방통닭,서울시,이태원,서울특별시,용산구
11018,시공간,서울시,홍대,서울특별시,마포구
11019,도토리군버섯양,서울시,회기역,서울특별시,동대문구
11022,괴물치즈 떡볶이,서울시,홍대,서울특별시,마포구
11023,돈수백 홍대직영점,서울시,홍대,서울특별시,마포구
11024,경춘자의 라면 땡기는 날,서울시,삼청동,서울특별시,종로구
11026,호수삼계탕,서울시,(없음),서울특별시,영등포구
11027,서울서둘째로잘하는집,서울시,삼청동,서울특별시,종로구
11028,삼청동 수제비,서울시,삼청동,서울특별시,종로구
11029,이문설렁탕,서울시,인사동,서울특별시,종로구
11030,공화춘,인천시,차이나타운,인천광역시,중구
11032,Cafe 연남동 223-14,서울시,연남동,서울특별시,마포구
11033,연남온도,서울시,연남동,서울특별시,마포구
11034,테일러커피 연남 1호점,서울시,연남동,서울특별시,마포구
11035,익선의상실,서울시,익선동,서울특별시,종로구
11039,은주정,서울시,종로구,서울특별시,중구
11040,진격대포 신논현점,서울시,강남구,서울특별시,서초구
11041,청어람,서울시,망원동,서울특별시,마포구
11042,감촌순두부,서울시,광화문,서울특별시,종로구
11044,숙이네조개전골,서울시,영등포구,서울특별시,구로구
11046,산더미 불고기,서울시,홍대,서울특별시,마포구
11051,동대 닭한마리 등나무집,서울시,충무로,서울특별시,중구
11052,순남시래기 명동점,서울시,명동,서울특별시,중구
11053,연안식당 충무로점,서울시,충무로,서울특별시,중구
11054,진땡이 순대국,서울시,충무로,서울특별시,중구
11056,신사소곱창 건대점,서울시,건대,서울특별시,광진구
11059,명랑쌀핫도그 남포2호점,부산시,남포동,부산광역시,중구
11060,와플칸 본점,부산시,남포동,부산광역시,중구
11061,아비꼬 부산남포점,부산시,남포동,부산광역시,중구
11062,레드비프,부산시,남포동,부산광역시,중구
11063,꾸지뽕 삼계탕,부산시,남포동,부산광역시,중구
11064,이재모피자,부산시,남포동,부산광역시,중구
11065,서울순두부,부산시,남포동,부산광역시,중구
11066,맛송송면집,부산시,남포동,부산광역시,중구
11067,구땡식당,부산시,남포동,부산광역시,중구
11068,모모치카페,부산시,서면,부산광역시,부산진구
11069,카페꾸오이아노,부산시,서면,부산광역시,부산진구
11070,카페 무궁화,부산시,서면,부산광역시,부산진구
11071,비포선셋,부산시,서면,부산광역시,부산진구
11072,베이커스,부산시,서면,부산광역시,부산진구
11073,버거샵,부산시,서면,부산광역시,부산진구
11074,내장산,(없음),(없음),전라북도,정읍시
11075,카페 비미,(없음),(없음),전라남도,여수시
11076,카페듀,(없음),(없음),전라남도,여수시
11077,비스토니커피,(없음),(없음),전라남도,여수시
11078,여수당,(없음),(없음),전라남도,여수시
11079,좌수영바게트버거,(없음),(없음),전라남도,여수시
11080,여수 수산시장,(없음),(없음),전라남도,여수시
11081,장미칼국수,(없음),(없음),전라북도,군산시
11082,진갈비,(없음),(없음),전라북도,군산시
11083,위크앤드 라운지,인천시,차이나타운,인천광역시,중구
11084,관동오리진,인천시,차이나타운,인천광역시,중구
11085,동화마을카페오즈,인천시,차이나타운,인천광역시,중구
11086,C27 인천차이나타운점,인천시,차이나타운,인천광역시,중구
11087,모나미카레(인천점),인천시,차이나타운,인천광역시,중구
11089,홍두병,인천시,차이나타운,인천광역시,중구
11091,흑백사진관 우리,인천시,차이나타운,인천광역시,중구
11092,서촌사진관,서울시,"경복궁,서촌",서울특별시,종로구
11093,순시키헤어 홍대 본점 | 글로벌 고객 최다 예약 헤어살롱,서울시,홍대,서울특별시,마포구
11094,나잇나잇,전주시,(없음),전라북도,전주시 완산구
11095,마래당,전주시,(없음),전라북도,전주시 완산구
11096,오트 카페,전주시,(없음),전라북도,전주시 완산구
11097,행원,전주시,(없음),전라북도,전주시 완산구
11098,카페 빈타이 고사점,전주시,(없음),전라북도,전주시 완산구
11099,리가든,전주시,(없음),전라북도,전주시 완산구
11100,누보닭갈비,전주시,(없음),전라북도,전주시 완산구
11101,순시키헤어 홍대 모먼트점 (SOOSNIKI MOMENT) | 글로벌 고객 최다 예약 헤어살롱,서울시,홍대,서울특별시,마포구
11102,순시키 합정점,서울시,(없음),서울특별시,마포구
11103,차돌쌈 합정점,서울시,(없음),서울특별시,마포구
11104,소통애,서울시,홍대,서울특별시,마포구
11105,합정식 합정점,서울시,(없음),서울특별시,마포구
11106,바쿠스 합정점,서울시,(없음),서울특별시,마포구
11107,백여사불고기 by들풀,서울시,(없음),서울특별시,마포구
11108,온돌 합정점,서울시,(없음),서울특별시,마포구
11109,합정뒷고기,서울시,(없음),서울특별시,마포구
11110,청춘대로,서울시,신촌,서울특별시,서대문구
11111,공복,서울시,신촌,서울특별시,서대문구
11112,오월애 드레스카페,부산시,부경대,부산광역시,남구
11113,고냉지,서울시,이대,서울특별시,서대문구
11114,쪼리 375,서울시,"신촌,이대",서울특별시,서대문구
11115,팔덕식당,서울시,신촌,서울특별시,서대문구
11116,한림돈가 신촌,서울시,신촌,서울특별시,서대문구
11117,유자유 김치떡볶이,서울시,신촌,서울특별시,서대문구
11118,매주리커피,(없음),(없음),충청남도,천안시 서북구
11119,단포포,(없음),(없음),경기도,평택시
11120,라라코스트,(없음),(없음),경기도,평택시
11121,모티마할,(없음),(없음),경기도,평택시
11122,샤브문 뉴코아아울렛 평택점,(없음),(없음),경기도,평택시
11123,파운틴카페,(없음),(없음),경기도,평택시
11124,크렘라운지 101,(없음),(없음),경기도,평택시
11125,하루식탁,(없음),(없음),경기도,평택시
11126,오브네계란빵,서울시,이대,서울특별시,서대문구
11127,mwm카페,서울시,을지로,서울특별시,중구
11130,호랑이 ,서울시,(없음),서울특별시,중구
11131,평균율,서울시,을지로,서울특별시,중구
11132,김사또,서울시,홍대,서울특별시,마포구
11134,밤새우리,서울시,(없음),서울특별시,마포구
11135,잇텐바리,서울시,홍대,서울특별시,마포구
11136,스시가마시,서울시,(없음),서울특별시,마포구
11137,(폐업)아스타르테앤릴렉스,서울시,"경복궁,서촌",서울특별시,종로구
11138,타임온미 스튜디오,서울시,홍대,서울특별시,마포구
11141,썰스데이파티,서울시,홍대,서울특별시,마포구
11142,24시간 동묘감자탕,서울시,동묘,서울특별시,종로구
11143,일번지막창,서울시,(없음),서울특별시,관악구
11144,역시커피,서울시,회기역,서울특별시,동대문구
11146,담장옆에국화꽃 정동점,서울시,(없음),서울특별시,중구
11148,맛있는순두부&김치찜 신촌,서울시,신촌,서울특별시,서대문구
11149,북창동순두부 홍대점,서울시,(없음),서울특별시,마포구
11150,육갈탕 신촌점,서울시,신촌,서울특별시,서대문구
11151,치즈를 사랑한 찜닭,서울시,신촌,서울특별시,서대문구
11152,내가찜한닭 이화여대점,서울시,이대,서울특별시,서대문구
11153,고래파스타,서울시,신촌,서울특별시,서대문구
11154,더파이홀,서울시,신촌,서울특별시,서대문구
11155,타르타르 신촌점,서울시,신촌,서울특별시,서대문구
11156,밀밭사랑칼국수,(없음),(없음),경기도,양주시
11157,이집이좋겠네,서울시,(없음),경기도,양주시
11159,기와집순두부,(없음),(없음),경기도,남양주시
11160,능내폐역,(없음),(없음),경기도,남양주시
11161,도예화원,(없음),(없음),경기도,남양주시
11163,아현동간장게장,서울시,이대,서울특별시,마포구
11165,(Closed) 이대불밥,서울시,이대,서울특별시,서대문구
11166,루프앤드 남포점,부산시,남포동,부산광역시,중구
11167,(페업)꽃바테,부산시,남포동,부산광역시,중구
11168,(구) 커피잇집,부산시,감천동,부산광역시,사하구
11169,기장시장,부산시,(없음),부산광역시,기장군
11170,(폐업)지엔퍼퓸 명동점,서울시,명동,서울특별시,중구
11171,(폐업) 롤링핀 명동점,서울시,명동,서울특별시,중구
11172,오랑지,서울시,연남동,서울특별시,마포구
11174,강남 돼지상회 무한리필 홍대점,서울시,홍대,서울특별시,마포구
11175,안목해물1번지,강릉시,(없음),강원특별자치도,강릉시
11176,통인동 커피공방,서울시,"경복궁,서촌",서울특별시,종로구
11178,이태원랜드,서울시,이태원,서울특별시,용산구
11179,(사용X)금준당,서울시,경복궁,서울특별시,종로구
11180,무쏘 홍대점,서울시,홍대,서울특별시,마포구
11181,카페 PIU,서울시,"경복궁,서촌",서울특별시,종로구
11182,대신환전소,서울시,명동,서울특별시,중구
11183,영진환전소,부산시,남포동,부산광역시,중구
11184,(임시중단)소녀방앗간 마로니에점,서울시,대학로(혜화),서울특별시,종로구
11188,(폐업)산격동사진관 홍대점,서울시,홍대,서울특별시,마포구
11189,(폐업)산격동사진관(부산점),부산시,광안리,부산광역시,수영구
11191,우리동네사진관 부산점,부산시,서면,부산광역시,부산진구
11194,(제휴종료)인사동 결,서울시,인사동,서울특별시,종로구
11195,러빈허,서울시,홍대,서울특별시,마포구
11196,솔가헌,서울시,"경복궁,서촌",서울특별시,종로구
11197,C27 가로수길점,서울시,신사동,서울특별시,강남구
11198,제주와함께라면,제주시,(없음),제주특별자치도,제주시
11199,허니문하우스,제주시,서귀포시,제주특별자치도,서귀포시
11200,사동면옥,서울시,인사동,서울특별시,종로구
11201,(제휴종료)블룸스토리,서울시,연남동,서울특별시,마포구
11202,아러바우트 이태원,서울시,이태원,서울특별시,용산구
11203,(폐업)페이브 베이커리 연남점(1호점),서울시,연남동,서울특별시,마포구
11204,홍대 페이브 베이커리,서울시,홍대,서울특별시,마포구
11205,신사 페이브 베이커리,서울시,신사동,서울특별시,강남구
11208,현상소,서울시,서울역,서울특별시,중구
11209,신촌연대 빈스빈스,서울시,신촌,서울특별시,서대문구
11210,빈스빈스 HSBC점,서울시,서울역,서울특별시,중구
11211,빈스빈스 신한은행점,서울시,시청,서울특별시,중구
11212,삼청동 빈스빈스,서울시,삼청동,서울특별시,종로구
11213,(폐업)씨스루 이태원점,서울시,이태원,서울특별시,용산구
11214,허밍벨라 홍대점,서울시,홍대,서울특별시,마포구
11215,어반플랜트 홍대점,서울시,합정,서울특별시,마포구
11217,(폐업)레드빅,서울시,홍대,서울특별시,마포구
11218,마더린러베이글,서울시,이대,서울특별시,서대문구
11219,커피폴리,서울시,(없음),서울특별시,마포구
11220,루프트 커피 명동점,서울시,명동,서울특별시,중구
11221,신사 마망갸또,서울시,신사동,서울특별시,강남구
11223,(폐업)디저트연구소 홍대,서울시,홍대,서울특별시,마포구
11225,더식당 ,서울시,명동,서울특별시,중구
11226,화떡,서울시,명동,서울특별시,중구
11227,(수정필요) 에버랜드+셔틀버스 패키지 일일투어 (서울출발),용인시,(없음),경기도,용인시 처인구
11228,(폐업) 런닝맨 체험관 인사동점,서울시,인사동,서울특별시,종로구
11229,서울역-인천공항 직통열차 AREX (공항철도),인천시,인천공항,인천광역시,중구
11232,서울-대구,대구시,(없음),서울특별시,용산구
11233,서울-강릉,강릉시,(없음),서울특별시,용산구
11239,N서울타워 전망대 입장권(남산타워),서울시,남산,서울특별시,용산구
11240,남이섬+쁘띠프랑스&이탈리아마을+아침고요수목원 일일투어(서울출발),춘천시,(없음),강원특별자치도,춘천시
11241,한국민속촌,용인시,(없음),경기도,용인시 기흥구
11242,(제휴종료)춘천 알파카월드 일일투어,춘천시,(없음),강원특별자치도,홍천군
11243,광명동굴,광명시,(없음),경기도,광명시
11245,아띠인력거,서울시,경복궁,서울특별시,종로구
11246,한복잇집,부산시,감천동,부산광역시,사하구
11247,한복더하기,서울시,경복궁,서울특별시,종로구
11248,에뛰드 경복궁점,서울시,경복궁,서울특별시,종로구
11249,불낙지 불냉면 Mr 치즈직화닭갈비,서울시,명동,서울특별시,중구
11250,(폐업)꼬마마법사레미 마법당,서울시,합정,서울특별시,마포구
11251,교촌치킨 배달,한국,(없음),서울특별시,강남구
11252,(폐업)와이파이 유심(모비텔레콤),인천시,(없음),인천광역시,중구
11253,(제휴종료)주노트립 요리교실,부산시,남포동,부산광역시,중구
11254,"SEA LIFE COEX, Seoul Aquarium (씨라이프 코엑스 아쿠아리움)",서울시,삼성동,서울특별시,강남구
11255,(제휴종료)19호실,서울시,(없음),서울특별시,마포구
11257,(폐업)경복궁빵,서울시,경복궁,서울특별시,종로구
11258,지지배배한복,서울시,경복궁,서울특별시,종로구
11259,부산출발 진해투어,부산시,(없음),경상남도,창원시 진해구
11260,서울출발 진해투어,부산시,(없음),경상남도,창원시 진해구
11263,명동 난타극장,서울시,명동,서울특별시,중구
11265,안녕한복,서울시,경복궁,서울특별시,종로구
11266,(휴관)홍대 난타 극장,서울시,홍대,서울특별시,마포구
11267,(폐업)FILA 홍대,서울시,홍대,서울특별시,마포구
11268,FILA,서울시,명동,서울특별시,중구
11269,부산-진해 1일여행,부산시,(없음),부산광역시,부산진구
11270,(폐업) 홍대 ⇋ 인천공항 짐배송 (SAFEX),서울시,(없음),서울특별시,마포구
11271,(폐업)서울역-인천공항 짐배송,서울시,(없음),서울특별시,용산구
11272,서울 호텔 ⇋ 공항 짐배송 (SAFEX),서울시,(없음),서울특별시,중구
11273,네네치킨 배달,한국,(없음),서울특별시,강남구
11274,홍대 반지 카페,서울시,홍대,서울특별시,마포구
11276,(제휴종료)이리데한복,서울시,경복궁,서울특별시,종로구
11277,BHC치킨 배달,한국,(없음),서울특별시,강남구
11278,준오헤어 홍대입구역점,서울시,홍대,서울특별시,마포구
11279,피자알볼로 배달,한국,(없음),서울특별시,강남구
11281,준오헤어 홍대1호점,서울시,홍대,서울특별시,마포구
11283,(폐업)라쿤카페 맹쿤,서울시,홍대,서울특별시,마포구
11284,(폐업)Delight(딜라이트) 신사점,서울시,신사동,서울특별시,강남구
11285,부산 I 서부산야경투어,부산시,(없음),부산광역시,부산진구
11286,중화요리 배달,한국,(없음),서울특별시,강남구
11287,서울시티투어버스 (도심고궁남산코스),서울시,(없음),서울특별시,중구
11288,제이히든하우스,서울시,동대문구,서울특별시,종로구
11289,테이블 에이,서울시,홍대,서울특별시,마포구
11290,반지대학 홍대점,서울시,홍대,서울특별시,마포구
11291,반지대학 명동점,서울시,명동,서울특별시,중구
11292,(임시비공개)서울상회,서울시,남대문,서울특별시,중구
11293,동부산반일여행,부산시,(없음),부산광역시,부산진구
11297,(폐업)컨버세이션,서울시,신사동,서울특별시,강남구
11298,장안상사,서울시,남대문,서울특별시,중구
11299,쎄시카 헤어,서울시,이대,서울특별시,서대문구
11300,디스커버 서울패스 | 모바일(5일 eSIM 이용권 포함) & 실물카드형,서울시,(없음),서울특별시,중구
11301,부산 경주 1일여행,(없음),(없음),부산광역시,부산진구
11302,(없음),(없음),서울특별시,중구,
11303,서울 김치문화체험관,서울시,북촌,서울특별시,종로구
11304,(폐업)카페 엘씨엘로,서울시,신사동,서울특별시,강남구
11305,세종인삼,서울시,청량리,서울특별시,동대문구
11309,포티드,부산시,서면,부산광역시,부산진구
11310,(폐업)랜드마크 9,부산시,서면,부산광역시,부산진구
11311,(폐업)로망34,부산시,서면,부산광역시,부산진구
11313,빈티지38,부산시,서면,부산광역시,부산진구
11314,(제휴종료)머물다 사진관,서울시,신사동,서울특별시,강남구
11315,에덴 미어캣 프렌즈 명동점(장소 이전),서울시,명동,서울특별시,중구
11316,(폐업)메종이이,부산시,(없음),부산광역시,수영구
11317,(폐업)네일 화랑,부산시,서면,부산광역시,부산진구
11319,리엔장 강남ㅣ반영구눈썹,서울시,강남구,서울특별시,서초구
11320,정영 AFTER LIVE,서울시,(없음),서울특별시,중구
11321,마장골,서울시,마장동,서울특별시,성동구
11322,준오헤어 홍대상수점,서울시,홍대,서울특별시,마포구
11323,준오헤어 이대역점,서울시,이대,서울특별시,서대문구
11324,(폐업)준오헤어 이대3호점,서울시,이대,서울특별시,서대문구
11325,(폐업)준오헤어 이대2호점,서울시,이대,서울특별시,서대문구
11326,준오헤어 신촌점,서울시,신촌,서울특별시,서대문구
11327,준오헤어 신림역1호점,서울시,신림,서울특별시,관악구
11328,준오헤어 건대역1호점,서울시,건대,서울특별시,광진구
11329,준오헤어 서울대입구역점,서울시,서울대입구,서울특별시,관악구
11330,준오헤어 명동1호점,서울시,명동,서울특별시,중구
11331,준오헤어 명동2호점,서울시,명동,서울특별시,중구
11332,준오헤어 서울대샤로수길점,서울시,(없음),서울특별시,관악구
11333,준오헤어 명동4호점,서울시,명동,서울특별시,중구
11336,준오헤어 코엑스도심공항점,서울시,삼성동,서울특별시,강남구
11340,준오헤어 가로수길점,서울시,신사동,서울특별시,강남구
11341,준오헤어 낙성대역점,서울시,(없음),서울특별시,관악구
11342,준오헤어 압구정로데오 1호점,서울시,압구정,서울특별시,강남구
11344,준오헤어 압구정로데오 2호점,서울시,압구정,서울특별시,강남구
11345,준오헤어 서면1호점,부산시,서면,부산광역시,부산진구
11346,준오헤어 신사역세로수길점(폐업),서울시,신사동,서울특별시,강남구
11347,부산 차량 가이드 투어,부산시,(없음),부산광역시,연제구
11348,한우통,서울시,왕십리,서울특별시,성동구
11350,에버랜드 자유이용권(원데이패스),용인시,(없음),경기도,용인시 처인구
11351,(폐업)타토아클리닉ㅣ눈썹반영구,서울시,명동,서울특별시,중구
11352,우리동네사진관 홍대점,서울시,홍대,서울특별시,마포구
11353,(제휴종료)친정숲불한증막,서울시,홍대,서울특별시,마포구
11359,메이라인,서울시,강남구,서울특별시,서초구
11361,(폐업)위드쥬,부산시,남포동,부산광역시,중구
11362,옹다래찜닭,서울시,홍대,서울특별시,마포구
11363,[와이파이도시락] WIFI 기계 대여,인천시,인천공항,인천광역시,중구
11368,청주 ｜SKT 4G 5일 SIM카드,(없음),(없음),충청북도,청주시 청원구
11369,(폐업)위치네일스 명동점,서울시,명동,서울특별시,중구
11370,부산시티투어 (부산출발),부산시,(없음),부산광역시,사하구
11371,"부산시티투어, 레일바이크",부산시,(없음),부산광역시,연제구
11372,족발과 보쌈 배달,한국,(없음),서울특별시,강남구
11375,제주도 서부 일일여행,제주시,(없음),제주특별자치도,제주시
11376,경주 유네스코 세계문화유산(+해운대스카이캡슐) 일일투어 (부산출발),경주시,(없음),경상북도,경주시
11377,가야산 일일여행,성주군,(없음),경상북도,성주군
11378,제주도 동부 일일여행,제주시,(없음),제주특별자치도,제주시
11380,리엔장 홍대점ㅣ반영구눈썹,서울시,홍대,서울특별시,마포구
11382,강릉 일일 여행,강릉시,(없음),강원특별자치도,강릉시
11383,,서울시,(없음),전라북도,무주군
11384,리엔장 강남점ㅣ반영구,서울시,강남구,서울특별시,서초구
11385,용인짚라인 + 에버랜드,(없음),(없음),경기도,용인시 처인구
11386,오도면옥,서울시,충무로,서울특별시,중구
11388,꽃길사진관,대구시,반월당,대구광역시,중구
11391,김치찌개/김치찜 배달,한국,(없음),서울특별시,강남구
11398,롯데프리미엄아울렛 파주점,파주시,(없음),경기도,파주시
11399,스펙터,서울시,경복궁,서울특별시,종로구
11400,(제휴종료)미카도 스시,서울시,"신촌,홍대",서울특별시,마포구
11401,인천투어A 일일여행 (서울출발),인천시,(없음),인천광역시,강화군
11403,제주도스냅사진,제주시,(없음),제주특별자치도,제주시
11404,부광돼지국밥,부산시,남포동,부산광역시,중구
11405,옛날막창 안양역점,(없음),(없음),경기도,안양시 만안구
11406,어흥식당,서울시,(없음),서울특별시,성북구
11407,이모네왕파전,서울시,회기역,서울특별시,동대문구
11408,타임온미 스튜디오ㅣ결혼사진,서울시,홍대,서울특별시,마포구
11409,그랑블루요트,제주시,서귀포시,제주특별자치도,서귀포시
11410,이드,서울시,이태원,서울특별시,용산구
11411,(폐업)자연풀잎,서울시,경복궁,서울특별시,종로구
11412,동경일식,서울시,홍대,서울특별시,마포구
11413,궁중 삼계탕,서울시,(없음),인천광역시,미추홀구
11415,일도씨 닭갈비,서울시,명동,서울특별시,중구
11416,Special Duck,서울시,동대문구,서울특별시,종로구
11417,온천보리밥집,(없음),(없음),광주광역시,동구
11418,국립전주박물관,전주시,(없음),전라북도,전주시 완산구
11426,파워 플랜트,서울시,광화문,서울특별시,종로구
11427,정영 LIVE,서울시,(없음),서울특별시,중구
11428,계절밥상 ,서울시,동대문구,서울특별시,중구
11429,마산아구찜,서울시,경복궁,서울특별시,종로구
11430,"리엔장 강남점ㅣ쁘띠,필러",서울시,강남구,서울특별시,서초구
11431,건딸기 공항 픽업,인천시,(없음),인천광역시,중구
11432,(폐업)풀잎채 청량리점,서울시,청량리,서울특별시,동대문구
11433,VR스테이션 강남,서울시,(없음),서울특별시,강남구
11434,(Closed) 파주 아울렛 택시 투어 (TADA Private),파주시,(없음),경기도,파주시
11435,롯데면세점(대만어),한국,(없음),서울특별시,중구
11436,AHC 스파,서울시,신사동,서울특별시,강남구
11438,943 킹스크로스,서울시,홍대,서울특별시,마포구
11439,나인스튜디오,서울시,압구정,서울특별시,강남구
11440,정원레스토랑 어반가든,서울시,서대문구,서울특별시,중구
11441,나주소 나주 곰탕 경복궁점,서울시,경복궁,서울특별시,종로구
11442,한강 고급 프라이빗 요트 대여 (골든블루마리나),서울시,고속버스터미널,서울특별시,서초구
11443,치즈스마일 스튜디오,서울시,경복궁,서울특별시,종로구
11444,(폐업)2019 서울 컬러런 페스티벌,서울시,잠실,서울특별시,송파구
11445,부산 래프팅,부산시,(없음),부산광역시,연제구
11446,리안메디센터 (구줄리엣뷰티)ㅣ눈썹반영구,부산시,서면,부산광역시,부산진구
11447,파주 헤이리마을 박물관(아지동 테마파크),파주시,(없음),경기도,파주시
11448,부산 트릭아이뮤지엄,부산시,남포동,부산광역시,중구
11449,(Closed) 런닝맨 체험관 부산점,부산시,서면,부산광역시,부산진구
11450,2025 보령머드축제 셔틀버스 (주말 서울출발),보령시,(없음),충청남도,보령시
11451,L7 홍대 플로팅,서울시,홍대,서울특별시,마포구
11453,MRTOBY,서울시,홍대,서울특별시,마포구
11454,캐리비안베이 원데이패스,용인시,(없음),경기도,용인시 처인구
11455,과자 공항 픽업,서울시,(없음),인천광역시,중구
11457,성수연방,서울시,건대,서울특별시,성동구
11459,창화당 성수동점,서울시,성수동,서울특별시,성동구
11462,포천 일일 여행 (제휴종료),포천시,(없음),경기도,포천시
11464,파주 롯데 프리미엄 아울렛 일일 여행,파주시,(없음),경기도,파주시
11466,방탄소년단(BTS) 투어,서울시,"동대문구,명동,홍대",서울특별시,마포구
11468,(폐업)라이언 치즈볼 어드벤처,서울시,남산,서울특별시,용산구
11469,마복림 떡볶이 막내아들네,서울시,신당동,서울특별시,중구
11470,맘스터치 배달,한국,(없음),서울특별시,강남구
11471,때밀이 장갑 공항 픽업,인천시,인천공항,인천광역시,중구
11472,오대산 단풍 일일투어 (서울출발),평창군,(없음),강원특별자치도,강릉시
11473,한복남 경복궁점(서촌),서울시,서촌,서울특별시,종로구
11474,(폐업)한복남 경복궁 북촌점,서울시,"경복궁,북촌",서울특별시,종로구
11475,한복남 창덕궁점 - 전통/테마한복 대여,서울시,창덕궁,서울특별시,종로구
11476,한복남 전주한옥마을점 - 전통/테마한복 대여,전주시,(없음),전라북도,전주시 완산구
11477,철원 DMZ 투어,(없음),(없음),강원특별자치도,철원군
11478,(폐업)한복남 부산타워점,부산시,남포동,부산광역시,중구
11479,벙어리 때장갑 공항배송,서울시,(없음),인천광역시,중구
11490,서울 근교 가을 핫스팟 일일투어 (서울출발),파주시,(없음),경기도,하남시
11491,(제휴종료) 누구나 교복,서울시,홍대,서울특별시,마포구
11492,(폐업)알라또레,서울시,홍대,서울특별시,마포구
11493,(폐업)카페조굑,서울시,연남동,서울특별시,마포구
11494,봉쥬르 밥상,서울시,연남동,서울특별시,서대문구
11495,[어학당] 2025 서울대학교 어학당 기타비용 ,서울시,(없음),서울특별시,관악구
11498,설악산 단풍 일일투어 (서울출발),양양군,(없음),강원특별자치도,속초시
11499,(제휴종료)더 플레이스 다이닝,서울시,남산,서울특별시,용산구
11501,부산 경주 가을단풍 일일여행,부산시,(없음),부산광역시,동구
11503,부산 핑크뮬리 일일여행,부산시,(없음),부산광역시,중구
11504,(제휴종료)글로벌치과ㅣ치아미백,서울시,이태원,서울특별시,용산구
11505,63아트 전망대 + 아쿠아플라넷 63 입장권,서울시,여의도,서울특별시,영등포구
11506,테스트(TEST),(없음),을지로,서울특별시,중구
11507,타토아 클리닉ㅣ스킨 피부과+제모,서울시,신사동,서울특별시,강남구
11508,비발디파크 스키월드,서울시,(없음),강원특별자치도,홍천군
11509,엘리시안 강촌 겨울 스키&스노보드 + 어비얼음계곡 일일투어 (서울출발),춘천시,(없음),강원특별자치도,춘천시
11510,두물머리&남이섬 일일여행,서울시,(없음),경기도,양평군
11511,지리산 단풍 일일투어 (부산출발),하동군,(없음),경상남도,산청군
11512,강원도 춘천 액티비티 일일여행,서울시,(없음),서울특별시,마포구
11514,루프트 커피 광화문점,서울시,광화문,서울특별시,종로구
11515,(임시중단)남산뷔페 한쿡,서울시,남산,서울특별시,용산구
11516,"(제휴종료) 파라다이스시티 (CIMER, Wonder Box) ",인천시,인천공항,인천광역시,중구
11518,제주파비오 프라이빗 가이드 택시투어,제주시,(없음),제주특별자치도,제주시
11519,단양 패러글라이딩,단양군,(없음),충청북도,단양군
11521,(공개 X ) 리엔장 강남점ㅣ필러 시술,서울시,강남구,서울특별시,서초구
11522,한강 고급 요트 탑승 체험 (골든블루마리나),서울시,고속버스터미널,서울특별시,서초구
11523,딸기체험 + 남이섬 + 아침고요수목원 일일투어 (서울출발),춘천시,(없음),강원특별자치도,춘천시
11524,제주도 수상액티비티,제주시,(없음),제주특별자치도,제주시
11525,(폐업)아리랑삼겹살,서울시,명동,서울특별시,중구
11526,(폐업)딜라이트 압구정점,서울시,압구정,서울특별시,강남구
11528,[OFFICIAL] 에덴벨리 스키 일일투어 (부산출발),양산시,(없음),경상남도,양산시
11529,2026 새해 정동진 해돋이 일일투어 (서울출발),강릉시,(없음),강원특별자치도,강릉시
11530,동대문정육식당,서울시,동대문구,서울특별시,종로구
11532,페이브 베이커리 경의선숲길점(2호점),서울시,홍대,서울특별시,마포구
11533,"부산 딸기체험, 감천문화마을 일일여행",부산시,(없음),부산광역시,사하구
11534,허밍벨라 디자이너스점,서울시,합정,서울특별시,마포구
11536,부산타워 입장권,부산시,남포동,부산광역시,중구
11537,아러바우트 신사,서울시,신사동,서울특별시,강남구
11539,파라다이스 스파 도고,청주시,(없음),충청남도,아산시
11541,아쿠아플라넷 일산 ,일산,(없음),경기도,고양시 일산서구
11543,(폐업)인사동토이키노,서울시,인사동,서울특별시,종로구
11545,겨울 우주별빛정원 일일여행,의왕시,(없음),경기도,의왕시
11546,명동 | 이니스프리 신제품 이벤트,서울시,명동,서울특별시,중구
11547,북촌사진관 한옥마을점 | 프로필/증명사진,서울시,북촌,서울특별시,종로구
11548,북촌사진관 | 경복궁 야외 사진 촬영,서울시,북촌,서울특별시,종로구
11549,(휴관)페인터즈(펜타토닉) 제주도,제주시,애월,제주특별자치도,제주시
11550,티테라피 안국점,서울시,북촌,서울특별시,종로구
11552,신촌 춘천집닭갈비막국수,서울시,신촌,서울특별시,서대문구
11555,(구) 해와달한복,서울시,경복궁,서울특별시,종로구
11556,(폐업)C27 홍대,서울시,홍대,서울특별시,마포구
11557,제주도 수상레저 제트스키,제주시,서귀포시,제주특별자치도,서귀포시
11558,(폐업)C27 동대문점,서울시,동대문구,서울특별시,중구
11561,양평 패러글라이딩 체험,양평군,(없음),경기도,양평군
11563,인사동 맛집 | 인사동마늘보쌈,서울시,인사동,서울특별시,종로구
11565,(제휴종료)경복궁맛집 | 북촌도담,서울시,경복궁,서울특별시,종로구
11566,남산도담,서울시,충무로,서울특별시,중구
11567,혜화도담,서울시,홍대,서울특별시,종로구
11568,실내 스카이다이빙 | Fly Station Korea,용인시,(없음),경기도,용인시 처인구
11576,(제휴종료) 제주 레일바이크,제주시,(없음),제주특별자치도,제주시
11581,대구 시티투어버스,대구시,(없음),대구광역시,동구
11583,지산리조트 겨울 스키&스노보드 일일투어 (서울출발),이천시,(없음),경기도,이천시
11584,용인 짚라인 + 에버랜드,서울시,(없음),경기도,용인시 처인구
11585,강릉 뮤직뱅크 투어,강릉시,(없음),강원특별자치도,강릉시
11586,제주도 푸른하늘 짚라인 체험,제주시,(없음),제주특별자치도,제주시
11589,오니츠카타이거,서울시,명동,서울특별시,중구
11590,(제휴종료) 제주도 올레길 세그웨이 투어,제주시,서귀포시,제주특별자치도,서귀포시
11591,(폐업)개화기의상실,서울시,경복궁,서울특별시,종로구
11592,강릉 로맨틱 투어,강릉시,(없음),강원특별자치도,강릉시
11593,(폐업)익선동 개화기의상대여 종로부띠끄,서울시,경복궁,서울특별시,종로구
11595,[어학당] 2025 이화여자대학교 어학당 기타비용 ,서울시,이대,서울특별시,서대문구
11596,(폐업)신사동 카페 슈퍼말차,서울시,신사동,서울특별시,강남구
11597,(폐업)VR스퀘어 ,서울시,홍대,서울특별시,마포구
11598,용평  K-드라마 스키 투어,평창군,(없음),강원특별자치도,평창군
11599,광장시장 이불 10월 Early bird,서울시,종로구,서울특별시,중구
11600,이불 (사계절)  - 아씨방,서울시,(없음),서울특별시,종로구
11601,비발디파크+딸기따기 체험 일일투어,서울시,(없음),인천광역시,계양구
11602,신라면세점 (온라인몰),서울시,명동,서울특별시,중구
11603,뉴에라 명동점,서울시,명동,서울특별시,중구
11604,[어학당] 2025 연세대학교 어학당 기타비용,서울시,신촌,서울특별시,서대문구
11605,빅스랩코리아,서울시,홍대,서울특별시,마포구
11606,우아성형외과,서울시,압구정,서울특별시,강남구
11607,(제휴종료)경복궁 어디까지 가봤니?,서울시,서촌,서울특별시,종로구
11608,(제휴종료)합정카페 ｜ 빈브라더스,서울시,(없음),서울특별시,마포구
11610,[어학당] 2024 서울시립대 어학당 기타비용 ,서울시,회기역,서울특별시,동대문구
11611,가배도 삼청점,서울시,삼청동,서울특별시,종로구
11612,조선시대,서울시,홍대,서울특별시,마포구
11614,Test,서울시,명동,서울특별시,중구
11615,(공개금지)집토스 부동산중개 회기점,서울시,회기역,서울특별시,동대문구
11616,(공개금지)집토스 부동산중개 관악점,서울시,(없음),서울특별시,관악구
11617,집토스 부동산중개 상도점,서울시,노량진,서울특별시,동작구
11618,(공개금지)집토스 부동산중개 왕십리점,서울시,왕십리,서울특별시,성동구
11619,롯데면세점 온라인몰,서울시,명동,인천광역시,중구
11620,(제휴종료)타로블라썸,서울시,삼청동,서울특별시,강남구
11622,덕수궁 야간투어,서울시,(없음),서울특별시,중구
11623,서울 나이트 원데이 투어,서울시,남산,서울특별시,용산구
11624,(제휴종료)완포티숍,서울시,연남동,서울특별시,마포구
11625,여수 일일투어,부산시,(없음),전라남도,여수시
11626,에덴밸리 루지 투어,부산시,(없음),경상남도,양산시
11627,(임시중단)리엔장 강남점ㅣ쌍커풀 코성형,서울시,강남구,서울특별시,서초구
11629,다래부동산 송파점,서울시,잠실,서울특별시,송파구
11630,다래부동산 수유점,서울시,수유,서울특별시,도봉구
11632,(공개금지)다래부동산 홍대점,서울시,홍대,서울특별시,마포구
11633,(공개금지)다래부동산 건대점,서울시,건대,서울특별시,광진구
11634,다래부동산 신대방점,서울시,신대방,서울특별시,관악구
11635,(공개금지)다래부동산 성신여대점,(없음),성신여대,서울특별시,성북구
11636,엠플레이그라운드 홍대3호점,서울시,홍대,서울특별시,마포구
11637,엠플레이그라운드 홍대2호점,서울시,홍대,서울특별시,마포구
11638,(폐업)엠플레이그라운드 홍대1호점,서울시,홍대,서울특별시,마포구
11639,(4~10월 영업)루나루 한강 카약체험 ,서울시,잠실,서울특별시,광진구
11640,(제휴종료)동화면세점,서울시,광화문,서울특별시,중구
11641,비발디파크 (얼리버드 장갑 무료증정),서울시,(없음),강원특별자치도,홍천군
11642,(폐업) 명동｜디저트연구소,서울시,명동,서울특별시,중구
11643,안동 BIG5 버스투어,(없음),(없음),경상북도,안동시
11644,(제휴종료) K-POP 팬투어,서울시,(없음),서울특별시,영등포구
11645,(얼리버드) 평창 송어축제 1박 2일 여행,서울시,(없음),강원특별자치도,평창군
11646,(제휴종료)인천공항 제1터미널 공항 라운지,인천시,인천공항,인천광역시,중구
11648,선셋 해운대 스카이캡슐 & 부산 야경 일일투어 (부산출발),부산시,(없음),부산광역시,부산진구
11650,(제휴종료)인천공항 제2터미널 공항 라운지,인천시,인천공항,인천광역시,중구
11651,(폐업)망원  |  루프트커피,서울시,망원동,서울특별시,마포구
11652,인사동｜나들이,서울시,인사동,서울특별시,종로구
11653,서울 ↔️ 청주공항 고속버스 예매,청주시,(없음),충청북도,청주시 청원구
11654,비발디 파크 2박 3일,서울시,(없음),강원특별자치도,홍천군
11655,(폐업)유모차대여 서비스 | 트립포키즈,서울시,(없음),서울특별시,중구
11656,生菜包肉／豬腳外送費備用,서울시,(없음),도출불가,도출불가
11660,알펜시아 스노우버스 패키지,서울시,(없음),강원특별자치도,평창군
11663,(폐업)연남동카페 ｜ 릴리브,서울시,연남동,서울특별시,마포구
11664,(제휴종료)마포나루 아크로점,서울시,공덕,서울특별시,마포구
11666,[어학당] 2024 성균관대학교 어학당 기타비용 ,서울시,대학로(혜화),서울특별시,종로구
11667,명동 카페드파리 ,서울시,명동,서울특별시,중구
11668,신세계 면세점 온라인몰,서울시,(없음),서울특별시,중구
11669,원주 소금산 출렁다리 투어,서울시,(없음),강원특별자치도,원주시
11671,(제휴종료) 타다 | 공항↔서울 프라이빗 밴,서울시,(없음),인천광역시,중구
11673,(임시중단)타다 | 공항↔경기 프라이빗 밴,서울시,(없음),인천광역시,중구
11674,(제휴종료)성수동 어디까지 가봤니?,서울시,성수동,서울특별시,성동구
11675,제천 청풍명월 투어,서울시,(없음),충청북도,제천시
11676,이대 내사랑,서울시,이대,서울특별시,서대문구
11677,바운스 트램폴린 삼성점,서울시,삼성동,서울특별시,강남구
11678,바운스 트램폴린 부산점,부산시,(없음),부산광역시,남구
11679,테지움 서울 (테디베어 뮤지엄),서울시,동묘,서울특별시,종로구
11682,대추나무집(분점),(없음),(없음),충청북도,청주시 청원구
11685,(폐업)팬시 스튜디오 FANXY STUDIO,서울시,신촌,서울특별시,서대문구
11686,[어학당] 2024 고려대학교 어학당 기타비용,서울시,고려대학교,서울특별시,성북구
11687,우인카페,부산시,감천동,부산광역시,사하구
11688,(제휴종료) 뚜벅스,부산시,남포동,부산광역시,중구
11689,9 BLOCK  (ナインブロック),(없음),(없음),경기도,김포시
11690,콩밭에,부산시,남포동,부산광역시,중구
11691,강원도 지역 투어 + 비발디파크 (K-POP),서울시,(없음),강원특별자치도,홍천군
11692, 부산개금 밀양돼지국밥,부산시,(없음),부산광역시,부산진구
11693,(폐업)전포리,부산시,서면,부산광역시,부산진구
11695,(임시중단)타다 | 서울 프라이빗 밴 투어,서울시,(없음),서울특별시,중구
11696,(임시중단)타다 | 서울↔경기 프라이빗 밴 투어,서울시,(없음),경기도,여주시
11697,(임시중단)명동 맛집｜고요남,서울시,명동,서울특별시,중구
11698,서울도시건축전시관,서울시,(없음),서울특별시,중구
11699,(제휴종료)동대문 어디까지 가봤니? ,서울시,동대문구,서울특별시,종로구
11700,홍대개미,서울시,(없음),서울특별시,서대문구
11701,잘빠진메밀 서촌점,서울시,서촌,서울특별시,종로구
11702,자갈치 대성횟집,부산시,남포동,부산광역시,중구
11703,강원도 겨울 축제 총집합,서울시,(없음),강원특별자치도,평창군
11705,감천 커피잇집,부산시,감천동,부산광역시,사하구
11706,(폐업)온니카페,부산시,(없음),부산광역시,부산진구
11708,(제휴종료)일몰보러 어디까지 가봤니? ,서울시,경복궁,서울특별시,종로구
11709,엠플레이그라운드 연세2호점,서울시,신촌,서울특별시,서대문구
11710,(폐업)쇼코디저트,부산시,서면,부산광역시,부산진구
11711,감천문화역,부산시,감천동,부산광역시,사하구
11713,회기 닭한마리칼국수,서울시,회기역,서울특별시,동대문구
11714,두근두근 낭만상점,부산시,감천동,부산광역시,사하구
11716,홍대 홍스쭈꾸미,서울시,홍대,서울특별시,마포구
11717,(폐업) 서울 짐 보관 서비스 | SAFEX,인천시,인천공항,인천광역시,중구
11719,신촌 마녀똥집,서울시,신촌,서울특별시,서대문구
11720,오레노라멘 (본점),서울시,(없음),서울특별시,마포구
11721,엘크레,서울시,신사동,서울특별시,강남구
11723,(폐업)카페젤다 신사점 ,서울시,신사동,서울특별시,강남구
11724,(제휴종료)눈보러 어디까지 가봤니?,인제군,(없음),강원특별자치도,인제군
11725,토끼정 홍대,서울시,홍대,서울특별시,마포구
11726,(폐업)홍대 옐로우물품보관소,서울시,홍대,서울특별시,마포구
11727,장독대김치찌개 명동,서울시,명동,서울특별시,중구
11728,(폐업)홍대 | 라온(RAON) 물품보관소,서울시,홍대,서울특별시,마포구
11729,신라면세점(대만어) ,한국,(없음),서울특별시,중구
11730,멜로워 성수 더 플래그쉽,서울시,성수동,서울특별시,성동구
11731,정선농협 한우타운,(없음),(없음),강원특별자치도,정선군
11732,칠성조선소,(없음),(없음),강원특별자치도,속초시
11733,라또래요,(없음),(없음),강원특별자치도,속초시
11736,앤커피스토리,(없음),(없음),강원특별자치도,속초시
11738,我們洞內照相館,대구시,(없음),대구광역시,중구
11739,홍대 푸룻푸룻 뮤지엄,서울시,홍대,서울특별시,마포구
11743,(폐업)루프트커피 합정점,서울시,합정,서울특별시,마포구
11744,유아히어 명동본점,서울시,명동,서울특별시,중구
11745,'20 서울대 한국어 어학당,서울시,(없음),서울특별시,관악구
11746,명동｜가나안경원,서울시,명동,서울특별시,중구
11747,칠칠켄터키,서울시,(없음),서울특별시,서대문구
11748,동백양과점,서울시,(없음),서울특별시,종로구
11750,홍익게장,서울시,(없음),서울특별시,마포구
11751,미쓰족발(홍대본점),서울시,(없음),서울특별시,마포구
11752,한국 아몬드 세트 공항 배송,인천시,인천공항,인천광역시,중구
11753,"(제휴종료)너도 할수있어, 한국요리!",서울시,망원동,서울특별시,마포구
11754,(제휴종료)EASY 눈썰매 투어 ,광주(경기),(없음),경기도,광주시
11757,[어학당] 2025 경희대학교 어학당 기타비용 ,서울시,회기역,서울특별시,동대문구
11758,(임시중단)한식쿠킹클래스 ,경주시,(없음),경상북도,경주시
11760,(폐업)명동 어반스페이스,서울시,명동,서울특별시,중구
11761,(페업) 홍대 물품보관 | 짐프리(ZIMFREE),서울시,홍대,서울특별시,마포구
11762,강화도 빙어축제 투어,인천시,(없음),인천광역시,강화군
11764,(폐업) 새문의상실 ,서울시,서대문구,서울특별시,중구
11765,(휴관) 페인터즈(펜타토닉) 공연 서대문극장,서울시,(없음),서울특별시,서대문구
11766,삼청동 벽오동,서울시,삼청동,서울특별시,종로구
11768,H.US coffee (에이치어스),부산시,청사포,부산광역시,해운대구
11769,눈타이드(청량리),서울시,청량리,서울특별시,동대문구
11770,서울원조삼계탕,부산시,남포동,부산광역시,중구
11771,"한순간 종로 | 경복궁,창덕궁 한복야외스냅사진촬영",서울시,경복궁,서울특별시,서초구
11773,'21 홍대 ⇋ 인천공항 짐배송 (SAFEX),인천시,인천공항,서울특별시,마포구
11774,(폐업)'21 서울 호텔 ⇋ 공항 짐배송 (SAFEX),인천시,인천공항,서울특별시,중구
11775,(페업)부산맛집 | 국제시장 영쿡식당,부산시,(없음),부산광역시,중구
11776,Samcheongdong | OLAF Pop-up Store,서울시,삼청동,서울특별시,종로구
11777,(제휴종료)부산맛집 | 국제시장 LAO LAO,부산시,남포동,부산광역시,중구
11778,이니스프리 유네스코점,서울시,명동,서울특별시,중구
11779,이니스프리 명동충무점,서울시,명동,서울특별시,중구
11782,Cafe Yeonnamdong 223-14,서울시,연남동,서울특별시,마포구
11784,감천문화마을 맛집｜더플레이트,부산시,감천동,부산광역시,사하구
11785,을지로3가 취사당,서울시,을지로,서울특별시,중구
11786,을지로3가 맥주덕후x더랜치브루잉,서울시,을지로,서울특별시,중구
11788,(제휴종료)파주 어디까지 가봤니?,파주시,(없음),경기도,파주시
11789,오크밸리 스키리조트 일일여행,서울시,(없음),강원특별자치도,원주시
11795, 광주 궁전제과,(없음),(없음),광주광역시,동구
11799,이불 (사계절 모달) - 아씨방,서울시,(없음),서울특별시,종로구
11800,(제휴종료) 부산패스,부산시,(없음),부산광역시,중구
11802,(폐업)명동 | 전주중앙회관,서울시,명동,서울특별시,중구
11803,제주도 스냅사진 투어,제주시,서귀포시,제주특별자치도,서귀포시
11804,(폐업)장수삼계탕,서울시,홍대,서울특별시,마포구
11805,트립이지 | 서울(숙소) <-> 인천공항 짐배송 서비스,인천시,인천공항,인천광역시,중구
11806,파주 더티트렁크 ,파주시,(없음),경기도,파주시
11807,광주 분식집,(없음),(없음),광주광역시,동구
11808,경복궁 + 국립고궁박물관 투어,서울시,경복궁,서울특별시,종로구
11809,(제휴종료)Creatrip 벚꽃 투어 [경기도],서울시,(없음),경기도,가평군
11810,(폐업)태조한의원,서울시,명동,서울특별시,중구
11811,(폐업)락코 | 서울↔강원도 프라이빗 밴,서울시,(없음),인천광역시,중구
11812,서울&경기 벚꽃 랜덤 투어,서울시,(없음),서울특별시,광진구
11813,'20 진해군항제 벚꽃축제,서울시,(없음),경상남도,창원시 진해구
11814,(폐업)슈슈앤쎄씨,서울시,잠실,서울특별시,송파구
11815,Creatrip 직구 결제,서울시,(없음),서울특별시,중구
11816,(폐업)락코 | 인천공항↔강원도 프라이빗 밴,인천시,인천공항,인천광역시,중구
11817,보성다향대축제,서울시,(없음),전라남도,보성군
11818,광양매화축제 & 구례산수유축제 일일여행,서울시,(없음),전라남도,구례군
11819,(★결제용~9/21) 서울대학교 정규과정,서울시,(없음),서울특별시,관악구
11820,무교동유정낙지,서울시,시청,서울특별시,중구
11822,(제휴종료)Creatrip 벚꽃 투어 [강원도],강릉시,(없음),강원특별자치도,강릉시
11823,오늘의 벚꽃 축제 투어,서울시,(없음),전라북도,익산시
11824,인사동 전통혼례 체험,서울시,인사동,서울특별시,종로구
11825,김포 식빵연구소,(없음),(없음),경기도,김포시
11826,(제휴종료) 남한산성 & 화담숲 투어,서울시,(없음),경기도,광주시
11827,(폐업)홍대 두툼장어,서울시,홍대,서울특별시,마포구
11828,진도 신비의 바닷길 축제,서울시,(없음),전라남도,진도군
11830,써니브레드,서울시,성수동,서울특별시,성동구
11831,(★결제용 ~10/30) 서울대학교 특별과정,서울시,(없음),서울특별시,관악구
11832,(★결제용~5/29) 성균관대학교 정규과정,서울시,대학로(혜화),서울특별시,종로구
11833,연세대학교 어학당 정규과정 (10/16 마감)  (결제용),서울시,신촌,서울특별시,서대문구
11834,(~4/9)연세대학교 어학당 3주 단기과정,서울시,신촌,서울특별시,서대문구
11835,백제삼계탕,서울시,명동,서울특별시,중구
11836,2020 스트로베리 애비뉴 (4/24 마감),서울시,(없음),서울특별시,강남구
11838,라미서울 | 가죽공예 원데이 클래스,서울시,합정,서울특별시,마포구
11839,송리단길 경성광장,서울시,잠실,서울특별시,송파구
11840,압구정로데오 마크레인,서울시,(없음),서울특별시,강남구
11841,송리단길 라라브레드,서울시,잠실,서울특별시,송파구
11843,(~5/7) 서울대학교 한국어학당 특별과정,서울시,(없음),서울특별시,중구
11844,쁨클리닉 글로벌 명동점,서울시,명동,서울특별시,중구
11846,(폐업) 하갱기타 | K-POP 기타 원데이 클래스,서울시,(없음),서울특별시,마포구
11847,Everland,(없음),(없음),경기도,용인시 처인구
11848,인천 봄꽃투어,서울시,(없음),인천광역시,연수구
11849,(페업)망원 | 미스터두낫띵 ,서울시,망원동,서울특별시,마포구
11850,고양국제꽃박람회 투어,서울시,(없음),경기도,고양시 덕양구
11851,쁨클리닉 글로벌 홍대점,서울시,홍대,서울특별시,마포구
11852,태안튤립축제 + 딸기따기 일일투어 (서울출발),태안군,(없음),충청남도,태안군
11853,신세계면세점(대만),한국,(없음),서울특별시,중구
11856,송리단길 pres,서울시,잠실,서울특별시,송파구
11857,(12/4)고려대학교 한국어학당 정규과정 (결제용),(없음),(없음),서울특별시,중구
11858,(12/4 마감) 고려대학교 한국어학당 단기과정 ,서울시,(없음),서울특별시,성북구
11859,(12/4 마감) 고려대학교 한국어학당 단기과정 (결제페이지),(없음),(없음),서울특별시,중구
11860,마지 | 경복궁 사찰 음식,서울시,경복궁,서울특별시,종로구
11861,서울역 MANRI199,서울시,서울역,서울특별시,용산구
11862,목포 행복이가득한집카페,(없음),(없음),전라남도,목포시
11863,목포 1897,(없음),(없음),전라남도,목포시
11864,(폐업)남도분식 명동점,서울시,명동,서울특별시,중구
11865,(폐업)고관,서울시,명동,서울특별시,중구
11866,잠실 온화,서울시,잠실,서울특별시,중구
11867,"(제휴종료) 숨겨진 서울, 워킹 투어",서울시,(없음),서울특별시,성북구
11868,젠틀몬스터 북촌 플래그십 스토어,서울시,경복궁,서울특별시,종로구
11869,마스크 픽업(creatrip사무실),서울시,(없음),서울특별시,중구
11870,마스크 픽업(공항),인천시,(없음),인천광역시,중구
11871,안동찜닭 명동점,서울시,명동,서울특별시,중구
11872,카린 홍대 라운지,서울시,홍대,서울특별시,마포구
11873,레이어드 연남,서울시,홍대,서울특별시,마포구
11874,홍대 고창복의착한갈비,서울시,홍대,서울특별시,마포구
11875,홍대 이대조뼈다귀 ,서울시,홍대,서울특별시,마포구
11876,제주 벚꽃 & 유채꽃 투어,제주시,(없음),제주특별자치도,제주시
11878,서울 올드타운 투어,서울시,(없음),서울특별시,종로구
11880,(8/28마감) 이화여자대학교 어학원 집중과정 (결제),(없음),(없음),서울특별시,중구
11882,(1/21마감) 이화여자대학교 어학원 단기과정 (결제),서울시,(없음),서울특별시,서대문구
11883,(6/18마감) 이화여자대학교 어학원 단기과정,서울시,이대,서울특별시,서대문구
11884,파주 | 잇츠콜라박물관,파주시,(없음),경기도,파주시
11886,태안 목련축제 투어,서울시,(없음),충청남도,태안군
11887,인사동 우리미,서울시,인사동,서울특별시,종로구
11888,경주 벚꽃축제 투어,부산시,(없음),경상북도,경주시
11889,마스크 직구,서울시,(없음),서울특별시,중구
11890,쏠라티투어 공항→서울 12인승 리무진,서울시,(없음),인천광역시,중구
11891,쏠라티투어 서울→공항 12인승 리무진,서울시,(없음),인천광역시,중구
11892,연세대학교 어학당 특별과정 (결제용),서울시,신촌,서울특별시,서대문구
11894,어니언 안국역점,서울시,(없음),서울특별시,종로구
11896,명동 ABC마트,서울시,(없음),서울특별시,중구
11897,S-market,서울시,(없음),서울특별시,중구
11898,명동 | LesMore,서울시,(없음),서울특별시,중구
11899,명동 | Folder,서울시,명동,서울특별시,중구
11901,익선동 밀토스트,서울시,(없음),서울특별시,종로구
11902,을지로카페 | bvbb,서울시,을지로,서울특별시,중구
11903,Cafe Skön,서울시,(없음),서울특별시,마포구
11904,(제휴종료)상수 | 다이브인포토(DIVE IN FOTO),서울시,(없음),서울특별시,마포구
11905,서울시립대 어학당 (결제용),서울시,회기역,서울특별시,동대문구
11907,"(폐업)인사동 Hello, 심쿵展",서울시,인사동,서울특별시,종로구
11908,마스크(N95) 사무실픽업,서울시,(없음),서울특별시,중구
11909,(11/16) 경희대학교 한국어학당 정규과정 (결제용),(없음),(없음),서울특별시,동대문구
11910,(8/3 마감) 경희대학교 한국어학당 단기과정,서울시,회기역,서울특별시,동대문구
11911,(~8/3) 경희대학교 한국어학당 단기과정 (결제용),(없음),(없음),서울특별시,동대문구
11913,(폐업)아이디어스 크래프트 하우스,서울시,홍대,서울특별시,마포구
11914,연이랑 커차그,서울시,망원동,서울특별시,마포구
11915,망원 그곳,서울시,망원동,서울특별시,마포구
11917,홍대 구르미산도,서울시,연남동,서울특별시,마포구
11918,마스크(N95) 해외배송,서울시,(없음),서울특별시,중구
11919,마스크(N95) 공항픽업,인천시,(없음),인천광역시,중구
11920,홍대 카페 하이웨이스트 ,서울시,"연남동,홍대",서울특별시,마포구
11921,한강 라이딩 & 치킨 투어 [Private Guide Tour] ,서울시,여의도,서울특별시,영등포구
11923,딩가케이크 하우스,서울시,홍대,서울특별시,마포구
11924,(휴관)다이나믹메이즈 제주,제주시,표선,제주특별자치도,서귀포시
11925,(제휴종료)포레스트 판타지아,제주시,(없음),제주특별자치도,서귀포시
11926,하동 벚꽃투어,부산시,(없음),경상남도,하동군
11927,방탄소년단(BTS) 투어-부산,부산시,(없음),부산광역시,부산진구
11928,(제휴종료)팔색 삼겹살 명동점 ,서울시,명동,서울특별시,중구
11930,황매산 진달래축제 투어,부산시,(없음),경상남도,합천군
11931,(폐업)아이디어스 스토어,서울시,인사동,서울특별시,종로구
11932,홍대 트릭아이 뮤지엄,서울시,홍대,서울특별시,마포구
11934,대구 실전 컴뱃 태권도,대구시,(없음),대구광역시,서구
11935,인사동 컬러풀뮤지엄,서울시,인사동,서울특별시,종로구
11936,안동 일일여행,대구시,(없음),경상북도,안동시
11937,광장시장 성우육회,서울시,종로구,도출불가,도출불가
11939,남해 일일투어,부산시,(없음),경상남도,남해군
11941,강릉 로맨틱 투어 A,강릉시,(없음),강원특별자치도,강릉시
11942,강릉 로맨틱 투어 B,강릉시,(없음),강원특별자치도,강릉시
11943,강릉 로맨틱 투어 C,강릉시,(없음),강원특별자치도,강릉시
11944,강릉 로맨틱 투어 D,강릉시,(없음),강원특별자치도,강릉시
11945,말톡 - 데이터 무제한/국제통화 심카드,인천시,인천공항,인천광역시,중구
11946,(폐업)태조한의원 이벤트특가(~5.31),(없음),명동,서울특별시,중구
11948,마스크 (한)국내 배송,서울시,(없음),서울특별시,중구
11949,AM:TON | 에이엠톤 홍대 본점,서울시,홍대,서울특별시,마포구
11950,라라마트,서울시,명동,서울특별시,중구
11951,MD 직구 |  Excelsior,(없음),(없음),서울특별시,중구
11952,은평한옥마을,서울시,(없음),서울특별시,은평구
11953,전통 양조장 & 천지연 스파 투어,한국,(없음),경기도,포천시
11954,(공개금지)인사동ㅣ포비네공방 쿠폰,서울시,인사동,서울특별시,종로구
11955,갯벌체험 & 송도 일일투어,인천시,송도,인천광역시,연수구
11956,갯벌체험 & 현대아울렛 일일투어,인천시,송도,인천광역시,연수구
11957,MD 직구 |  23.65,(없음),(없음),서울특별시,중구
11958,씨스루 홍대연남점,서울시,연남동,서울특별시,마포구
11959,BBQㅣ명동스타점,서울시,명동,서울특별시,중구
11960,MD 직구 | Peach C,(없음),(없음),서울특별시,중구
11961,MD 직구 | 수향 캔들,(없음),(없음),서울특별시,중구
11962,종로계림마늘닭(망원역점),서울시,망원동,서울특별시,마포구
11963,(폐업)엠플레이그라운드 명동점,서울시,명동,서울특별시,중구
11964,MD 직구 | 나이키 우먼스 나이키 리즈 365,(없음),(없음),서울특별시,중구
11965,남이섬 & 전통 양조장 일일투어,춘천시,(없음),강원특별자치도,춘천시
11967,홍대ㅣ무민카페,서울시,홍대,서울특별시,마포구
11968,마이산+전주 한옥마을 투어,전주시,(없음),전라북도,진안군
11969,MD 직구 | KAKAO FRIENDS PHONE CASE,(없음),(없음),서울특별시,중구
11970,MD 직구 | STRETCH ANGELS PANINI BAGS,(없음),(없음),서울특별시,중구
11972,MD 직구 | FILA 바리케이드 XT97,(없음),(없음),서울특별시,중구
11973,MD 직구 | GENTLEMONSTER SUNGLASS 랭,(없음),(없음),서울특별시,중구
11974,MD 직구 | NERDY NY STYLE,(없음),(없음),서울특별시,중구
11975,MD 직구 | 제이에스티나 주얼리,(없음),(없음),서울특별시,중구
11976,올드페리도넛 | 이태원,서울시,이태원,서울특별시,용산구
11977,파주 자연체험 일일여행,서울시,(없음),경기도,파주시
11978,MD 직구 | 스타벅스 벚꽃에디션,(없음),(없음),서울특별시,중구
11979,더파이니스트,서울시,이태원,서울특별시,용산구
11980,꿀밤포차,서울시,이태원,서울특별시,용산구
11981,양평 농촌체험 일일투어,서울시,(없음),경기도,양평군
11982,MD 직구｜MARHEN J,(없음),(없음),서울특별시,중구
11983,Dailies Yacht - 부산 퍼블릭 요트 체험,부산시,(없음),부산광역시,수영구
11984,Dailies Yacht - 부산 프라이빗 요트 렌탈,부산시,(없음),부산광역시,수영구
11985,더쇼 The SHOW (KPOP 방청 투어) + MVP 서울 투어 패키지 ,서울시,강서구,서울특별시,마포구
11986,MD 직구｜FOLDER BAG,(없음),(없음),서울특별시,중구
11987,(임시중단)부산가톨릭대학교 한국어학당,부산시,(없음),부산광역시,금정구
11989,(휴업중)(결제용) 부산가톨릭대학교 한국어학당,(없음),(없음),부산광역시,금정구
11990,MD 직구 |  브라켓테이블 리유저블 텀블러,(없음),(없음),서울특별시,중구
11991,국립중앙박물관 투어,서울시,(없음),서울특별시,용산구
11992,가톨릭 대학교 한국어학당 (영어),부산시,(없음),부산광역시,금정구
11993,식품 직구 | 건딸기 (대만홍콩배송가능),(없음),(없음),서울특별시,중구
11996,MD 직구 |  EXCELSIOR X O!Oi BOLT MULE _ QUARTZ PINK,(없음),(없음),서울특별시,중구
11997,MD 직구 | EXCELSIOR X O!Oi BOLT Lo_ CHILI RED,(없음),(없음),서울특별시,중구
11998,MD 직구 | 엑셀시오르 X O!Oi (대만홍콩배송가능),(없음),(없음),서울특별시,중구
11999,MD 직구 | EXCELSIOR X O!Oi BOLT Lo_ GOLD YELLOW,(없음),(없음),서울특별시,중구
12000,MD 직구 | GENTLEMONSTER SUNGLASS 솔로,(없음),(없음),서울특별시,중구
12001,MD 직구 | FILA 바리케이드 XT97 WBR,(없음),(없음),서울특별시,중구
12002,MD 직구 | FILA 바리케이드 XT97 WNV,(없음),(없음),서울특별시,중구
12003,MD 직구 | FILA RAY TRACER,(없음),(없음),서울특별시,중구
12004,MD 직구 | FILA 디스럽터2,(없음),(없음),서울특별시,중구
12005,MD 직구 | FILA 디스럽터 2 WWT,(없음),(없음),서울특별시,중구
12006,MD 직구 | FILA 디스럽터 2 WPK,(없음),(없음),서울특별시,중구
12007,MD 직구 | 경량블로킹자켓,(없음),(없음),서울특별시,중구
12008,MD 직구 | 경량블로킹자켓 DRD,(없음),(없음),서울특별시,중구
12009,MD 직구｜MARHEN J - 리코미니백 제스터레드,(없음),(없음),서울특별시,중구
12010,MD 직구｜MARHEN J - 리코미니백 모스그린,(없음),(없음),서울특별시,중구
12011,MD 직구｜MARHEN J - 리코미니백 인디핑크,(없음),(없음),서울특별시,중구
12012,MD 직구｜MARHEN J - 리코미니백 샌드베이지,(없음),(없음),서울특별시,중구
12013,MD 직구｜MARHEN J - 리코미니백 올블랙,(없음),(없음),서울특별시,중구
12014,MD 직구｜MARHEN J - 리코미니백 아이레드,(없음),(없음),서울특별시,중구
12015,MD 직구｜MARHEN J - 리코미니백 아이보리,(없음),(없음),서울특별시,중구
12016,MD 직구｜MARHEN J - 로이백 뉴트럴,(없음),(없음),서울특별시,중구
12017,MD 직구｜MARHEN J - 리키백 뉴트럴,(없음),(없음),서울특별시,중구
12018,MD 직구｜MARHEN J - 리코백 뉴트럴,(없음),(없음),서울특별시,중구
12019,MD 직구 | 브라켓테이블 모모텀블러,(없음),(없음),서울특별시,중구
12020,포항 일일여행,부산시,(없음),경상북도,경주시
12021,합정 송민호 카페ㅣ오색칠 ,서울시,(없음),서울특별시,마포구
12022,이태원 카페 사유,서울시,이태원,서울특별시,용산구
12023,MD 직구 | 카카오프렌즈 - 베이비 드리밍 에어팟 케이스 어피치,(없음),(없음),서울특별시,중구
12024,MD 직구 | 카카오프렌즈 - 베이비 드리밍 에어팟 케이스 라이언,(없음),(없음),서울특별시,중구
12025,부산/경주/통영 프라이빗 투어,부산시,(없음),부산광역시,기장군
12026,MD 직구 | 론론 - 케어베어스 맨투맨 소프트블루,(없음),(없음),서울특별시,중구
12027,MD 직구 | 론론 - 케어베어스 맨투맨 소프트핑크,(없음),(없음),서울특별시,중구
12028,MD 직구 | 브런치브라더 에어팟 프로 케이스,(없음),(없음),서울특별시,중구
12029,MD 직구 | 브런치브라더 아이폰 11 케이스,(없음),(없음),서울특별시,중구
12030,MD 직구 | 무아무아 밸런스 로고 티셔츠 - 옐로우,(없음),(없음),서울특별시,중구
12031,MD 직구 | 무아무아 밸런스 로고 티셔츠 - 라이트퍼플,(없음),(없음),서울특별시,중구
12032,MD 직구 | 무아무아 밸런스 로고 티셔츠 - 블랙,(없음),(없음),서울특별시,중구
12033,MD 직구 | 무아무아 밸런스 로고 티셔츠 - 네이비,(없음),(없음),서울특별시,중구
12034,MD 직구 | 무아무아 밸런스 로고 티셔츠,(없음),(없음),서울특별시,중구
12035, 대구 일일 시티투어,대구시,(없음),대구광역시,달서구
12036,식품 직구 | 청정원 츄앤리얼 - 고구마츄,(없음),(없음),서울특별시,중구
12038,MD 직구 | 스타벅스 2020 여름 시즌 - 바닷속 DW 글리터 글라스 콜드컵 591ml,(없음),(없음),서울특별시,중구
12039,MD 직구 | 스타벅스 2020 여름 시즌 - 바닷속 플로팅 콜드컵 473ml,(없음),(없음),서울특별시,중구
12040,MD 직구 | 스타벅스 2020 여름 시즌 - 바닷속 스노우글로브,(없음),(없음),서울특별시,중구
12041,MD 직구 | 스타벅스 2020 여름 시즌 -알로하 콜드컵 710ml,(없음),(없음),서울특별시,중구
12042,MD 직구 | 스타벅스 2020 여름 시즌 -알로하 베어리 키체인,(없음),(없음),서울특별시,중구
12043,MD 직구 | 스타벅스 2020 여름 시즌 -레몬 스플래쉬 콜드컵 591ml,(없음),(없음),서울특별시,중구
12044,MD 직구 | 스타벅스 2020 여름 시즌 - 서머 실리콘 스트로 세트,(없음),(없음),서울특별시,중구
12045,MD 직구 | 스타벅스 2020 여름 시즌 - 윌슨 서머 펀 텀블러 473ml,(없음),(없음),서울특별시,중구
12046,부산 크루즈 투어,부산시,(없음),부산광역시,중구
12047,코튼 서울,서울시,인사동,서울특별시,종로구
12048,"식품 직구 | 노브랜드 - 감자, 고구마칩 (110g)",(없음),(없음),서울특별시,중구
12049,MD 직구 | 한국 제일파프쿨 (대만홍콩배송가능),(없음),(없음),서울특별시,중구
12050,MD 직구 | 홍삼한방 (대만홍콩배송가능),(없음),(없음),서울특별시,중구
12051,MD 직구 | 설화수 자음 2종 세트,(없음),(없음),서울특별시,중구
12052,식품 직구 | 서울상회 - 건오징어 (220g),(없음),(없음),서울특별시,중구
12053,식품 직구 | 서울상회 - 건무화과 (160g),(없음),(없음),서울특별시,중구
12054,MD 직구 | 스타벅스 2020 여름 시즌,(없음),(없음),서울특별시,중구
12055,식품 직구 | 정관장 에브리데이 벨런스 10ml * 30포,(없음),(없음),서울특별시,중구
12056,MD 직구 | 설화수 -[SS 컬렉션] 퍼펙팅쿠션,(없음),(없음),서울특별시,중구
12057,식품 직구 | 동경식품 - 건오징어 (300g),(없음),(없음),서울특별시,중구
12058,식품 직구 | 홍콩 - 남대문 건딸기,(없음),(없음),서울특별시,중구
12060,식품 직구 |  오리온 쫀득쫀득 참 붕어빵 (24개입) 2개 (대만배송가능),(없음),(없음),서울특별시,중구
12061,식품 직구 | 비비고 한식간장 김자반 (대만홍콩배송가능),(없음),(없음),서울특별시,중구
12062,식품 직구 | 카누 라떼 50개입  (대만홍콩배송가능),(없음),(없음),서울특별시,중구
12063,MD 직구 | 메디힐 NMF 아쿠아링 앰플 마스크 EX (10매) 3개 (대만배송가능),(없음),(없음),서울특별시,중구
12064,Pizza & Burger Plus (PB+),서울시,이태원,서울특별시,용산구
12066,케르반 베이커리,서울시,이태원,서울특별시,용산구
12067,맥주덕후x더랜치브루잉,서울시,을지로,서울특별시,중구
12068,배스킨라빈스 (Baskin Robbins)  배달,한국,(없음),서울특별시,강남구
12069,식품 직구 | (대만/홍콩 배송가능) 동경식품 - 아구포+생선포+건오징어(오리지널)+건딸기*2,(없음),(없음),서울특별시,중구
12070,식품 직구 | (대만/홍콩 배송가능) 동경식품 -아구포280g &생선포 200g,(없음),(없음),서울특별시,중구
12071,인천 아시아 허브 투어,인천시,(없음),인천광역시,중구
12072,이불 (동계) - 아씨방,서울시,(없음),서울특별시,종로구
12073,인천 일몰 투어,인천시,(없음),인천광역시,계양구
12074,끼룩하우스 | 익선동,서울시,익선동,서울특별시,종로구
12075,MD 직구 | 시에로 젤러시 아카이브 플럼퍼,(없음),(없음),서울특별시,중구
12076,꽃다발 배달,한국,(없음),서울특별시,중구
12077,MD 직구 |  엠블러 티셔츠 (Brother Sister and Me),(없음),(없음),서울특별시,중구
12078,르몽블랑,서울시,이태원,서울특별시,용산구
12079,MD 직구 |  엠블러 티셔츠 (Balloon Bear),(없음),(없음),서울특별시,중구
12080,죽 배달,한국,(없음),서울특별시,강남구
12081,MD 직구 |  엠블러 티셔츠 (Get Over the Hump),(없음),(없음),서울특별시,중구
12082,MD 직구 |  엠블러 티셔츠 (UFO Bear),(없음),(없음),서울특별시,중구
12083,설빙 배달,한국,(없음),서울특별시,강남구
12084,이디야커피 배달,한국,(없음),서울특별시,강남구
12085,MD 직구 | 푸마 RS 샌들,(없음),(없음),서울특별시,중구
12086,"리엔장 홍대점ㅣ쁘띠,필러",서울시,홍대,서울특별시,마포구
12087,리엔장 홍대점ㅣ반영구,서울시,홍대,서울특별시,마포구
12088,MD 직구 | FILA X SUBWAY,(없음),(없음),서울특별시,중구
12089,(공개 X) 리엔장 홍대점ㅣ필러 시술,서울시,홍대,서울특별시,마포구
12090,투썸플레이스 배달,한국,(없음),서울특별시,강남구
12091,(제휴종료)이화 안동 찜닭,서울시,이대,서울특별시,서대문구
12092,식품 직구 |  PNB 풍년제과,(없음),(없음),전라북도,전주시 완산구
12094,MD 직구 |  레몬테라스 얼굴쿠션 (라이언/어피치),(없음),(없음),서울특별시,중구
12095,MD 직구 |  얌얌 페이스키체인 (라이언/어피치/튜프/제이지)(대만홍콩배송가능),(없음),(없음),서울특별시,중구
12096,MD 직구 |  얌얌 동전지갑 (라이언/어피치/튜브)(대만홍콩배송가능),(없음),(없음),서울특별시,중구
12097,MD 직구 |  얌얌인형 (라이언/어피치)(대만홍콩배송가능),(없음),(없음),서울특별시,중구
12098,삼계탕 배달,한국,(없음),서울특별시,강남구
12099,KF94 마스크 선물  (주문불가),한국,(없음),서울특별시,강남구
12100,MD 직구 | 손목보호인형 (리틀라이언),(없음),(없음),서울특별시,중구
12101,MD 직구 |  레몬테라스 향기인형 (라이언/어피치),(없음),(없음),서울특별시,중구
12102,엽기떡볶이 배달 (운영종지),한국,(없음),서울특별시,강남구
12103,MD 직구 |  얌얌 에코백  (라이언/어피치/튜브/제이지)(대만홍콩배송가능),(없음),(없음),서울특별시,중구
12104,MD 직구 |  얌얌 미니 에코백  (라이언/어피치/튜브/제이지)(대만홍콩배송가능),(없음),(없음),서울특별시,중구
12105,MD 직구 |  카카오 양말 세트 (라이언/어피치)(대만홍콩배송가능),(없음),(없음),서울특별시,중구
12106,MD 직구 | NEW ERA 핀치히터 뉴욕양키스 볼캡 (대만홍콩배송가능),(없음),(없음),서울특별시,중구
12107,MD 직구 | NEW ERA 언스트럭쳐 미니 메탈 뉴욕 양키스 (대만홍콩배송가능),(없음),(없음),서울특별시,중구
12108,MD 직구 | NEW ERA K프레임 매트 폴리 NYC 볼캡 (대만홍콩배송가능),(없음),(없음),서울특별시,중구
12109,MD 직구 | NEW ERA MLB 뉴욕 양키스 버킷 햇블랙 (대만홍콩배송가능),(없음),(없음),서울특별시,중구
12110,MD 직구 | NEW ERA 2020 캐리어 백팩 블랙 (대만홍콩배송가능),(없음),(없음),서울특별시,중구
12111,MD 직구 | NEW ERA 2020 얼반 백팩 (대만홍콩배송가능),(없음),(없음),서울특별시,중구
12112,MD 직구 | NEW ERA 블랙 팩 멀티 케이스 블랙 (대만홍콩배송가능),(없음),(없음),서울특별시,중구
12113,(폐업)센터커피 명동,서울시,"명동,을지로",서울특별시,중구
12114,MD 직구 | 스타벅스 캐리어 (대만홍콩배송가능),(없음),(없음),서울특별시,중구
12115,MD 직구 | 데이지크 아이섀도우팔레트 (대만홍콩배송가능),(없음),(없음),서울특별시,중구
12116,MD 직구 | 챔피언 티셔츠 (2개 세트) (대만홍콩배송가능),(없음),(없음),서울특별시,중구
12117,MD 직구 | 마마카사르 목걸이 (이태원 클라쓰)(대만홍콩배송가능),(없음),(없음),서울특별시,중구
12118,식품 직구 | 비비고 삼계탕 800g (대만홍콩배송가능),(없음),(없음),서울특별시,중구
12119,식품 직구 | 비비고 육개장 (대만홍콩배송가능),(없음),(없음),서울특별시,중구
12120,MD 직구 | WORKMAN 19.5oz 스니커즈 (대만홍콩배송가능),(없음),(없음),서울특별시,중구
12121,MD 직구 | 테이프 아노락 (대만홍콩배송가능),(없음),(없음),서울특별시,중구
12122,식품 직구 |  다양한 아몬드 세트 (대만홍콩배송가능),(없음),(없음),서울특별시,중구
12123,식품 직구 | 허니버터아몬드 세트 (대만홍콩배송가능),(없음),(없음),서울특별시,중구
12124,식품 직구 | 비비고 사골곰탕 500g (대만홍콩배송가능),(없음),(없음),서울특별시,중구
12125,MD 직구 | 라운드랩 토너 + 로션 + 마스크 (대만홍콩배송가능),(없음),(없음),서울특별시,중구
12126,식품 직구 | 비비고 삼계탕 + 육개장 + 사골곰탕 (대만홍콩배송가능),(없음),(없음),서울특별시,중구
12127,MD 직구 | 스몰 리니어 로고 레터링 지갑 (대만홍콩배송가능),(없음),(없음),서울특별시,중구
12128,직구 별도 결제 페이지,서울시,(없음),서울특별시,중구
12129,이불 (여름) (대만홍콩배송가능),(없음),(없음),서울특별시,중구
12130,이불 (여름) 풍기인견 (대만홍콩배송가능),(없음),(없음),서울특별시,중구
12131,MD 직구 | TIME 에코백 (대만홍콩배송가능),(없음),(없음),서울특별시,중구
12132,MD 직구 | 리드캣 YLM 19 (대만홍콩배송가능),(없음),(없음),서울특별시,중구
12133,스노위랜드 (얼리버드 장갑증정 이벤트),서울시,(없음),강원특별자치도,홍천군
12134,MD 직구 | STRAP LINEN BUCKET HAT (대만홍콩배송가능),(없음),(없음),서울특별시,중구
12135,식품 직구 | CJ 맛밤 80g (대만홍콩배송가능),(없음),(없음),서울특별시,중구
12136,식품 직구 | 비비고 두부김치찌개 (대만홍콩배송가능),(없음),(없음),서울특별시,중구
12137,식품 직구 | 비비고 차돌된장찌개 (대만홍콩배송가능),(없음),(없음),서울특별시,중구
12138,식품 직구 | 비비고 된장찌개 (대만홍콩배송가능),(없음),(없음),서울특별시,중구
12139,식품 직구 | 비비고 소고기미역국 (대만홍콩배송가능),(없음),(없음),서울특별시,중구
12140,초코블라썸,서울시,신촌,서울특별시,서대문구
12141,식품 직구 | 팔도 X FCMM 콜라보 캠핑팩 세트 (대만홍콩배송가능),(없음),(없음),서울특별시,중구
12142,MD 직구 | 스파오 토이 프렌즈 파자마 (대만홍콩배송가능),(없음),(없음),서울특별시,중구
12143,MD 직구 | 이니스프리 화산송이 모공 폼 (대만홍콩배송가능),(없음),(없음),서울특별시,중구
12144,MD 직구 | FCMM 로고 슬라이드 (+양말 증정)(홍콩대만배송가능),(없음),(없음),서울특별시,중구
12145,식품 직구 | 비비고 소고기무국 (대만홍콩배송가능),(없음),(없음),서울특별시,중구
12146,식품 직구 | 비비고 소고기장터국 (대만홍콩배송가능),(없음),(없음),서울특별시,중구
12147,식품 직구 | 비비고  차돌육개장 (대만홍콩배송가능),(없음),(없음),서울특별시,중구
12148,식품 직구 | 비비고 알탕 (대만홍콩배송가능),(없음),(없음),서울특별시,중구
12149,식품 직구 | 비비고 콩나물황태국 (대만홍콩배송가능),(없음),(없음),서울특별시,중구
12150,식품 직구 | 비비고 갈비탕 (대만홍콩배송가능),(없음),(없음),서울특별시,중구
12151,식품 직구 | 비비고 설렁탕 (대만홍콩배송가능),(없음),(없음),서울특별시,중구
12152,식품 직구 | 허니버터 마카다미아 (대만홍콩배송가능),(없음),(없음),서울특별시,중구
12153,식품 직구 | 청우 마늘바게트칩 400g (대만홍콩배송가능),(없음),(없음),서울특별시,중구
12154,식품 직구 | 허니버터 캐슈넛 (대만홍콩배송가능),(없음),(없음),서울특별시,중구
12155,식품 직구 | 청우 쫀득초코칩 12개입 (대만홍콩배송가능),(없음),(없음),서울특별시,중구
12156,식품 직구 | 허니버터 믹스넛 (대만홍콩배송가능),(없음),(없음),서울특별시,중구
12157,고성 라벤더 축제 투어,고성군,(없음),서울특별시,중구
12158,식품 직구 | 허니버터 호두 (대만홍콩배송가능),(없음),(없음),서울특별시,중구
12159,식품 직구 | 허니버터 5종 종합세트 (대만홍콩배송가능),(없음),(없음),서울특별시,중구
12160,식품 직구 | 마켓오 브라우니 12개입 (대만홍콩배송가능),(없음),(없음),서울특별시,중구
12161,MD 직구 | 이화여자대학교 야구모자 (대만홍콩배송가능),(없음),이화여자대학교,서울특별시,중구
12162,MD 직구 | 이화여자대학교 야구점퍼 (대만홍콩배송가능),(없음),이화여자대학교,서울특별시,중구
12163,MD 직구 | 경희대학교 야구점퍼-블랙 (대만홍콩배송가능),(없음),경희대학교,서울특별시,중구
12164,MD 직구 | 고려대학교 K로고 청지 야구점퍼 (대만홍콩배송가능),(없음),고려대학교,서울특별시,중구
12165,MD 직구 | 연세대학교 연세집업후드 (대만홍콩배송가능),(없음),연세대학교,서울특별시,중구
12166,MD 직구 | 서울대학교 야구점퍼 (대만홍콩배송가능),(없음),(없음),서울특별시,중구
12167,식품 직구 | 비비고 김치볶음 80g (대만홍콩배송가능),(없음),(없음),서울특별시,중구
12168,식품 직구 | 내아이애 동결건조 요거트엔 유아과일큐브 (대만홍콩배송가능),(없음),(없음),서울특별시,중구
12169,MD 직구 | 카카오프렌즈 러브립스틱 X 리틀프렌즈 에디션 (+오거나이저) (대만홍콩배송가능),(없음),(없음),서울특별시,중구
12170,MD 직구 | 카카오프렌즈 머메이드 소프트토이 어피치 (대만홍콩배송가능),(없음),(없음),서울특별시,중구
12171,MD 직구 | 더후 비첩 순환 에센스로얄 헤리티지 에디션 (대만홍콩배송가능),(없음),(없음),서울특별시,중구
12172,식품 직구 | 비비고 불낙죽 (대만홍콩배송가능),(없음),(없음),서울특별시,중구
12173,식품 직구 | 비비고 삼선해물죽 (대만홍콩배송가능),(없음),(없음),서울특별시,중구
12174,식품 직구 | 비비고 김치낙지죽 (대만홍콩배송가능),(없음),(없음),서울특별시,중구
12175,식품 직구 | 비비고 불낙죽 + 해물죽삼선 + 김치낙지죽 (대만홍콩배송가능),(없음),(없음),서울특별시,중구
12176,식품 직구 | 동원 양반 들기름 도시락김 (대만홍콩배송가능),(없음),(없음),서울특별시,중구
12177,MD 직구 | 빅웨이브컬렉티브 SURF'S UP PENGUIN TEE(대만홍콩배송가능),(없음),(없음),서울특별시,중구
12178,MD 직구 | 쥬네스 Studio S/S TEE (대만홍콩배송가능),(없음),(없음),서울특별시,중구
12179,식품 직구 | 삼양 까르보불닭라볶이 330g (대만홍콩배송가능),(없음),(없음),서울특별시,중구
12180,식품 직구 | 죠스어묵티 24T(기본12T+매운맛12T) 1세트 (대만홍콩배송가능),(없음),(없음),서울특별시,중구
12181,MD 직구 | 휠라X아웃도어프로덕트 탐험가 그래픽 티 (대만홍콩배송가능),(없음),(없음),서울특별시,중구
12182,MD 직구 | 휠라X아웃도어프로덕트 자수볼캡 (대만홍콩배송가능),(없음),(없음),서울특별시,중구
12183,MD 직구 | 휠라X아웃도어프로덕트 캠퍼 그래픽 티 (대만홍콩배송가능),(없음),(없음),서울특별시,중구
12184,식품 직구 | 동원 떡볶이의 신 짜장라볶이 (대만홍콩배송가능),(없음),(없음),서울특별시,중구
12185,식품 직구 | 동원 떡볶이의 신 즉석라볶이 (대만홍콩배송가능),(없음),(없음),서울특별시,중구
12186,식품 직구 | 동원 떡볶이의 신 치즈떡볶이 (대만홍콩배송가능),(없음),(없음),서울특별시,중구
12187,식품 직구 |  동원 떡볶이의 신 짜장라볶이 + 즉석라볶이 + 치즈떡볶이 1개 세트 (대만홍콩배송가능),(없음),(없음),서울특별시,중구
12188,식품 직구 | 비타500 데일리스틱 (대만홍콩배송가능),(없음),(없음),서울특별시,중구
12189,MD 직구 | SPAO (인사동 박물관) 해치 (대만홍콩배송가능),(없음),(없음),서울특별시,중구
12190,MD 직구 | SPAO (삼남매) 일출팔광 티셔츠 (대만홍콩배송가능),(없음),(없음),서울특별시,중구
12191,MD 직구 | SPAO (삼남매) 화려한 일출이 나를 두루미 티셔츠 (대만홍콩배송가능),(없음),(없음),서울특별시,중구
12192,MD 직구 | 오색칠 빨대 (송민호 카페) (대만홍콩배송가능),(없음),(없음),서울특별시,중구
12193,MD 직구 | 제이에스티나 Flolet 목걸이 (대만홍콩배송가능),(없음),(없음),서울특별시,중구
12194,식품 직구 | 샘표 우리엄마 명태채볶음 통조림 (대만홍콩배송가능),(없음),(없음),서울특별시,중구
12195,"식품 직구 | 제주감귤차,한라봉차 선물세트 (대만홍콩배송가능)",(없음),(없음),서울특별시,중구
12196,MD 직구 | 오색칠 뱃지 3종 (송민호 카페) (대만홍콩배송가능),(없음),(없음),서울특별시,중구
12198,MD 직구 | 아이유 티셔츠 + 뱃지 세트 (대만홍콩배송가능),(없음),(없음),서울특별시,중구
12199,MD 직구 | [구달] [삐삐에디션] 청귤 비타C 잡티세럼 플러스 더블에디션 (대만홍콩배송가능),(없음),(없음),서울특별시,중구
12200,서울 워킹 투어,서울시,(없음),서울특별시,종로구
12201,식품 직구 | 이제뷰티 리얼석류 (대만홍콩배송가능),(없음),(없음),서울특별시,중구
12202,식품 직구 | 맥심 카누 아이스라떼 (대만홍콩배송가능),(없음),(없음),서울특별시,중구
12203,MD 직구 | MINOMI KEY RING (대만홍콩배송가능),(없음),(없음),서울특별시,중구
12204,MD 직구 | 씨앤피 퀵 수딩 SOS 마스크팩 (대만홍콩배송가능),(없음),(없음),서울특별시,중구
12205,MD 직구 | 씨앤피 프로폴리스 에너지 앰플 마스크 (대만홍콩배송가능),(없음),(없음),서울특별시,중구
12206,MD 직구 | 아디다스 슈퍼스타 서울팩 (대만홍콩배송가능),(없음),(없음),서울특별시,중구
12207,MD 직구 | 베베누보 하이진 아이스 블랭킷 여름 아기 이불 (대만홍콩배송가능),(없음),(없음),서울특별시,중구
12208,MD 직구 | 스타벅스 제주 에디션 (대만홍콩배송가능),제주시,(없음),서울특별시,중구
12209,식품 직구 | 정관장 홍삼정 캡슐로얄 500mg x 300캡슐 (대만홍콩배송가능),(없음),(없음),서울특별시,중구
12217,아이비 왁싱,서울시,홍대,서울특별시,마포구
12218,식품 직구 | 에이치엘사이언스 현빈새싹보리 유기농 새싹보리 착즙분말 (대만홍콩배송가능),(없음),(없음),서울특별시,중구
12219,식품 직구 | 샘표 우리엄마 깻잎 (대만홍콩배송가능),(없음),(없음),서울특별시,중구
12220,MD 직구 | 3초 가운 (대만홍콩배송가능),(없음),(없음),서울특별시,중구
12221,MD 직구 | 휠라 범퍼 뮬 (대만홍콩배송가능),(없음),(없음),서울특별시,중구
12222,식품 직구 | 종가집 김치캔 깔끔한맛 (대만홍콩배송가능),(없음),(없음),서울특별시,중구
12223,식품 직구 | 명진식품 맛나왕포 (대만홍콩배송가능),(없음),(없음),서울특별시,중구
12224,식품 직구 | 가나 크리미츄 (대만홍콩배송가능),(없음),(없음),서울특별시,중구
12225,식품 직구 | 종가집 오징어채 볶음 (대만홍콩배송가능),(없음),(없음),서울특별시,중구
12226,MD 직구 | 젠틀몬스터 마이마 01 (대만홍콩배송가능),(없음),(없음),서울특별시,중구
12227,MD 직구 | BTS X 뉴에라 멀티 케이스 블랙 (대만홍콩배송가능),(없음),(없음),서울특별시,중구
12228,MD 직구 | BTS X 뉴에라 볼캡 (대만홍콩배송가능),(없음),(없음),서울특별시,중구
12229,MD 직구 | 퓨어레인 비타 녹물제거 샤워기 + 필터3개 세트 (대만홍콩배송가능),(없음),(없음),서울특별시,중구
12230,MD 직구 | BTS X 뉴에라 버킷 햇 블랙 (대만홍콩배송가능),(없음),(없음),서울특별시,중구
12231,식품 직구 | 농심 칼빔면 멀티팩 (대만배송),(없음),(없음),서울특별시,중구
12232,식품 직구 | 담터 호두 아몬드 율무차 (대만배송),(없음),(없음),서울특별시,중구
12233,MD 직구 | 사운드샵발란사 반팔티 BALANSA LOGO S/S TEE (대만홍콩배송가능),(없음),(없음),서울특별시,중구
12234,MD 직구 | 아모레퍼시픽 이너프 프로젝트 스킨케어 2종 세트 (대만홍콩배송가능),(없음),(없음),서울특별시,중구
12235,MD 직구 | 베베누보 하이진 아이스 유모차 쿨시트 라이너 (대만홍콩배송가능),(없음),(없음),서울특별시,중구
12236,MD 직구 |  [BTS|SYSTEM] 피에타 그래픽 티셔츠 (대만홍콩배송가능),(없음),(없음),서울특별시,중구
12237,MD 직구 |  노스페이스 화이트라벨 우븐 슬라이드 (대만홍콩배송가능),(없음),(없음),서울특별시,중구
12238,MD 직구 | 더베이지 남대문시장 (대만홍콩배송가능),(없음),(없음),서울특별시,중구
12239,MD 직구 | 아이다 남대문시장 (대만홍콩배송가능),(없음),(없음),서울특별시,중구
12240,MD 직구 | 엠키즈 남대문시장 (대만홍콩배송가능),(없음),(없음),서울특별시,중구
12241,MD 직구 | 미앙 남대문시장 (대만홍콩배송가능),(없음),(없음),서울특별시,중구
12242,MD 직구 | 휠라X아웃도어프로덕트 로고자수 양말 (대만홍콩배송가능),(없음),(없음),서울특별시,중구
12243,Jinmi Sikdang,서울시,(없음),서울특별시,중구
12248,식품 직구 | 담터 생강차 플러스 (대만홍콩배송가능),(없음),(없음),서울특별시,중구
12249,MD 직구 | 디스이즈네버댓X포켓몬 PKM Jump Tee (대만홍콩배송가능),(없음),(없음),서울특별시,중구
12250,MD 직구 | 디스이즈네버댓X포켓몬 PKM Reflective Tee (대만홍콩배송가능),(없음),(없음),서울특별시,중구
12251,MD 직구 | 디스이즈네버댓X포켓몬 PKM Tote Bag(대만홍콩배송가능),(없음),(없음),서울특별시,중구
12252,MD 직구 |  그레이고 깡 GANG 자수 로고 티셔츠(대만홍콩배송가능),(없음),(없음),서울특별시,중구
12253,식품 직구 | 비비고 버터 간장 김자반 50g(대만홍콩배송가능),(없음),(없음),서울특별시,중구
12254,식품 직구 | 비비고 직화구이김 4.5g * 12 (대만홍콩배송가능),(없음),(없음),서울특별시,중구
12255,식품 직구 | CJ 쁘띠첼 미초 (대만배송가능),(없음),(없음),서울특별시,중구
12256,MD 직구 |  클루 나의 그리스 여신이야기 열두달 탄생석 실버 목걸이 (대만홍콩배송가능),(없음),(없음),서울특별시,중구
12257,식품 직구 | 맥심 커피믹스 레트로 에디션 - 보온병  (대만홍콩배송가능),(없음),(없음),서울특별시,중구
12258,식품 직구 | 카누 아이스블렌드 아메리카노 100T+트윙클텀블러 (대만홍콩배송가능),(없음),(없음),서울특별시,중구
12259,ผลิตภัณฑ์เสริมอาหาร ช่วยในการขับถ่าย  LACTO-FIT  โปรไบโอติก ,(없음),(없음),서울특별시,중구
12260,식품 직구 | 칙촉 오리지널/티라미수 168g 12개입 (대만홍콩배송가능),(없음),(없음),서울특별시,중구
12261,식품 직구 | 켈로그 첵스 파맛 350g (대만홍콩배송가능),(없음),(없음),서울특별시,중구
12262,식품 직구 | 비니스트 오리지널 아메리카노 원두커피믹스 130T (대만홍콩배송가능),(없음),(없음),서울특별시,중구
12263,식품 직구 | 곰곰 국내산 고춧가루 (대만홍콩배송가능),(없음),(없음),서울특별시,중구
12264,MD 직구 |  한국도자기리빙 예 유기 부부 수저 2인 세트 (대만홍콩배송가능),(없음),(없음),서울특별시,중구
12265,MD 직구 |  두부 할멍이 호두과자 (대만홍콩배송가능),(없음),(없음),서울특별시,중구
12266,MD 직구 | 휠라 레이트레이서 샌들 2020 (대만홍콩배송가능),(없음),(없음),서울특별시,중구
12267,MD 직구 | 페리오 클라렌 화이트나우 치아미백제 미백스트립 (대만홍콩배송가능),(없음),(없음),서울특별시,중구
12268,MD 직구 | 유니섹스 풀네임 로고 핸드 엠보더리 티셔츠 atb508u(BLUE)(대만홍콩배송가능) ,(없음),(없음),서울특별시,중구
12269,굽네치킨 배달,한국,(없음),서울특별시,강남구
12270,식품 직구 | 본죽 상온죽(330g)5종 세트 (대만홍콩배송가능),(없음),(없음),서울특별시,중구
12271,식품 직구 | 아침엔본죽(파우치 200g) 3종 혼합 세트 (대만홍콩배송가능),(없음),(없음),서울특별시,중구
12272,식품 직구 | 오뚜기 옛날잡채 멀티 75g  (4개입)(대만홍콩배송가능),(없음),(없음),서울특별시,중구
12273,식품 직구 | 뉴트리원 전지현 비비랩 더 콜라겐 파우더 30포 자몽맛 (1통) (대만홍콩배송가능),(없음),(없음),서울특별시,중구
12274,MD 직구 | 휠라 워니프렌즈 비치백 + 비치파우치 세트 (대만홍콩배송가능),(없음),(없음),서울특별시,중구
12275,MD 직구 | 그레이즈문 젤리티 (대만홍콩배송가능),(없음),(없음),서울특별시,중구
12276,MD 직구 | 그레이즈문 레트로 1990 포인트 티셔츠 (대만홍콩배송가능),(없음),(없음),서울특별시,중구
12277,MD 직구 | 엑셀시오르 볼트 2way 남여공용 샌들 블랙 BK (대만홍콩배송가능),(없음),(없음),서울특별시,중구
12278,test,서울시,(없음),서울특별시,중구
12279,식품 직구 | 이디야 비니스트 카페 커피 (대만배송가능),(없음),(없음),서울특별시,중구
12280,식품 직구 | 오뚜기 옛날 참기름 500g(대만홍콩배송가능),(없음),(없음),서울특별시,중구
12281,식품 직구 | 오뚜기 진진짜라 4입 (대만배송가능),(없음),(없음),서울특별시,중구
12282,식품 직구 | 농심 둥지냉면 (대만배송가능),(없음),(없음),서울특별시,중구
12283,식품 직구 | 롯데제과 드림카카오 72% 86g (대만배송가능),(없음),(없음),서울특별시,중구
12284,식품 직구 | 뉴트리디데이 다이어트 쉐이크 해피믹스 14포 (대만배송가능),(없음),(없음),서울특별시,중구
12285,식품 직구 | 오뚜기 오동통면 멀티 봉지라면 120g (대만배송가능),(없음),(없음),서울특별시,중구
12286,(폐업)마녀주방 명동점,서울시,명동,서울특별시,중구
12287,MD 직구 | 아가드 유아용 아이쿵 머리보호대 (대만홍콩배송가능),(없음),(없음),서울특별시,중구
12288,MD 직구 | 후아유 WHBGA2430A 스티브 캔버스 버킷백 (대만홍콩배송가능),(없음),(없음),서울특별시,중구
12289,마녀주방 신촌점,서울시,신촌,서울특별시,중구
12290,MD 직구 | 해브어굿타임 PVC CLEAR TOTE(대만홍콩배송가능),(없음),(없음),서울특별시,중구
12291,MD 직구 | NIEEH Envelope Bag_LIGHT (대만홍콩배송가능),(없음),(없음),서울특별시,중구
12292,MD 직구 | FIKA 프라이팬 (대만홍콩배송가능),(없음),(없음),서울특별시,중구
12293,식품 직구 | 종가집 볶음김치 80g (대만홍콩배송가능),(없음),(없음),서울특별시,중구
12294,식품 직구 | 진주햄 더블링 콰트로치즈 간식 소시지 400g (16개입) (대만홍콩배송가능),(없음),(없음),서울특별시,중구
12295,식품 직구 | 오리온 초코가 필요해 과자세트 1296g (대만배송가능),(없음),(없음),서울특별시,중구
12296,식품 직구 | 오리온 입이 심심해 과자세트 564g (대만배송가능),(없음),(없음),서울특별시,중구
12297,MD 직구 | 설화수 윤조에센스 90ML (대만홍콩배송가능),(없음),(없음),서울특별시,중구
12298,MD 직구 | 더후 비첩 순환에센스 130ml 홀리데이 에디션 (대만홍콩배송가능),(없음),(없음),서울특별시,중구
12299,MD 직구 | 꼬뜨게랑 (대만홍콩배송가능),(없음),(없음),서울특별시,중구
12300,식품 직구 | 오미자 플러스 과실차 15입 (대만홍콩배송가능),(없음),(없음),서울특별시,중구
12301,식품 직구 | 비비고 칩 40g (대만홍콩배송가능),(없음),(없음),서울특별시,중구
12302,식품 직구 | 정관장몰 굿베이스 홍삼담은 석류스틱 (10ml * 30포) (대만홍콩배송가능),(없음),(없음),서울특별시,중구
12304,식품 직구 | 삼양 불닭 파스타 소스 (대만배송가능),(없음),(없음),서울특별시,중구
12305,식품 직구 | 정원삼 6년근 고려홍삼정 365스틱 30포 (대만홍콩배송가능),(없음),(없음),서울특별시,중구
12306,식품 직구 | 대만 곰곰 호로록 매콤 라면 by 팔도 (대만홍콩배송가능),(없음),(없음),서울특별시,중구
12307,식품 직구 | 쁘띠몽쉘 레몬&그린티(16입) * 2개 + 커스타드&카라멜(16입) * 2개(대만홍콩배송가능),(없음),(없음),서울특별시,중구
12308,MD 직구 | 젤리곰 장난감 (삑삑) (대만홍콩배송가능),(없음),(없음),서울특별시,중구
12309,MD 직구 | Summer Hate T-Shirt (대만홍콩배송가능),(없음),(없음),서울특별시,중구
12310,식품 직구 | 샤니 미니꿀약과 400g (대만홍콩배송가능),(없음),(없음),서울특별시,중구
12311,MD 직구 | 마크곤잘레스 ECO POUCH BAG IVORY (대만홍콩배송가능),(없음),(없음),서울특별시,중구
12312,식품 직구 | 동경식품 - 건생선 총집합 (대만홍콩배송가능) ,서울시,(없음),서울특별시,중구
12313,MD 직구 | 후 비첩 자생에센스 기획 세트 (대만홍콩배송가능) ,(없음),(없음),서울특별시,중구
12315,식품 직구 | 다노 브라운라이스소울 현미시리얼 10개입 (대만홍콩배송가능) ,(없음),(없음),서울특별시,중구
12316,MD 직구 | 오색칠 빨대 + 뱃지 + 컵 세트 (송민호 카페) (대만홍콩배송가능),(없음),(없음),서울특별시,중구
12317,MD 직구 | 오색칠 컵 (송민호 카페) (대만홍콩배송가능),(없음),(없음),서울특별시,중구
12318,MD 직구 | 이니스프리 그린티밸런싱 스킨케어 화장품 2종 세트 EX (대만홍콩배송가능),(없음),(없음),서울특별시,중구
12319,MD 직구 | 이니스프리 그린티 씨드 세럼 80ml (대만홍콩배송가능),(없음),(없음),서울특별시,중구
12320,MD 직구 | 이니스프리 그린티 씨드 세럼 [페이퍼보틀] 160ml (대만홍콩배송가능),(없음),(없음),서울특별시,중구
12321,MD 직구 | 빌리프 더 트루 크림 아쿠아 밤 75ml (대만홍콩배송가능),(없음),(없음),서울특별시,중구
12322,식품 직구 | 레디큐 다이어트 츄 10개입 (대만홍콩배송가능),(없음),(없음),서울특별시,중구
12323,식품 직구 | 담터 마가 들어간 15곡 미숫가루 (대만홍콩배송가능),(없음),(없음),서울특별시,중구
12324,식품 직구 | 농심 매운 새우깡 (대만홍콩배송가능),(없음),(없음),서울특별시,중구
12328,ＭD 직구 | 이브정원 피그먼트 이불겸패드 (대만홍콩배송가능),(없음),(없음),서울특별시,중구
12329,MD 직구 | 이니스프리 더마포뮬러 그린티 프로바이오티스 크림 (대만홍콩배송가능),(없음),(없음),서울특별시,중구
12330,MD 직구 | 이니스프리 수퍼 화산송이 모공마스크 2X 100ml (대만홍콩배송가능),(없음),(없음),서울특별시,중구
12331,평창평화뮤직페스티벌 투어,평창군,(없음),서울특별시,중구
12332,MD 직구 | 이니스프리 노세범 미네랄 파우더  (대만홍콩배송가능),(없음),(없음),서울특별시,중구
12333,식품 직구 | 해태 후렌치 파이 (대만홍콩배송가능),(없음),(없음),서울특별시,중구
12334,식품 직구 | 오설록 티 케이크 세트 (총 42입) (대만홍콩배송가능),(없음),(없음),서울특별시,중구
12335,식품 직구 | 투썸플레이스 스페셜 커피 기프트세트 13호 (대만홍콩배송가능),(없음),(없음),서울특별시,중구
12336,식품 직구 | 카누 미니 디카페인 아메리카노 (대만홍콩배송가능),(없음),(없음),서울특별시,중구
12337,MD 직구 | 삐아 라스트 세범 팩트 - 00 수퍼 클리어 (대만홍콩배송가능),(없음),(없음),서울특별시,중구
12338,정관장 홍삼 배달  (주문불가),한국,(없음),서울특별시,중구
12339,식품 직구 | 농심 앵그리 너구리 5개입 (대만홍콩배송가능),(없음),(없음),서울특별시,중구
12340,식품 직구 | 백쿡 백종원의 만능 양념장 (대만홍콩배송가능),(없음),(없음),서울특별시,중구
12341,식품 직구 | 백쿡 백종원의 만능 짜장 (대만홍콩배송가능),(없음),(없음),서울특별시,중구
12342,식품 직구 | 백쿡 백종원의 만능볶음고추장소스 (대만홍콩배송가능),(없음),(없음),서울특별시,중구
12343,식품 직구 | 백쿡 백종원의 소스 세트 (대만홍콩배송가능),(없음),(없음),서울특별시,중구
12344, MD 직구 | 휠라 토마이아 샌들 테이피테이프 (대만홍콩배송가능),(없음),(없음),서울특별시,중구
12345,MD 직구 | 휠라 보이저컬렉션 데일리백팩 (대만홍콩배송가능),(없음),(없음),서울특별시,중구
12346,MD 직구 | 휠라 보이저컬렉션 버킷햇 (대만홍콩배송가능),(없음),(없음),서울특별시,중구
12347,식품 직구 | 농심 볶음 너구리 봉지라면 (4개입) (대만홍콩배송가능),(없음),(없음),서울특별시,중구
12348,식품 직구 | 카누 더블샷 라떼 스틱 커피 50입 (대만홍콩배송가능),(없음),(없음),서울특별시,중구
12349,식품 직구 | 일동제약 마이니 셀프케어 다이어트 구미 12개 5봉 (대만홍콩배송가능),(없음),(없음),서울특별시,중구
12350,MD 직구 | 헤라 옴므 스페셜 2종 세트 (대만홍콩배송가능),(없음),(없음),서울특별시,중구
12351,MD 직구 | 헤라 센슈얼 스파이시 누드 글로스 (대만홍콩배송가능),(없음),(없음),서울특별시,중구
12352,식품 직구 | 머거본 참치어포 스낵 (대만홍콩배송가능),(없음),(없음),서울특별시,중구
12353,식품 직구 | 고려은단 비타민C 1000 이지 180정 (대만홍콩배송가능),(없음),(없음),서울특별시,중구
12354,MD 직구 | 씨앤피 안티 포어 블랙헤드 코 팩 클리어 키트 10p (대만홍콩배송가능),(없음),(없음),서울특별시,중구
12355,MD 직구 | OiOi MESH POINT AIRLINE BAG_black (대만홍콩배송가능),(없음),(없음),서울특별시,중구
12356,MD 직구 | 코스알엑스 원스텝 패드,(없음),(없음),서울특별시,중구
12357,MD 직구 |  스타벅스 2020 여름3차 MD,(없음),(없음),서울특별시,중구
12358,MD 직구 | 헤라 에이지 어웨이 보은 3종 세트  (대만홍콩배송가능),(없음),(없음),서울특별시,중구
12359,MD 직구 | 칠성사이다 X BTS 복숭아 스페셜 에디션 (대만홍콩배송가능),(없음),(없음),서울특별시,중구
12360,식품 직구 | 경남제약 BTS 레모나 (대만홍콩배송가능),(없음),(없음),서울특별시,중구
12361,MD 직구 | 신묘한이야기 마포멋쟁이 해바라기 스딸라 키링 (대만홍콩배송가능),(없음),(없음),서울특별시,중구
12362,MD 직구 | 스파오 싹쓰리 티셔츠(CREAM) SPRLA38C12 (대만홍콩배송가능),(없음),(없음),서울특별시,중구
12363,MD 직구 | 스파오 싹쓰리 티셔츠(GREEN)_SPRLA38C12 (대만홍콩배송가능),(없음),(없음),서울특별시,중구
12364,MD 직구 | 스파오 싹쓰리 티셔츠(BLUE)_SPRLA38C12 (대만홍콩배송가능),(없음),(없음),서울특별시,중구
12365,식품 직구 | 백쿡 백종원 만능 볶음요리 소스 (대만홍콩배송가능),(없음),(없음),서울특별시,중구
12366,MD 직구 | MANI E PIEDI Falling Rain Earring-GOLD 1개 (대만홍콩배송가능),(없음),(없음),서울특별시,중구
12368,식품 직구 | 고잉메리 요괴라면 봉골레맛 (5개입 110g) (대만홍콩배송가능),(없음),(없음),서울특별시,중구
12369,식품 직구 | 고잉메리 요괴라면 크림크림맛 (5개입 120g) (대만홍콩배송가능),(없음),(없음),서울특별시,중구
12370,식품 직구 | 고잉메리 요괴라면 매운볶음맛 (5개입 130g) (대만홍콩배송가능),(없음),(없음),서울특별시,중구
12371,식품 직구 | 고잉메리 요괴라면 3종세트 (대만홍콩배송가능),(없음),(없음),서울특별시,중구
12372,식품 직구 | 백쿡 백종원의 매콤떡볶이 양념 155g (대만홍콩배송가능),(없음),(없음),서울특별시,중구
12373,식품 직구 | 백쿡 백종원의 궁중떡볶이 양념 190g (대만홍콩배송가능),(없음),(없음),서울특별시,중구
12374,식품 직구 | 백쿡 백종원의 소불고기 양념 160g (대만홍콩배송가능),(없음),(없음),서울특별시,중구
12375,식품 직구 | 백쿡 백종원 팩 양념 (대만홍콩배송가능),(없음),(없음),서울특별시,중구
12376,식품 직구 | 한채 꿀고구마 말랭이 60g 5팩 (대만홍콩배송가능),(없음),(없음),서울특별시,중구
12377,MD 직구 | BLACKPINK OFFICIAL LIGHT STICK 1개 (건전지 없음) (대만홍콩배송가능),(없음),(없음),서울특별시,중구
12378,MD 직구 | 모레모 워터 트리트먼트 미라클10 480ml 1개 (대만홍콩배송가능),(없음),(없음),서울특별시,중구
12379,MD 직구 | 원씽 추출물 원액 150ml /300ml (대만홍콩배송가능),(없음),(없음),서울특별시,중구
12380,태백 해바라기 축제 투어,태백시,(없음),서울특별시,중구
12381,식품 직구 | 미떼 오리지날 마시멜로팩 10T (대만홍콩배송가능),(없음),(없음),서울특별시,중구
12382,스케일링과 미백 전문 - 잠실 더365치과의원,서울시,잠실,서울특별시,송파구
12383,식품 직구 | 오리온 예감 (12봉입) 4개 (대만배송가능),(없음),(없음),서울특별시,중구
12384,MD 직구 | JM 솔루션 청광 마린 진주 딥 모이스처 마스크 펄 (10매) 3개 (대만배송가능),(없음),(없음),서울특별시,중구
12385,MD 직구 | 23yearsold 아쿠아밥 모델링 마스크 (4회분) 2개 (대만배송가능),(없음),(없음),서울특별시,중구
12386,MD 직구 | 닥터자르트 시카페어 마스크 (대만배송가능),(없음),(없음),서울특별시,중구
12387,식품 직구 | 쿠캣마켓 스프레드 150g (대만홍콩배송가능),(없음),(없음),서울특별시,중구
12388,식품 직구 | 태양식품 전통맛나 김부각 50g (대만홍콩배송가능),(없음),(없음),서울특별시,중구
12389,"MD 직구 | 베스킨라빈스31 BTS 블록팩&포토카드 세트 (블록팩 8종,포토카드 7장) (대만홍콩배송가능)",(없음),(없음),서울특별시,중구
12390,식품 직구 | 오리온 마켓오 다쿠아즈 8개입 176g (대만홍콩배송가능),(없음),(없음),서울특별시,중구
12391,MD 직구 | TS 올뉴플러스 샴푸 500ml (대만홍콩배송가능),(없음),(없음),서울특별시,중구
12392,MD 직구 | 사이코지만 괜찮아 키링 인형 (대만홍콩배송가능),(없음),(없음),서울특별시,중구
12393,MD 직구 | 한율 어린쑥 수분진정 토너와 플루이드 2종 세트 (대만홍콩배송가능),(없음),(없음),서울특별시,중구
12394,MD 직구 | 바디판타지 SF9 기획세트 (대만홍콩배송가능),(없음),(없음),서울특별시,중구
12395,식품 직구 | CW청우 유자치즈케익 10개입 190g (대만홍콩배송가능),(없음),(없음),서울특별시,중구
12396,식품 직구 | 롯데제과 마가렛트 씨앗호떡 18개입 264g (대만홍콩배송가능),(없음),(없음),서울특별시,중구
12397,식품 직구 | 농심 짜왕 건면 4개입 134g (대만홍콩배송가능),(없음),(없음),서울특별시,중구
12399,MD 직구 | 프로젝트프로덕트 SC7 C10PG (서예지 선글라스) (대만홍콩배송가능),한국,(없음),서울특별시,중구
12400,연세예감치과,서울시,(없음),서울특별시,중구
12401,MD 직구 | 설화수 진설2종 기획 세트 (대만홍콩배송가능),(없음),(없음),서울특별시,중구
12402,식품 직구 | 팔도 비빔장 200g (대만홍콩배송가능),한국,(없음),서울특별시,중구
12403,MD 직구 | 오색칠 빨대 (송민호 카페) (대만홍콩배송가능),한국,(없음),서울특별시,중구
12404,BBQ치킨 배달,한국,(없음),서울특별시,강남구
12405,식품 직구 | 오리온 케이준 눈을 감자 56g (대만홍콩배송가능),(없음),(없음),서울특별시,중구
12406,MD 직구 | 엘모르 소프트 아이스크림 모델링 마스크 SET 20P (대만홍콩배송가능),(없음),(없음),서울특별시,중구
12407,MD 직구 | 마몽드 레드 에너지 리커버리 세럼 30ml 기획세트와 OiOi 런치백 (대만홍콩배송가능),(없음),(없음),서울특별시,중구
12408,식품 직구 | 큐원 상쾌환 3g x 10포 숙취해소제 (대만홍콩배송가능),(없음),(없음),서울특별시,중구
12409,식품 직구 | 쁘띠첼 프리미엄 과일즙 젤리 GUMMY-5종세트 (대만홍콩배송가능),(없음),(없음),서울특별시,중구
12410,식품 직구 | 정화 쫄깃쫄깃 왕다리 오징어 27g 10개 (대만홍콩배송가능),(없음),(없음),서울특별시,중구
12411,식품 직구 | 카누 티라미수라떼 17.3g 24개입/바닐라라떼 17.3g 24개입 (대만홍콩배송가능),(없음),(없음),서울특별시,중구
12412,식품 직구 | 오리온 마켓오 리얼치즈칩 62g (대만홍콩배송가능),(없음),(없음),서울특별시,중구
12413,프리미엄 케이크 배달  (주문불가),한국,(없음),서울특별시,중구
12414,식품 직구 | 정관장 홍이장군 15ml 30포 (대만홍콩배송가능),(없음),(없음),서울특별시,중구
12415,MD 직구 | 씨앤피 인비져블 필링 부스터 100ml (대만홍콩배송가능),(없음),(없음),서울특별시,중구
12416,MD 직구 | 아디다스 컴포트 샌들 Black (대만홍콩배송가능),(없음),(없음),서울특별시,중구
12417,식품 직구 | 롯데제과 크런키볼 76g (대만홍콩배송가능),(없음),(없음),서울특별시,중구
12418,식품 직구 | 몰티저스/엠앤엠/트윅스 스프레드 200g (대만홍콩배송가능),(없음),(없음),서울특별시,중구
12419,MD 직구 | 올리브영 케어플러스 상처커버 스팟패치 102매 (대만홍콩배송가능),(없음),(없음),서울특별시,중구
12420,식품 직구 | 페슬러 강아지 빼빼로 간식 포키스 8p 민트/ 밀크/크랜베리 (대만홍콩배송가능),(없음),(없음),서울특별시,중구
12421,MD 직구 | 닥터지 레드블레미쉬 클리어 수딩크림 보냉백 기획 (70ml+30ml+30ml) (대만홍콩배송가능),(없음),(없음),서울특별시,중구
12422,아이스크림 배달  (주문불가),한국,(없음),서울특별시,강남구
12423,MD 직구 | 휠라 BTS Go Beyond 뉴트로 넥 포인트 하프 집업 네이비 (대만홍콩배송가능),(없음),(없음),서울특별시,중구
12424,MD 직구 | 휠라 BTS Go Beyond 뉴트로 바시티 맨투맨 네이비/화이트 (대만홍콩배송가능),(없음),(없음),서울특별시,중구
12425,(페업)제주아쿠아플라넷 | 미니언즈특별전~2021.10월3일까지,제주시,서귀포시,서울특별시,중구
12426,식품 직구 | 켈로그 허쉬 초코크런치 시리얼 500g (대만홍콩배송가능),(없음),(없음),서울특별시,중구
12427,식품 직구 | 백설 매실청 1.025kg (대만배송가능),(없음),(없음),서울특별시,중구
12428,"MD 직구 | 니베아 립케어 MINO 에디션 4.8g 3종 세트 (레드, 블루, 네이비) (대만홍콩배송가능)",(없음),(없음),서울특별시,중구
12429,MD 직구 | 려 함빛 극손상케어 샴푸 500ml (대만홍콩배송가능),(없음),(없음),서울특별시,중구
12430,MD 직구 | 닥터자르트 2세대 시카페어 크림 50ml (대만홍콩배송가능),(없음),(없음),서울특별시,중구
12431,MD 직구 | 아이글로우미 블랙 LED 쿠션 SPF34/PA++ 15g (대만홍콩배송가능),(없음),(없음),서울특별시,중구
12432,식품 직구 | 팔도 BB면핑크 크림맛 133g x 4입 (대만홍콩배송가능),(없음),(없음),서울특별시,중구
12433,식품 직구 | 오리온 후레쉬베리 딸기/복숭아 8개입 (대만홍콩배송가능),(없음),(없음),서울특별시,중구
12434,식품 직구 | 삼양 페퍼밀 불타는 어벤져스 3종 세트 (대만홍콩배송가능),(없음),(없음),서울특별시,중구
12435,MD 직구 | 아리얼 스트레스 릴리빙 립앤아이 리무버 패드 30매 5개 (대만홍콩배송가능),(없음),(없음),서울특별시,중구
12436,MD 직구 | 쏘내추럴 올 데이 메이크업 픽서 대용량 120ml (대만홍콩배송가능),(없음),(없음),서울특별시,중구
12437,MD 직구 | 쥬니쥬 귤 요루면 반팔 파자마세트/1size (대만홍콩배송가능),(없음),(없음),서울특별시,중구
12438,MD 직구 | 아비브 어성초 에센스 카밍펌프 50ml/햄프시드 에센스 엑티베이팅 펌프 55ml 기획 세트 (대만홍콩배송가능),(없음),(없음),서울특별시,중구
12439,식품 직구 | 녹차원 X 삼진어묵 따끈따끈 어묵국물티 10개입 오리지널/매운맛 (대만홍콩배송가능),(없음),(없음),서울특별시,중구
12440,식품 직구 | 퀘이커 X 백종원 구운 누룽지/김 오트밀 시리얼컵 (대만홍콩배송가능),(없음),(없음),서울특별시,중구
12441,MD 직구 | 바닐라코 프라임 프라이머 피니쉬 파우더 12g 기획세트 (대만홍콩배송가능),(없음),(없음),서울특별시,중구
12442,MD 직구 | 빌리프 프라블럼 솔루션 하우스 세트 (대만홍콩배송가능),(없음),(없음),서울특별시,중구
12443,식품 직구 | 스타벅스 한국 특별 디저트 세트 (대만홍콩배송가능),(없음),(없음),서울특별시,중구
12444,"MD 직구 | 봉봉 주방 기구 (미니 스파출러, 스파출러, 멀티스푼) (대만홍콩배송가능)",(없음),(없음),서울특별시,중구
12445,머시헤어 3호점,서울시,경희대학교,서울특별시,동대문구
12446,바르다 김선생 배달,한국,(없음),서울특별시,강남구
12447,에그드랍 배달,한국,(없음),서울특별시,강남구
12448,식품 직구 | 롯데 빼빼로 크런키 39g (대만홍콩배송가능),(없음),(없음),서울특별시,중구
12449,식품 직구 | 종가집 종가반상 사골 김치찌개 450g (대만홍콩배송가능),(없음),(없음),서울특별시,중구
12450,롯데리아 배달,한국,(없음),서울특별시,강남구
12451,"MD 직구 | 바잇미 두부네 왕만두 (왕만두 3p, 단무지 2p) (대만홍콩배송가능)",(없음),(없음),서울특별시,중구
12452,MD 직구 | 한국 추억의 분식집 접시 세트 (대만홍콩배송가능),(없음),(없음),서울특별시,중구
12453,MD 직구 | 설화수 여윤팩 120ml (대만홍콩배송가능),(없음),(없음),서울특별시,중구
12454,MD 직구 | 예지미인 그날엔 순면 바바파파 중형16P + 파우치 기획 (대만홍콩배송가능),(없음),(없음),서울특별시,중구
12455,MD 직구 | 미쟝센 데미지케어 로즈프로틴/퍼펙트 세럼/안티 에이징 탄력 트리트먼트 180ml (대만홍콩배송가능),(없음),(없음),서울특별시,중구
12456,MD 직구 | 루나 롱래스팅 컨실웨어 쿠션 한정 기획(리필 +퍼프2매+미니컨실러) (대만홍콩배송가능),(없음),(없음),서울특별시,중구
12457,MD 직구 | 데메테르x다이노탱 쿼카 스페이스워크 30ml (대만홍콩배송가능),(없음),(없음),서울특별시,중구
12458,MD 직구 | 데메테르x다이노탱 퍼퓸드 워터드롭 핸드크림 3종 (대만홍콩배송가능),(없음),(없음),서울특별시,중구
12459,"MD 직구 | 데메테르x다이노탱 프루츠보보 립밤 2종 세트 (애플민트, 레몬앤라임) (대만홍콩배송가능)",(없음),(없음),서울특별시,중구
12460,식품 직구 | CJ 제일안주 순살불닭 190g/매콤알찜 170g (대만홍콩배송가능),(없음),(없음),서울특별시,중구
12461,식품 직구 | 종가집 종가반상 얼큰순두부찌개 450g (대만홍콩배송가능),(없음),(없음),서울특별시,중구
12463,전라도 당일투어 | 로맨틱 퍼플 투어,신안군,(없음),서울특별시,중구
12465,식품 직구 | 한국 요리 입문 필수 세트 (대만홍콩배송가능),(없음),(없음),서울특별시,중구
12466,"식품 직구 | 팔도 특별한 비빔면 3종 세트 (BB면크림맛 4개, 쫄비빔면 5개, 매운비빔면 5개) (대만홍콩배송가능)",(없음),(없음),서울특별시,중구
12467,"식품 직구 | 백설 쿠킷 한국 전 4종 세트 (김치전, 감자전, 녹두빈대전, 해물파전 각 1개) (대만홍콩배송가능)",(없음),(없음),서울특별시,중구
12468,식품 직구 | 오뚜기 리얼치즈라면 135g (대만홍콩배송가능),(없음),(없음),서울특별시,중구
12469,식품 직구 | 팔도 즉석 라볶이 145g (대만홍콩배송가능),(없음),(없음),서울특별시,중구
12470,식품 직구 | 오뚜기 쇠고기 미역국라면 멀티팩 115g (대만홍콩배송가능),(없음),(없음),서울특별시,중구
12471,식품 직구 | 조지아 고티카 콜드브루 아메리카노 265ml (대만홍콩배송가능),(없음),(없음),서울특별시,중구
12472,식품 직구 | 조지아 고티카 콜드브루 카페라떼 265ml (대만홍콩배송가능),(없음),(없음),서울특별시,중구
12473,식품 직구 | 오뚜기 컵누들 매콤한맛/우동맛  (대만홍콩배송가능),(없음),(없음),서울특별시,중구
12474,식품 직구 | 오뚜기 삼겹살 양파절임 소스 275g (대만홍콩배송가능),(없음),(없음),서울특별시,중구
12475,식품 직구 | 매직펌킨 프리미엄 국내산 호박차 20T (대만홍콩배송가능),(없음),(없음),서울특별시,중구
12476,MD 직구 | 탁상 선풍기 라이언 (대만홍콩배송가능),(없음),(없음),서울특별시,중구
12477,식품 직구 | 고잉메리 요괴라면 국물떡볶이 (5개입 130g) (대만홍콩배송가능),(없음),(없음),서울특별시,중구
12478,망원 타이완웨이,서울시,망원동,서울특별시,마포구
12479,MD 직구 | 이니스프리 블루베리 리밸런싱 스킨 500ml,(없음),(없음),서울특별시,중구
12480,식품 직구 | 삼양 페퍼밀 불타는 고추짜장 137g x 4입 (대만홍콩배송가능),(없음),(없음),서울특별시,중구
12481,식품 직구 | 삼양 페퍼밀 불타는 고추짬뽕 115g x 4입 (대만홍콩배송가능),(없음),(없음),서울특별시,중구
12482,식품 직구 | 삼양 페퍼밀 불타는 고추비빔면 135g x 4입 (대만홍콩배송가능),(없음),(없음),서울특별시,중구
12483,식품 직구 | 삼양 페퍼밀 불타는 고추짜장 x 4입 +고추짬뽕 x 4입 + 짜장그릇 (대만홍콩배송가능),(없음),(없음),서울특별시,중구
12484,식품 직구 | 오설록 그린티 랑드샤 10입 (대만홍콩배송가능),(없음),(없음),서울특별시,중구
12485,명랑핫도그 배달,한국,(없음),서울특별시,강남구
12486,식품 직구 | 오설록 그린티웨하스 녹차밀크스프레드 2입 지함 세트 (대만홍콩배송가능),(없음),(없음),서울특별시,중구
12487,식품 직구 | 오뚜기 옛날 자른 미역 80g (대만홍콩배송가능),(없음),(없음),서울특별시,중구
12488,식품 직구 | 오뚜기 옛날 사골곰탕 국물 350g (대만홍콩배송가능),(없음),(없음),서울특별시,중구
12489,식품 직구 | 트로피칼 제주 타르트 (대만배송가능),(없음),(없음),서울특별시,중구
12490,MD 직구 | 드레스퍼퓸 70ml 5종 과일향 기프트 세트 (쇼핑백증정) (대만홍콩배송가능),(없음),(없음),서울특별시,중구
12491,식품 직구 | 제주 성이시돌목장 유기농우유로 만든 하양한 수제밀크잼 (대만배송가능),(없음),(없음),서울특별시,중구
12492,식품 직구 | 청정원 고추장 돼지불고기 양념 500g (대만홍콩배송가능),(없음),(없음),서울특별시,중구
12493,식품 직구 | 청정원 소불고기 양념 500g (대만홍콩배송가능),(없음),(없음),서울특별시,중구
12494,식품 직구 | 옵스 쥬드뽐(10EA) (대만홍콩배송가능),(없음),(없음),서울특별시,중구
12495,식품 직구 | 옵스 구운과자세트 (대만홍콩배송가능),(없음),(없음),서울특별시,중구
12496,식품 직구 | 인덱스카라멜세트 (대만홍콩배송가능),(없음),(없음),서울특별시,중구
12497,[원모먼트] 레터링 선물 (케이크/꽃다발) 배달 서비스 (주문불가),한국,(없음),서울특별시,강남구
12498,한스 케이크 배달 (주문불가),한국,(없음),서울특별시,중구
12499,식품 직구 | 팔도 쫄비빔면 130g 5개입 (대만홍콩배송가능),(없음),(없음),서울특별시,중구
12500,식품 직구 | 팔도 비빔면 매운맛 130g 5개입 (대만홍콩배송가능),(없음),(없음),서울특별시,중구
12501,식품 직구 | CJ 제일안주 순살불닭 190g (대만홍콩배송가능),(없음),(없음),서울특별시,중구
12502,식품 직구 | CJ 제일안주 매콤알찜 170g (대만홍콩배송가능),(없음),(없음),서울특별시,중구
12503,MD 직구 | 과일나라 바나나우유 리바이탈 마스크팩 30매 (대만홍콩배송가능),(없음),(없음),서울특별시,중구
12504,식품 직구 | 팔킨 라면티백 순한맛 매운맛 세트 16p (각 8개 씩) (대만홍콩배송가능),(없음),(없음),서울특별시,중구
12505,MD 직구 | 사뿐 라델리 리본 플랫슈즈 (1cm) (대만홍콩배송가능),(없음),(없음),서울특별시,중구
12506,MD 직구 | 사뿐 스커닝 골드장식 로퍼&블로퍼 (1cm) (대만홍콩배송가능),(없음),(없음),서울특별시,중구
12507,MD 직구 | 사뿐 텔리나 쪼리 스트랩 샌들 (1.5cm) (대만홍콩배송가능),(없음),(없음),서울특별시,중구
12508,MD 직구 | 사뿐 렌디드 스트랩 샌들힐 (4cm) (대만홍콩배송가능),(없음),(없음),서울특별시,중구
12509,식품 직구 | 두리두리 한국군대 전투 식량 엄선 세트 (8종) (대만홍콩배송가능),(없음),(없음),서울특별시,중구
12510,MD 직구 | 사뿐 넬러쉬 링클 플랫슈즈 (1.5cm) (대만홍콩배송가능),(없음),(없음),서울특별시,중구
12511,식품 직구 | 샘표 별미여행 안동찜닭 양념 210g (대만홍콩배송가능),(없음),(없음),서울특별시,중구
12512,MD 직구 | 사뿐 플레니 베이직 블로퍼 (3cm) (대만홍콩배송가능),(없음),(없음),서울특별시,중구
12513,식품 직구 | 샘표 별미여행 춘천 닭갈비 양념 180g (대만홍콩배송가능),(없음),(없음),서울특별시,중구
12514,MD 직구 | 사뿐 테로슈 스트랩 슬리퍼 (1cm) (대만홍콩배송가능),(없음),(없음),서울특별시,중구
12515,식품 직구 | 오뚜기 간편컵 아침미식 시리즈 (대만홍콩배송가능),(없음),(없음),서울특별시,중구
12516,MD 직구 | 사뿐 제인드 버클스트랩 샌들 (2cm) (대만홍콩배송가능),(없음),(없음),서울특별시,중구
12517,MD 직구 | 마녀공장 갈락 나이아신 2.0 에센스 30ml (대만홍콩배송가능),(없음),(없음),서울특별시,중구
12518,MD 직구 | 마녀공장 비피다 바이옴 앰플 토너 400ml (대만홍콩배송가능),(없음),(없음),서울특별시,중구
12519,MD 직구 | 비플레인 시카풀 앰플 대용량 기획세트 (대만홍콩배송가능),(없음),(없음),서울특별시,중구
12520,MD 직구 | 더후 공진향 군 자양 기획세트 (대만홍콩배송가능),(없음),(없음),서울특별시,중구
12521,식품 직구 | 삼양 크림까르보불닭볶음면 140g*4입 (대만홍콩배송가능),(없음),(없음),서울특별시,중구
12522,식품 직구 | 탐라는말차 제주 말차 초콜릿 트리플패키지 (150g) (대만홍콩배송가능),(없음),(없음),서울특별시,중구
12523,MD 직구 | 투쿨포스쿨 바이로댕 쉐이딩 기획세트 (대만홍콩배송가능),(없음),(없음),서울특별시,중구
12524,"식품 직구 | 농심 쫄병스낵 5종 세트 (바베큐맛, 매콤한맛, 짜파게티맛, 안성탕면맛 각 1개) (대만홍콩배송가능)",(없음),(없음),서울특별시,중구
12525,식품 직구 | 김정환홍삼 실속형 혼합 세트 (절편 & 젤리) (대만홍콩배송가능),(없음),(없음),서울특별시,중구
12526,(~1/29)延世大學語學堂 正規課程,서울시,(없음),서울특별시,중구
12527,식품 직구 | 샘표 우리엄마 메추리알 장조림 130g (대만홍콩배송가능),(없음),(없음),서울특별시,중구
12528,식품 직구 | 꽃샘식품 꿀과일차 (대만홍콩배송가능),(없음),(없음),서울특별시,중구
12529,MD 직구 | 설화수 윤조에센스 리미티드 120ml (대만홍콩배송가능),(없음),(없음),서울특별시,중구
12530,식품 직구 | 오리온 꼬북칩 초코츄러스맛 136g (대만홍콩배송가능),(없음),(없음),서울특별시,중구
12531,식품 직구 | 김치불닭볶음면 4입 + 컵라면 홀더 세트 (대만홍콩배송가능),(없음),(없음),서울특별시,중구
12532,식품 직구 | 팔도 참깨라면 115g*4입 (대만홍콩배송가능),(없음),(없음),서울특별시,중구
12533,식품 직구 | 농심 신라면 블랙사발 두부김치 94g (대만홍콩배송가능),(없음),(없음),서울특별시,중구
12534,식품 직구 | 아름드레 한국의 전통차 9종 선물세트 (대만홍콩배송가능),(없음),(없음),서울특별시,중구
12535,식품 직구 | 산과들에 추억의 달콤한 국민학교 달고나 (대만홍콩배송가능),(없음),(없음),서울특별시,중구
12536,MD 직구 | 고려청자 휴대폰 케이스 (대만홍콩배송가능),(없음),(없음),서울특별시,중구
12537,MD 직구 | 토리든 다이브인 저분자 히알루론산 (대만홍콩배송가능),(없음),(없음),서울특별시,중구
12538,MD 직구 | 아이오페 맨 2종 세트 (대만홍콩배송가능),(없음),(없음),서울특별시,중구
12539,(없음),(없음),서울특별시,중구,
12540,MD 직구 | 후아유 스티브 케이블 가디건 (대만홍콩배송가능),(없음),(없음),서울특별시,중구
12541,MD 직구 | 디스커버리 버킷 디워커 오리지널 (대만홍콩배송가능),(없음),(없음),서울특별시,중구
12542,10월 유통기한 임박 상품,(없음),(없음),서울특별시,중구
12543,MD 직구 | 배스킨라빈스 BTS 한정판 타이니탄 블록팩&피규어 세트 (박스없음) (대만홍콩배송가능),(없음),(없음),서울특별시,중구
12544,MD 직구 | 에스쁘아 비글로우 쿠션 기획 (본품+리필+미니파데+에어퍼프 증정) (대만홍콩배송가능),(없음),(없음),서울특별시,중구
12545,MD 직구 | 라네즈 래디언씨크림 기획 (본품 30ml + 샘플 10ml + 콜라보 스티커 2매 증정) (대만홍콩배송가능),(없음),(없음),서울특별시,중구
12546,MD 직구 | 더블유브이프로젝트 파운드 집업  MJOT7416 (대만홍콩배송가능),(없음),(없음),서울특별시,중구
12547,식품 직구 | 라스티 라면티백 오리지널맛 20개입 (대만홍콩배송가능),(없음),(없음),서울특별시,중구
12548,MD 직구 | 반스 스타일36 데콘 (대만홍콩배송가능),(없음),(없음),서울특별시,중구
12549,식품 직구 | 롯데제과 명가 찰떡파이 인절미 300g (10봉입)  (대만홍콩배송가능),(없음),(없음),서울특별시,중구
12550,MD 직구 | 네이키드니스 앱솔루트백팩 (대만홍콩배송가능),(없음),(없음),서울특별시,중구
12551,MD 직구 | 이니스프리 퍼펙트9 리페어 EX 스킨케어 화장품 2종 세트 (대만홍콩배송가능),(없음),(없음),서울특별시,중구
12552,MD 직구 | 스타벅스 20 SS 애니버서리 (대만홍콩배송가능),(없음),(없음),서울특별시,중구
12553,2020.09.23 테스트용,서울시,(없음),서울특별시,중구
12554,MD 직구 | 스타벅스 2020가을 MD (대만홍콩배송가능),(없음),(없음),서울특별시,중구
12555,식품 직구 | 교동식품 메추리알 장조림 250g (대만홍콩배송가능),(없음),(없음),서울특별시,중구
12556,iPhone 11 (운영종지),한국,(없음),서울특별시,중구
12557,식품 직구 | 오설록 그린티 웨하스 (대만홍콩배송가능),(없음),(없음),서울특별시,중구
12558,MD 직구 | NoTag - 플리츠마마 니트 플리츠 숄더백 (대만홍콩배송가능),(없음),(없음),서울특별시,중구
12559,식품 직구 | 해태 오예스 콜드브루 & 쿠키앤크림 360g (12개입) (대만홍콩배송가능),(없음),(없음),서울특별시,중구
12560,MD 직구 | AHC 히아루노닉 토너 100ml (대만홍콩배송가능),(없음),(없음),서울특별시,중구
12561,식품 직구 | 오리온 초코파이 바나나 444g (12개입) (대만홍콩배송가능),(없음),(없음),서울특별시,중구
12562,식품 직구 | 오뚜기 크림진짬뽕 큰컵 105g (대만홍콩배송가능),(없음),(없음),서울특별시,중구
12563,식품 직구 | 롯데제과 꼬깔콘 멘보샤맛 72g (대만홍콩배송가능),(없음),(없음),서울특별시,중구
12564,MD 직구 | 카누 3호 선물세트  (대만홍콩배송가능),(없음),(없음),서울특별시,중구
12565,식품 직구 | 해태 구운대파 140g  (대만홍콩배송가능),(없음),(없음),서울특별시,중구
12566,MD 직구 | 프리메라 오가니언스 기초 화장품 2종 + 아모레퍼시픽 5종 세트 (대만홍콩배송가능),(없음),(없음),서울특별시,중구
12567,MD 직구 | 이니스프리 비자 스킨케어 세트 (대만홍콩배송가능),(없음),(없음),서울특별시,중구
12568,식품 직구 | 동원 면발의신 (대만홍콩배송가능),(없음),(없음),서울특별시,중구
12569,식품 직구 | 한글날 기념 특별한 Lucky Box (대만홍콩배송가능),(없음),(없음),서울특별시,중구
12570,식품 직구 | 강성은명과 답례품 동백세트 (대만홍콩배송가능),(없음),(없음),서울특별시,중구
12571,식품 직구 | 소담 신안에서 온 고급 소금세트 (함초/핑크/녹차 각 1개) (대만홍콩배송가능),(없음),(없음),서울특별시,중구
12572,식품 직구 | 롯데제과 크런키 가나 팝콘 55g (대만홍콩배송가능),(없음),(없음),서울특별시,중구
12573,MD 직구 | 원룸 혼술머신 2세대 (대만홍콩배송가능),(없음),(없음),서울특별시,중구
12574,식품 직구 | 함소아 비타민젤리 250g (100개) (대만홍콩배송가능),(없음),(없음),서울특별시,중구
12575,MD 직구 | 어뮤즈 SKIN TUNE FOUNDATION 01 페어 튠 (대만홍콩배송가능),(없음),(없음),서울특별시,중구
12576,MD 직구 | 라운드랩 독도 토너 500ml (대만홍콩배송가능),(없음),(없음),서울특별시,중구
12577,MD 직구 | 디오디너리 데일리 세트 (대만홍콩배송가능),(없음),(없음),서울특별시,중구
12578,MD 직구 | 이니스프리 수퍼 화산송이 듀오세트 (대만홍콩배송가능),(없음),(없음),서울특별시,중구
12579,MD 직구 | 프리메라 페이셜 마일드 필링 150ml (대만홍콩배송가능),(없음),(없음),서울특별시,중구
12580,MD 직구 | 헤이미쉬 올 클린 밤 120ml (대만홍콩배송가능),(없음),(없음),서울특별시,중구
12581,식품 직구 | 해태 미니 떡강정 처갓집 양념치킨맛 62g (대만홍콩배송가능),(없음),(없음),서울특별시,중구
12582,식품 직구 | 노브랜드 체다치즈볼 370g (대만홍콩배송가능),(없음),(없음),서울특별시,중구
12583,식품 직구 | 노브랜드 군밤 100g (2개 세트) (대만홍콩배송가능),(없음),(없음),서울특별시,중구
12584,식품 직구 | 노브랜드 대용량 쿠키 400g (3종)(대만홍콩배송가능),(없음),(없음),서울특별시,중구
12585,식품 직구 | 노브랜드 티 세트 (대만홍콩배송가능),(없음),(없음),서울특별시,중구
12586,식품 직구 | 노브랜드 스프레드 (대만홍콩배송가능),(없음),(없음),서울특별시,중구
12587,식품 직구 | 노브랜드 크래커 샌드 3종 (대만홍콩배송가능),(없음),(없음),서울특별시,중구
12588,식품 직구 | 노브랜드 달콤한 쌀과자 315g (대만홍콩배송가능),(없음),(없음),서울특별시,중구
12589,식품 직구 | 노브랜드 팥양갱 450g (대만홍콩배송가능),(없음),(없음),서울특별시,중구
12590,식품 직구 | 노브랜드 쿠키앤크림샌드 720g (대만홍콩배송가능),(없음),(없음),서울특별시,중구
12591,식품 직구 | 노브랜드 웨이퍼롤 115g (대만홍콩배송가능),(없음),(없음),서울특별시,중구
12592,식품 직구 | 노브랜드 크레페 90g (대만홍콩배송가능),(없음),(없음),서울특별시,중구
12593,식품 직구 | 노브랜드 카스타드 276g & 초코파이 420g (대만홍콩배송가능),(없음),(없음),서울특별시,중구
12594,식품 직구 | 노브랜드 체다치즈볼 세트 (대만홍콩배송가능),(없음),(없음),서울특별시,중구
12595,식품 직구 | 노브랜드 초코초코 세트 (대만홍콩배송가능),(없음),(없음),서울특별시,중구
12596,식품 직구 | 노브랜드 기본 세트 (대만홍콩배송가능),(없음),(없음),서울특별시,중구
12597,식품 직구 | 오리온 미쯔 씨리얼팩 360g (대만홍콩배송가능),(없음),(없음),서울특별시,중구
12598,식품 직구 | 길림양행 군옥수수맛 아몬드 210g (대만홍콩배송가능),(없음),(없음),서울특별시,중구
12599,MD 직구 | 한국마스크 KF94 미세먼지마스크 1매(대만홍콩배송가능),(없음),(없음),서울특별시,중구
12600,"식품 직구 | 종근당 락토핏 베베 2,000mg x 60포 (대만홍콩배송가능)",(없음),(없음),서울특별시,중구
12601,식품 직구 | 정관장 홍삼대정 데일리스틱 10ml*30포 (대만홍콩배송가능),(없음),(없음),서울특별시,중구
12602,(공개 X) 리엔장 명동점 스킨케어,서울시,명동,서울특별시,중구
12603,와플대학 배달,한국,(없음),서울특별시,강남구
12604,11월 유통기한 임박 상품,(없음),(없음),서울특별시,중구
12605,예시예시,한국,(없음),서울특별시,중구
12606,MD 직구 | 세컨드모닝 고구마 노트북 파우치 (대만홍콩배송가능),(없음),(없음),서울특별시,중구
12607,MD 직구 | 맘스네이처 대나무 양면 방수패드 소형 (대만홍콩배송가능),(없음),(없음),서울특별시,중구
12608,이삭토스트 배달,한국,(없음),서울특별시,강남구
12609,MD 직구 | 보솜이 리얼코튼원더 밴드형 기저귀 50매 (대만홍콩배송가능),(없음),(없음),서울특별시,중구
12610,1111할인,(없음),(없음),서울특별시,중구
12611,식품 직구 | 베베푸드 아빠가 만든 간장 180ml (대만홍콩배송가능),(없음),(없음),서울특별시,중구
12612,MD 직구 | 케이맘 처음 팬티기저귀 (대만홍콩배송가능),(없음),(없음),서울특별시,중구
12613,던킨도너츠 배달,한국,(없음),서울특별시,강남구
12614,MD 직구 | 휠라 코트디럭스 남여공용 스니커즈 1TM00651 (대만홍콩배송가능),(없음),(없음),서울특별시,중구
12615,식품 직구 | Creatrip X Eddy 특별한 한국선물 세트 (대만배송가능),(없음),(없음),서울특별시,중구
12616,크리스피크림도넛 배달 (주문불가),한국,(없음),서울특별시,강남구
12617,MD 직구 | 설화수 홀리데이 기획세트 (대만홍콩배송가능),(없음),(없음),서울특별시,중구
12618,MD 직구 | 스타벅스 2021 플래너 (대만홍콩배송가능),(없음),(없음),서울특별시,중구
12619,12월 유통기한 임박 상품,(없음),(없음),서울특별시,중구
12620,파리바게뜨 배달,한국,(없음),서울특별시,중구
12621,MD 직구 | OST 무궁화 언제나 기억해 한정판 한글날 패키지 세트 (대만홍콩배송가능),(없음),(없음),서울특별시,중구
12622,식품 직구 | 길림양행 마늘빵 아몬드 (210g) (대만홍콩배송가능),(없음),(없음),서울특별시,중구
12623,MD 직구 | 레트로덕Q 고속 무선 충전 스탠드 (대만홍콩배송가능),(없음),(없음),서울특별시,중구
12624,순대국밥 배달,한국,(없음),서울특별시,강남구
12625,(공개금지)다래부동산 강동점,서울시,강동구,서울특별시,중구
12626,MD 직구 | 이니스프리 그린티밸런싱 3종 세트(대만홍콩배송가능),(없음),(없음),서울특별시,중구
12627,(공개금지)다래부동산 신림점,서울시,신림,서울특별시,중구
12628,(공개금지) 다래부동산 상봉점,서울시,상봉,서울특별시,중구
12629,(공개금지)다래부동산 수원시청점,수원시,시청,서울특별시,중구
12630,MD상품 | 레트로덕Q 고속 무선 충전 스탠드(대만홍콩배송가능),(없음),(없음),서울특별시,중구
12631,삼청동 GABO,서울시,삼청동,서울특별시,중구
12632,남이섬 공식 왕복 셔틀버스 (서울출발),춘천시,(없음),강원특별자치도,춘천시
12633,MD 직구 | 스타벅스 20 SS 홀리데이 윌슨 텀블러 473ml (대만홍콩배송가능),(없음),(없음),서울특별시,중구
12634,MD 직구 | 슈펜 신묘한이야기 굳-밤 파자마 세트 (대만홍콩배송가능),(없음),(없음),서울특별시,중구
12635,MD 직구 | 카카오프렌즈 욕조 무선 가습기 - 라이언 (대만홍콩배송가능),(없음),(없음),서울특별시,중구
12636,MD 직구 | 후 공진향 미 에센셜 베이스 홀리데이 에디션 세트 (대만홍콩배송가능) ,(없음),(없음),서울특별시,중구
12637,MD 직구 | 스틸라 사랑스러운 너에게 특별한 선물 세트 (대만홍콩배송가능),(없음),(없음),서울특별시,중구
12638,MD 직구 | 빌리프 수분크림 50ml 선물세트 (대만홍콩배송가능),(없음),(없음),서울특별시,중구
12639,MD 직구 | 빌리프 생일축하해 아쿠아밤 케이크 에디션 세트 (대만홍콩배송가능),(없음),(없음),서울특별시,중구
12640,LACTO-FIT益生菌禮盒（台港配送）,(없음),(없음),서울특별시,중구
12641,MD 직구 | 펭수 이글루 미니 가습기 (대만홍콩배송가능),(없음),(없음),서울특별시,중구
12642,MD 직구 | 오광 선물 3종 세트 (화투+소주잔5개세트+놀이매트) (대만홍콩배송가능),(없음),(없음),서울특별시,중구
12643,MD 직구 | 아모레퍼시픽 빈티지 싱글 익스트렉트 에센스 홀리데이 세트 (대만홍콩배송가능),(없음),(없음),서울특별시,중구
12644,MD 직구 | 헤라 옴므 블랙 퍼펙트 2종 세트 + 종이가방 (대만홍콩배송가능),(없음),(없음),서울특별시,중구
12645,MD 직구 | 숨37 워터풀 베스트 크림 세트 홀리데이 기획 (모이스처크림 50ml+젤크림20ml) (대만홍콩배송가능),(없음),(없음),서울특별시,중구
12646,MD 직구 | 러쉬 마스크 오브 매그너민티 픽 125g (대만홍콩배송가능),(없음),(없음),서울특별시,중구
12647,MD 직구 | 슈펜 푸우 뽀글뽀글 룸 슈즈 AFDR20T14 (대만홍콩배송가능),(없음),(없음),서울특별시,중구
12648,문화장카페,대구시,중앙로(대구),대구광역시,중구
12649,엠플레이그라운드 홍대4호점,서울시,홍대,서울특별시,중구
12650,(폐업)리엔장 명동ㅣ반영구눈썹,서울시,명동,서울특별시,중구
12653,MD 직구 | 이니스프리 한란 인리치드 크림 홀리데이 에디션 100mL (대만홍콩배송가능),(없음),(없음),서울특별시,중구
12654,MD 직구 | 이니스프리 그린티 씨드 세럼 홀리데이 에디션 160mL (대만홍콩배송가능),(없음),(없음),서울특별시,중구
12655,카누 윈터블렌드 아메리카노 100T + 다이어리/ 스탠 컵 세트 (대만홍콩배송가능),(없음),(없음),서울특별시,중구
12656,아수라 남포점,부산시,남포동,부산광역시,중구
12658,MD 직구 | 시세이도 얼티뮨 세럼 75ml 홀리데이 에디션 세트 (대만홍콩배송가능),(없음),(없음),서울특별시,중구
12660,테스트 테스트,서울시,(없음),서울특별시,중구
12661,MD 직구 | AHC 에이지리스 리얼 아이크림 포 페이스 (대만홍콩배송가능),(없음),(없음),서울특별시,중구
12662,MD 직구 | 휠라 CATAPULT 1GM00830 (대만홍콩배송가능),(없음),(없음),서울특별시,중구
12663,식품 직구 | 길림양행 흑임자 아몬드 190g,(없음),(없음),서울특별시,중구
12664,대화의장,대구시,중앙로(대구),대구광역시,중구
12665,MD 직구 | 휠라 인터레이션/인터레이션 라이트,(없음),(없음),서울특별시,중구
12666,MD 직구 | 세컨드모닝 레모니 노트북 파우치 (대만홍콩배송가능),(없음),(없음),서울특별시,중구
12667,MD 직구 | 뉴발란스 오리지널 클래식 러닝무드 러닝화 MR530,(없음),(없음),서울특별시,중구
12668,명동 제일 환전 센터,서울시,명동,서울특별시,중구
12669,MD 직구 | 후아유 남여공용 스티브 자수맨투맨 (대만홍콩배송가능),(없음),(없음),서울특별시,중구
12670,MD 직구 | 후아유 스티브 머플러 WHAMA4V11A (대만홍콩배송가능),(없음),(없음),서울특별시,중구
12671,MD 직구 | 이니스프리 비비드코튼 잉크 립틴트 4g (대만배송가능),(없음),(없음),서울특별시,중구
12672,MD 직구 | 이니스프리 제주 한란 인리치드 크림 50ml (대만홍콩배송가능),(없음),(없음),서울특별시,중구
12673,거부회양념,서울시,노량진,서울특별시,중구
12674,황제 회 양념,서울시,노량진,서울특별시,동작구
12675,바다회센타,서울시,노량진,서울특별시,동작구
12676,일번지 회양념,서울시,노량진,서울특별시,동작구
12677,공주상회,서울시,(없음),서울특별시,동작구
12678,노들수산,서울시,노량진,서울특별시,동작구
12679,푸른바다,서울시,(없음),서울특별시,동작구
12680,MD 직구 | 이니스프리 제주 한란 스킨 200ml (대만홍콩배송가능),(없음),(없음),서울특별시,중구
12681,식품 직구 | 팔도 비빔면 윈터에디션 5개입 (대만홍콩배송가능),(없음),(없음),서울특별시,중구
12682,MD 직구 | 이니스프리 제주 한란 로션 160ml (대만홍콩배송가능),(없음),(없음),서울특별시,중구
12683,1월 유통기한 임박 상품 (대만배송),(없음),(없음),서울특별시,중구
12684,MD 직구 | 이니스프리 제주 한란 인리치드 에센스 50ml (대만홍콩배송가능),(없음),(없음),서울특별시,중구
12685,MD 직구 | 이니스프리 제주 한란 기초스킨케어 세트 (대만홍콩배송가능),(없음),(없음),서울특별시,중구
12686,MD 직구 | 휠라 오크먼트TR 1JM00801 (대만홍콩배송가능),(없음),(없음),서울특별시,중구
12687,MD 직구 | 이니스프리 제주 한란 젤 크림 50ml (대만홍콩배송가능),(없음),(없음),서울특별시,중구
12688,MD 직구 | 휠라 코코아 버킷백 FS3BCC6370F (대만홍콩배송가능),(없음),(없음),서울특별시,중구
12689,MD 직구 | 휠라 4 휠 1998 1JM00797 (대만홍콩배송가능),(없음),(없음),서울특별시,중구
12690,MD 직구 | 휠라 코듀로이 버킷햇 FS3CPC6363X (대만홍콩배송가능),(없음),(없음),서울특별시,중구
12691,MD 직구 | 휠라 미니 버킷백 FS3BCC6315F (대만홍콩배송가능),(없음),(없음),서울특별시,중구
12692,MD 직구 | 원데이즈유 피지쏙쏙 노모어 블랙헤드 (대만홍콩배송가능),(없음),(없음),서울특별시,중구
12693,MD 직구 | 코스트코 대용량 손난로 150g (대만홍콩배송가능),(없음),(없음),서울특별시,중구
12694,MD 직구 | 해피데이 따뜻해 핫팩 (대만홍콩배송가능),(없음),(없음),서울특별시,중구
12695,MD 직구 | 이니스프리 제주 사철쑥 리페어 크림 50ml (대만홍콩배송가능),(없음),(없음),서울특별시,중구
12696,MD 직구 | 이니스프리 제주 사철쑥 카밍 워터 120ml (대만홍콩배송가능),(없음),(없음),서울특별시,중구
12697,MD 직구 | 이니스프리 제주 한란 아이 크림 30ml (대만홍콩배송가능),(없음),(없음),서울특별시,중구
12698,MD 직구 | 이니스프리 제주 한란 인텐스 크림 50ml (대만홍콩배송가능),(없음),(없음),서울특별시,중구
12699,MD 직구 | 휠라 스키퍼 1RM01154 (대만홍콩배송가능),(없음),(없음),서울특별시,중구
12700,2월 유통기한 임박 상품 (대만배송),(없음),(없음),서울특별시,중구
12701,MD 직구 | 닥터펩티 펩타이드 볼륨에센스 100ml (대만홍콩배송가능),(없음),(없음),서울특별시,중구
12702,MD 직구 | 휠라 플루이드 1JM01248_147 (대만홍콩배송가능),(없음),(없음),서울특별시,중구
12703,MD 직구 | AHC 캡처 히아루로닉/콜라겐/C브라이트닝 앰플 50ml (대만홍콩배송가능),(없음),(없음),서울특별시,중구
12704,MD 직구 | 이니스프리 블랙티 뉴이어 스페셜 세트 / 유스 앰플 30ml (대만홍콩배송가능),강릉시,(없음),서울특별시,중구
12705,신세계면세점(영어),서울시,명동,서울특별시,중구
12706,신세계면세점(태국),서울시,명동,서울특별시,중구
12707,신세계면세점(일본),서울시,명동,서울특별시,중구
12708,弘大 | RAON荷物保管所(間違え),서울시,(없음),서울특별시,중구
12709,강원도 외국인 택시 투어 | 속초,속초시,(없음),강원특별자치도,속초시
12714,강원도 외국인 택시 투어 | 양양,양양군,(없음),강원특별자치도,양양군
12715,(제휴종료)타토아 클리닉 신사점 반영구,서울시,신사동,서울특별시,강남구
12716,이화여대 불밥,서울시,이대,서울특별시,중구
12717,북촌 감성 카페 | 루아흐(RUACH),서울시,삼청동,서울특별시,중구
12718,이철헤어커커 이대점,서울시,이대,서울특별시,서대문구
12719,한국 이름 작명소 | 재미난 조각가,한국,(없음),서울특별시,마포구
12720,와이드모바일 선불 유심(신규) - 판매중단,한국,(없음),서울특별시,강남구
12721,한국 이름 작명소 | 이름사랑,한국,(없음),서울특별시,중구
12722,강원도 외국인 택시 투어 | 강릉,강릉시,(없음),강원특별자치도,강릉시
12723,강원도 외국인 택시 투어 | 춘천,춘천시,(없음),강원특별자치도,춘천시
12724,고양 스타필드 맛집 | 탄탄면공방,고양시,(없음),경기도,고양시 덕양구
12725,(임시비공개)반티엔야오 카오위 명동점,서울시,명동,서울특별시,중구
12726,(공개금지)고양 스타필드 맛집 | 맨도롱 국수,고양시,(없음),경기도,고양시 덕양구
12727,(임시비공개)반티엔야오 카오위 강남점,서울시,강남구,서울특별시,중구
12728,(임시비공개)반티엔야오 카오위 건대점,서울시,건대,서울특별시,중구
12729,홍대 맛집 | 탄탄면 공방,서울시,홍대,서울특별시,마포구
12730,탄탄면공방  | 현대프리미엄 아울렛 송도점,인천시,송도,인천광역시,연수구
12731,탄탄면공방  | 부산롯데 서면점,부산시,서면,부산광역시,부산진구
12732,탄탄면공방  | 스타필드 하남점,하남시,(없음),경기도,고양시 덕양구
12733,(폐업)탄탄면공방  | 현대백화점 판교점,성남시,판교,경기도,성남시 분당구
12734,탄탄면공방  | 서울숲점,서울시,성수동,서울특별시,성동구
12736,친구모바일 선불 유심(지점 방문수령),서울시,(없음),서울특별시,광진구
12737,어메이징 농카이,서울시,홍대,서울특별시,마포구
12738,(폐업) 홍콩보스 | 스타필드 고양점,고양시,(없음),서울특별시,중구
12739,(제휴종료)계영상회 | 부산 해운대,부산시,해운대구,서울특별시,중구
12741,동갑부부,부산시,광안리,서울특별시,중구
12742,유어타입,부산시,광안리,서울특별시,중구
12743,화신축산,서울시,마장동,서울특별시,성동구
12744,(제휴종료)ABC Mart |  홍대 홍익로점,서울시,홍대,서울특별시,마포구
12745,(제휴종료)ABC Mart | GS 홍대점,서울시,홍대,서울특별시,마포구
12746,(제휴종료)ABC Mart |  홍대 EXIT 몰점,서울시,홍대,서울특별시,중구
12747,(제휴종료)ABC Mart | SP 홍대점,서울시,홍대,서울특별시,마포구
12748,원진글로벌허브 | 성형외과 원장이 직접 시술하는 피부과,서울시,강남구,서울특별시,서초구
12749,딩딤1968 종각점,서울시,종로구,서울특별시,중구
12750,딩딤1968 신사점,서울시,신사동,서울특별시,강남구
12752,다이나믹메이즈 할인 티켓,서울시,인사동,서울특별시,종로구
12753,(삭제) 슈펜 | 홍대점,서울시,홍대,서울특별시,마포구
12754,(제휴종료) 위드펫투어,춘천시,(없음),서울특별시,중구
12756,Creatrip Sample,서울시,(없음),서울특별시,강남구
12757,홍콩대패당 홍대,서울시,홍대,서울특별시,중구
12760,찜닭 배달,한국,(없음),서울특별시,강남구
12761,홍콩반점 배달,한국,(없음),서울특별시,강남구
12763,명동 블루아리랑,서울시,명동,서울특별시,중구
12764,(제휴종료)K-트래블버스,한국,(없음),서울특별시,중구
12765,미어캣 프렌즈 홍대점,서울시,(없음),서울특별시,마포구
12766,(폐업)도레도레 신사점,서울시,신사동,서울특별시,중구
12767,카페 감자밭,춘천시,(없음),강원특별자치도,춘천시
12768,곤트란쉐리에 지씨아뜰리에점,춘천시,(없음),강원특별자치도,춘천시
12769,(제휴종료)청담동 요닝,서울시,강남구,서울특별시,중구
12770,카르페,춘천시,(없음),강원특별자치도,춘천시
12771,제주도 오징어게임 투어,제주시,(없음),제주특별자치도,제주시
12772,인사동 나무새,서울시,인사동,서울특별시,중구
12773,마음챙김여행백락투어 - 한국에서 만나는 티벳스님과의 유쾌한 수다떨기,서울시,(없음),서울특별시,종로구
12774,옻나무 갤러리,서울시,인사동,서울특별시,중구
12775,하루만에 끝내는 서울지하철 명상여행,서울시,(없음),서울특별시,중구
12776,용평/알펜시아 리조트 1박2일 스키투어 (서울출발),평창군,(없음),강원특별자치도,평창군
12777,포비네공방,서울시,인사동,서울특별시,종로구
12778,(제휴종료) 롯데월드 아쿠아리움,서울시,잠실,서울특별시,중구
12779,(종료) (투어스토리) 딸기체험 + 남이섬 + 쁘띠프랑스 +  아침고요수목원 ,춘천시,(없음),강원특별자치도,춘천시
12780,캐치볼클럽,서울시,건대,서울특별시,중구
12781,커피명가 본,대구시,(없음),경상북도,경산시
12782,대부도 갯벌체험 여행 2박3일,성남시,(없음),도출불가,도출불가
12783,웰바스,서울시,인사동,서울특별시,중구
12784,커피명가 엑스코점,대구시,(없음),대구광역시,북구
12785,설연휴 용평리조트 당일스키투어,평창군,(없음),강원특별자치도,평창군
12786,(제휴종료)2022 Winter Ski Korea Festival - 용평리조트,평창군,(없음),서울특별시,중구
12787,(제휴종료)2022 Winter Ski Korea Festival - 웰리힐리파크,횡성군,(없음),강원특별자치도,횡성군
12788,Creatrip 연예인 커피차 서포트 ,한국,(없음),서울특별시,강남구
12789,(제휴종료)2022 Winter Ski Korea Festival - 휘닉스파크,평창군,(없음),강원특별자치도,평창군
12790,신세계면세점(홍콩),한국,(없음),서울특별시,중구
12791,신세계면세점(베트남어),서울시,(없음),서울특별시,중구
12792,휘닉스파크/웰리힐리 1박2일 스키투어 (서울출발),평창군,(없음),강원특별자치도,평창군
12793,카페코인 1호점,서울시,명동,서울특별시,중구
12794,카페코인 2호점,서울시,명동,서울특별시,중구
12795,스시노칸도 송도점,인천시,송도,서울특별시,중구
12796,노랑풍선시티버스(동대문 노랑풍선 시티투어버스 전통문화코스 할인티켓),서울시,(없음),서울특별시,중구
12797,스시노칸도 홍대점,서울시,홍대,서울특별시,마포구
12799,[어학당] 2023 서강대학교 어학당 기타비용,서울시,(없음),서울특별시,중구
12800,송도 더카페쿠키,인천시,송도,서울특별시,중구
12801,4박5일 서울 직장인 컨셉 투어,서울시,(없음),서울특별시,종로구
12802,4박5일 HI SEOUL 올인원 투어,서울시,(없음),서울특별시,종로구
12803,1Day 서울 전통문화 체험 투어,서울시,안국,서울특별시,종로구
12804,1Day 제주 전통문화 투어 제주 술 만들기,제주시,(없음),제주특별자치도,서귀포시
12805,1Day 제주 전통문화 투어 해녀 체험,제주시,(없음),제주특별자치도,제주시
12806,[글로벌여행사] 1Day 부산 전통문화 투어 (부산출발),부산시,(없음),부산광역시,수영구
12809,1박2일 양평&강원도 투어,양평군,(없음),경기도,양평군
12810,정선 메이힐스 리조트 패키지,정선군,(없음),강원특별자치도,정선군
12811,외국인을 위한 제주 자유여행 2박3일 투어 ,제주시,(없음),제주특별자치도,제주시
12812,마음챙김백락투어 - 1박 2일 서울 핵심 투어,서울시,(없음),서울특별시,종로구
12813,외국인을 위한 제주 웰니스 감성 여행 3박4일,제주시,(없음),제주특별자치도,제주시
12814,일출랜드,제주시,성산,제주특별자치도,서귀포시
12815,제주 올레길과 오름 투어 5박 6일,제주시,(없음),제주특별자치도,제주시
12816,김녕왕발통 - 제주왕발통/전동바이크/전기자전거,제주시,함덕/구좌,제주특별자치도,제주시
12817,레포츠랜드 - 카트/짚라인/서바이벌,제주시,제주시,제주특별자치도,제주시
12818,케이슨 24,인천시,송도,인천광역시,연수구
12819,(판매중단) 제주 브릭캠퍼스,제주시,제주시,제주특별자치도,제주시
12820,(제휴종료) 서귀포잠수함,제주시,서귀포시,제주특별자치도,서귀포시
12821,제주센트럴파크ㅣ세그웨이 고카트,제주시,제주시,제주특별자치도,제주시
12822,세리월드 카트,제주시,서귀포시,제주특별자치도,서귀포시
12823,(제휴종료) 소인국테마파크,제주시,서귀포시,제주특별자치도,서귀포시
12824,"여미지식물원ㅣ제주도 가볼만한 곳, 동양에서 가장 큰 온실 정원",제주시,중문,제주특별자치도,서귀포시
12825,쇠소깍 제트보트,제주시,서귀포시,제주특별자치도,서귀포시
12826,(제휴종료) 스누피가든,제주시,함덕/구좌,제주특별자치도,제주시
12827,(판매중단) 우도잠수함,제주시,우도,제주특별자치도,서귀포시
12828,(판매중단) 윈드1947 카트,제주시,서귀포시,제주특별자치도,서귀포시
12829,(판매중단) 제주민속촌,제주시,표선,제주특별자치도,서귀포시
12830,(판매중단) 주상절리 제주제트 제트보트,제주시,서귀포시,제주특별자치도,서귀포시
12831,카멜리아힐 입장권,제주시,안덕,제주특별자치도,서귀포시
12832,테디베어뮤지엄 제주,제주시,중문,제주특별자치도,서귀포시
12833,(제휴종료) 하늘여행 행글라이더,제주시,안덕,제주특별자치도,서귀포시
12834,(판매종료) 한림공원,제주시,협재,제주특별자치도,제주시
12835,제주도 힐링 명소ㅣ허브동산,제주시,표선,제주특별자치도,서귀포시
12836,(판매중단) 헬로키티 아일랜드,제주시,안덕,제주특별자치도,서귀포시
12837,제주도 요트 체험ㅣ김녕요트투어,제주시,함덕/구좌,제주특별자치도,제주시
12839,키사스 레스토랑,인천시,송도,인천광역시,연수구
12840,스웨덴 피크닉 송파 본점,서울시,잠실,서울특별시,송파구
12841,AM:TON | 에이엠톤 홍대점,서울시,홍대,서울특별시,마포구
12842,북촌사진관 | 본점,서울시,북촌,서울특별시,종로구
12843,아쿠아플라넷 제주 + 미구엘 슈발리에,제주시,성산,제주특별자치도,서귀포시
12844,개항e지투어,인천시,(없음),인천광역시,중구
12846,(임시휴업)송도 비건 베이커리 | 비건무드,인천시,송도,인천광역시,연수구
12847,서울랜드(특가판매),과천시,(없음),경기도,과천시
12848,리자매 쌀 디저트,인천시,(없음),인천광역시,미추홀구
12849,에버랜드(특가판매),용인시,(없음),경기도,용인시 처인구
12851,머니박스 명동,서울시,명동,서울특별시,중구
12852,힐링&클린 제주 원데이 투어,제주시,(없음),제주특별자치도,제주시
12853,리앤최투어 제주 프라이빗택시투어,제주시,(없음),제주특별자치도,제주시
12854,(임시비공개)반티엔야오 카오위 대림점,서울시,대림,서울특별시,영등포구
12855,에이엠톤(AMTON) 성수점 | 윤기 케어 & 컬러 전문 헤어 살롱,서울시,성수동,서울특별시,성동구
12856,인천 간장게장 맛집 | 주안 황금게장  ,인천시,(없음),인천광역시,미추홀구
12857,(제휴종료)아로마포레스트 명동점,서울시,명동,서울특별시,중구
12859,맘모커피,서울시,명동,서울특별시,중구
12860,서울동물원 + 스카이리프트,과천시,(없음),경기도,과천시
12861,스웨덴 피크닉 서울숲점,서울시,성수동,서울특별시,성동구
12862,롯데월드 + 아쿠아리움 ,서울시,잠실,서울특별시,송파구
12863,친구통신 해외배송 DATA,서울시,(없음),서울특별시,강남구
12864,친구통신 해외배송 통화,서울시,(없음),서울특별시,강남구
12865,쁘띠프랑스 + 2022 드림콘서트 투어,서울시,(없음),서울특별시,송파구
12866,열두바구니 송도점,인천시,송도,인천광역시,연수구
12867,자연과창의성,인천시,송도,인천광역시,연수구
12868,6월 고성 라벤더 투어,고성군,(없음),강원특별자치도,고성군
12870,(제휴종료) 남이섬 + 레일바이크 + 휘바핀란드,춘천시,(없음),강원특별자치도,홍천군
12871,(제휴종료)7월 평창 데이지꽃 투어,평창군,(없음),강원특별자치도,평창군
12872,"여의도 이랜드 크루즈 (별빛,달빛,선셋,불꽃)",서울시,여의도,서울특별시,영등포구
12873,여의도 이랜드 크루즈(한강투어크루즈),서울시,여의도,서울특별시,영등포구
12874,아로마포레스트 인천구월점,인천시,(없음),인천광역시,남동구
12876,서울랜드 입장권 패키지,과천시,(없음),경기도,과천시
12877,군자대한곱창 명동점,서울시,명동,서울특별시,중구
12878,런닝맨체험관 부산점,부산시,서면,부산광역시,부산진구
12879,런닝맨체험관 강릉점,강릉시,(없음),강원특별자치도,강릉시
12880,(비공개)프라이빗 투어 별도 결제페이지,한국,(없음),서울특별시,강남구
12881,(1/25 기준 비공개) 강릉 캔디서프,강릉시,(없음),강원특별자치도,강릉시
12882,제주 아쿠아플라넷 입장권 [Foreigners Only],제주시,성산,제주특별자치도,서귀포시
12883,이남장 명동점,서울시,명동,서울특별시,중구
12884,여수 아쿠아플라넷 입장권/종합권 (외국인 전용 티켓),여수시,(없음),전라남도,여수시
12885,황금목장 명동본점,서울시,명동,서울특별시,중구
12886,준오헤어 강남역화이트점,서울시,강남구,서울특별시,서초구
12888,익선동 목장,서울시,익선동,서울특별시,종로구
12891,문경 짚라인 체험권,문경시,(없음),경상북도,문경시
12894,문경 산악바이크 ATV 체험권,문경시,(없음),경상북도,문경시
12895,제주 난타극장,제주시,(없음),제주특별자치도,제주시
12897,서울88맥주,서울시,익선동,서울특별시,종로구
12899,오휘&후 스파 명동,서울시,명동,서울특별시,중구
12901,(제휴종료)아로마포레스트 상암점,서울시,월드컵경기장,서울특별시,마포구
12902,쁨클리닉 글로벌 강남점,서울시,강남구,서울특별시,서초구
12903,준오헤어 가든서현역점,성남시,(없음),경기도,성남시 분당구
12904,준오헤어 수내역 1호점,성남시,(없음),경기도,성남시 분당구
12905,[TK트레블] 강화도 인기명소 당일여행 (서울출발),인천시,강화군,인천광역시,중구
12906,영주 1박2일 막걸리+인삼주+꽃차 투어 (서울출발),영주,(없음),경상북도,영주시
12907,로제떡볶이 배달,한국,(없음),서울특별시,강남구
12908,머니박스 홍대 ,서울시,홍대,서울특별시,마포구
12909,빽다방 배달,한국,(없음),서울특별시,강남구
12910,인사동 장수하늘소,서울시,인사동,서울특별시,종로구
12911,(제휴종료)양양 서핑 투어,양양군,(없음),강원특별자치도,양양군
12912,2022 APAN Star Awards,고양시,(없음),경기도,고양시 일산서구
12914,(종료) 방갈로가 있는 홍대 이색카페 코코넛박스 입장권,서울시,홍대,서울특별시,마포구
12916,파주 벽초지 수목원 + 프로방스 마을 + 헤이리 예술촌 투어 (서울출발),파주시,(없음),경기도,파주시
12917,미소네일 명동점,서울시,명동,서울특별시,중구
12919,(제휴종료) 제이드가든 드라마 촬영지 투어,춘천시,(없음),강원특별자치도,춘천시
12920,서울 성곽 워킹투어 (와룡공원~낙산공원) (서울출발),서울시,(없음),서울특별시,종로구
12921,서울 서촌 워킹투어 (인왕산~서촌) (서울출발),서울시,서촌,서울특별시,종로구
12923,남한산성 워킹투어 (서울출발),광주(경기),(없음),경기도,광주시
12924,JYJ 김재중 공주 브이로그 체험 일일투어 (서울출발),공주시,(없음),충청남도,공주시
12925,나이트투어_ 북악스카이웨이~낙산공원 코스 (서울출발),서울시,(없음),서울특별시,성북구
12926,(비활성화) 나이트투어_ 망원동~성산대교~남산성곽 코스,서울시,(없음),서울특별시,마포구
12928,서울 경동약령시장~광장시장 투어 (서울출발),서울시,(없음),서울특별시,종로구
12929,(2025.02.17 비공개처리) 대구 한방체험 Day Tour (대구출발),대구시,(없음),대구광역시,수성구
12930,BTS 뷔&슈가의 고향 대구 Day Tour (대구출발),대구시,(없음),대구광역시,중구
12932,(제휴종료)3박4일 부산으로의 자유 여행,부산시,(없음),부산광역시,기장군
12933,(제휴종료) 4박5일 서울 투어,서울시,(없음),서울특별시,종로구
12934,2025 인천 INK K-POP 콘서트 티켓 패키지,인천시,(없음),인천광역시,중구
12935,한강 요가 체험,서울시,여의도,서울특별시,영등포구
12936,(제휴종료)강릉 1박2일 한옥 스테이 & 요트 투어,강릉시,(없음),강원특별자치도,강릉시
12937,2025 부산원아시아페스티벌 BOF 콘서트 1박2일 투어 (서울출발),부산시,(없음),부산광역시,해운대구
12938,(제휴종료)명동 라라네일,서울시,명동,서울특별시,중구
12939,순천 유네스코 투어,순천시,(없음),전라남도,순천시
12940,대구 파워풀 K-POP 콘서트 투어,대구시,(없음),대구광역시,북구
12942,"(잠시 비공개처리, 업데이트 예정) DMZ 제3땅굴 투어",파주시,(없음),경기도,파주시
12943,JIVE(자이브) 슈퍼라이브 페스티벌,서울시,잠실,서울특별시,송파구
12944,명동 면역공방,서울시,명동,서울특별시,중구
12945,[가격 세팅 후 오픈예정] 한일 역사 기행 투어,서울시,(없음),서울특별시,서대문구
12946,[가격 세팅 후 오픈예정] 서울 야경 & 야식 투어,서울시,(없음),서울특별시,종로구
12947,[가격 세팅 후 오픈예정] 서울 유네스코 투어,서울시,(없음),서울특별시,강남구
12948,2025 부산 불꽃축제 S석 입장권,부산시,광안리,부산광역시,수영구
12949,[가격 세팅 후 오픈예정] 치맥과 함께하는 수원화성 워킹 투어,수원시,(없음),경기도,수원시 팔달구
12952,TEST,한국,(없음),서울특별시,중구
12954,(서비스 중단) K-ETA 대행 서비스,서울시,(없음),서울특별시,중구
12957,경복궁 오전 투어 + 전문 가이드,서울시,경복궁,서울특별시,종로구
12959,글로벌 강원 웰니스 위크 투어,평창군,(없음),강원특별자치도,평창군
12962,설악산 단풍 당일투어,속초시,(없음),강원특별자치도,인제군
12963,서울출발 랜덤 가을단풍여행 (제목 수정),한국,(없음),서울특별시,송파구
12964,내장산 국립공원 단풍 당일투어 (서울 출발),정읍시,(없음),전라북도,정읍시
12965,속리산 단풍 일일투어 (서울출발),보은군,(없음),충청북도,보은군
12966,2022 지니뮤직어워드(GMA) 티켓 판매,인천시,(없음),인천광역시,남동구
12967,판문점(JSA) 투어,파주시,(없음),경기도,파주시
12970,[가격 세팅 후 오픈예정] 용인 대장금파크와 수원 핫플레이스 일일투어 (서울출발),용인시,(없음),경기도,용인시 처인구
12972,강원도 3박4일 사진 여행,속초시,(없음),강원특별자치도,고성군
12973,제주도 3박4일 사진 여행,제주시,서귀포시,제주특별자치도,서귀포시
12974,엘리시안 강촌 스키 당일투어 (제휴종료),춘천시,(없음),강원특별자치도,춘천시
12975,부산&경상 단풍 랜덤투어,부산시,(없음),부산광역시,금정구
12976,내장산 국립공원 단풍 당일투어 (부산 출발),정읍시,(없음),전라북도,순창군
12977,[아일랜드투어] BTS 지민의 고향 부산 당일투어 (부산출발),부산시,(없음),부산광역시,사하구
12978,[아일랜드투어] BTS 지민&정국 부산 1박2일 투어 (부산출발),부산시,(없음),부산광역시,부산진구
12980,에버랜드&캐리비안베이 왕복 셔틀버스 (서울출발),용인시,(없음),경기도,용인시 처인구
12981,[아일랜드투어] 부산 BTS 명소 2박3일 투어 (부산출발),부산시,(없음),부산광역시,해운대구
12982,"(제휴종료) 남이섬부터 레일바이크까지, 춘천 5 in 1 투어",춘천시,(없음),강원특별자치도,춘천시
12983,설악산 + 남이섬 + 아침고요수목원 당일 투어 (서울출발),춘천시,(없음),강원특별자치도,인제군
12984,평화곤돌라 + 감악산 출렁다리 DMZ 투어 (서울출발),파주시,(없음),경기도,파주시
12986,대구 템플스테이 1박2일 프라이빗 투어 (대구출발),대구시,(없음),경상북도,청도군
12987,K-드라마촬영지 1박2일투어 (대구출발),대구시,(없음),대구광역시,남구
12988,대구 메디컬투어와 반나절 관광 (대구출발),대구시,(없음),대구광역시,달서구
12989,대구+안동 OR 대구+경주 투어 (대구출발),대구시,(없음),대구광역시,동구
12990,VIP 웰컴서울 투어,서울시,(없음),서울특별시,송파구
12991,(제휴종료)평창 스키 2박3일투어,평창군,(없음),강원특별자치도,평창군
12992,(E-1 수유) 유학생 전용 룸렌트 - 예약용,서울시,수유,서울특별시,강북구
12993,(E-2 신촌) 유학생 전용 룸렌트 - 예약용,서울시,신촌,서울특별시,마포구
12994,(E-2 신촌) 유학생 전용 룸렌트 - 결제용,서울시,신촌,서울특별시,마포구
12995,(E-1 수유) 유학생 전용 룸렌트 - 결제용,서울시,수유,서울특별시,강북구
12996,한류 in 서울 2박3일투어,서울시,(없음),서울특별시,용산구
12997,강릉 힐링 웰니스투어,강릉시,(없음),강원특별자치도,강릉시
12998,엘리시안 강촌 겨울 스키&스노보드 + 남이섬 일일투어 (서울출발),춘천시,(없음),강원특별자치도,춘천시
12999,엘리시안 강촌 스키리조트 일일여행,춘천시,(없음),강원특별자치도,춘천시
13000,소노 비발디파크 스키&스노보드 + 어비얼음계곡 일일투어 (서울출발),홍천군,(없음),강원특별자치도,홍천군
13003,소노 비발디파크 2박3일 스키 투어 (서울출발),홍천군,(없음),강원특별자치도,홍천군
13004,소노 비발디파크 1박2일 스키 투어 (서울출발),홍천군,(없음),강원특별자치도,홍천군
13005,소노 비발디파크 스키 일일투어 (서울출발),홍천군,(없음),강원특별자치도,홍천군
13006,덕수궁 반나절 워킹투어 + 전문가이드,서울시,시청,서울특별시,중구
13007,노량진 수산시장 푸드투어,서울시,노량진,서울특별시,동작구
13008,[에스피국제교육원] 한국근대역사문화체험 4박5일 여행 (서울출발),부산시,(없음),서울특별시,종로구
13009,부산 핵심 3박4일투어,부산시,(없음),부산광역시,남구
13010,걸작떡볶이치킨 배달,한국,(없음),서울특별시,강남구
13011,위치네일스 강남점,서울시,강남구,서울특별시,서초구
13012,메가커피 배달,한국,(없음),서울특별시,중구
13013,하리보 골드바렌 100주년 기념 전시회 티켓,서울시,인사동,서울특별시,종로구
13014,한촌설렁탕 배달 (주문불가),한국,(없음),서울특별시,중구
13015,두찜 배달,한국,(없음),서울특별시,중구
13016,푸라닭 치킨 배달,한국,(없음),서울특별시,중구
13017,버거킹 배달,한국,(없음),서울특별시,중구
13018,터프팅 원데이 클래스,서울시,강동구,서울특별시,마포구
13021,청담 마르지아 힐링스파,서울시,삼성동,서울특별시,강남구
13022,"서울시티 투어 K-culture & 한국어 배우기 (6, 9, 12시간) ",파주시,(없음),경기도,파주시
13023,문경새재 + 브루어리 투어,문경시,(없음),경상북도,문경시
13025,SJ헤어 이대점,서울시,이대,서울특별시,마포구
13026,우도정원,제주시,우도,제주특별자치도,제주시
13027,산방산 탄산온천(실내),제주시,안덕,제주특별자치도,서귀포시
13028,신전떡볶이 배달,한국,(없음),서울특별시,중구
13029,부대찌개 배달,한국,(없음),서울특별시,중구
13030,유가네 닭갈비 배달,한국,(없음),서울특별시,중구
13031,능라도 명동점,서울시,명동,서울특별시,중구
13032,닭발 배달,한국,(없음),서울특별시,중구
13033,아구찜/해물찜 배달,한국,(없음),서울특별시,중구
13034,2023 SBS 가요대전,인천시,(없음),서울특별시,구로구
13036,연세대학교 송금 비용,서울시,(없음),서울특별시,중구
13038,소노 비발디파크 스노위랜드 일일투어 (서울출발),홍천군,(없음),강원특별자치도,홍천군
13039,DMZ 프라이빗 투어 (서울출발) | 제3땅굴 & 도라산 전망대 & 통일정보화마을,파주시,(없음),경기도,파주시
13040,산방산 유람선,제주시,안덕,제주특별자치도,서귀포시
13041,입고가게,부산시,감천동,부산광역시,사하구
13042,인천 릴랙싱 카페 프라이빗 투어 (서울출발),인천시,(없음),인천광역시,옹진군
13044,(제휴종료) 강촌 김유정역 레일바이크,춘천시,(없음),강원특별자치도,춘천시
13045,(제휴종료) 제주꺼우다 오징어게임 의상대여,제주시,애월,제주특별자치도,제주시
13047,K-ETA 대행 서비스(태국),서울시,(없음),서울특별시,중구
13048,감자탕 배달,한국,(없음),서울특별시,중구
13049,냉면 배달,한국,(없음),서울특별시,중구
13050,(제휴종료) 용평리조트 1박2일 스키투어,평창군,(없음),강원특별자치도,평창군
13051,(제휴종료)용평리조트 2박3일 스키투어,평창군,(없음),강원특별자치도,평창군
13052,인천 겨울딸기 별빛투어(제휴종료),인천시,(없음),인천광역시,중구
13053,메이즈랜드,제주시,함덕/구좌,제주특별자치도,제주시
13055,도로시한복여행,서울시,안국,서울특별시,종로구
13056,노형슈퍼마켙 미디어아트,제주시,(없음),제주특별자치도,제주시
13057,제주 오설록 티뮤지엄,제주시,안덕,제주특별자치도,서귀포시
13058,TK트래블 추가 결제 요청(숙박상품),서울시,(없음),서울특별시,중구
13059,(제휴종료)투에이치뷰티 홍대점,서울시,연남동,서울특별시,마포구
13060,제주실탄사격장 중문랜드,제주시,중문,제주특별자치도,서귀포시
13061,(판매중단) 제주성산 투명카약 문보트 (오조리레저파크),제주시,성산,제주특별자치도,서귀포시
13062,2024 KBS 가요대축제 GLOBAL FESTIVAL 티켓,일산,(없음),경기도,고양시 일산서구
13063,남이섬 + 어비얼음계곡 + 딸기 체험 일일투어 (서울출발),춘천시,(없음),강원특별자치도,춘천시
13064,청양 알프스마을 얼음분수축제 + 겨울 액티비티 일일투어 (서울출발),청양군,(없음),충청남도,청양군
13065,Namane card (TEST),한국,(없음),서울특별시,강남구
13066,(신사업) 공항픽업 환전예약 서비스,인천시,(없음),인천광역시,중구
13067,딸기체험 + 남이섬 + 강촌레일바이크 일일투어 (서울출발),춘천시,(없음),강원특별자치도,춘천시
13068,딸기체험 + 남이섬 + 강촌레일바이크 + 아침고요수목원 일일투어 (서울출발),춘천시,(없음),경기도,남양주시
13069,닥터디자이너 홍대점 (영어) - 13071로 통일,서울시,홍대,서울특별시,마포구
13070,닥터디자이너 홍대점 (일본어) - 13071로 통일,서울시,홍대,서울특별시,마포구
13071,에스리본의원,서울시,홍대,서울특별시,마포구
13073,리틀그릭 홍대점,서울시,연남동,서울특별시,마포구
13074,한국&일본인 친구들과 함께하는 한일교류회 파티,서울시,홍대,서울특별시,마포구
13075,(제휴종료)엘리시안 강촌 스키투어 & 딸기따기체험 일일여행,춘천시,(없음),강원특별자치도,춘천시
13076,ABC마트 MS명동점,서울시,명동,서울특별시,중구
13077,ABC마트 GS명동중앙점,서울시,명동,서울특별시,중구
13078,ABC마트 ST 명동3가점,서울시,명동,서울특별시,중구
13079,머니박스 동대문,서울시,동대문구,서울특별시,중구
13080,을지로 나이트 푸드투어,서울시,을지로,서울특별시,중구
13083,알파카월드+구봉산카페거리+스카이워크 프라이빗 투어 (서울출발),춘천시,(없음),강원특별자치도,홍천군
13085,인천공항→서울호텔(캐리어 배송 서비스),인천시,인천공항,인천광역시,중구
13086,서울호텔→인천공항(캐리어 배송 서비스),인천시,(없음),인천광역시,중구
13087,ABC마트 ST명동길점,서울시,명동,서울특별시,중구
13088,부산 원데이투어 (부산출발),부산시,(없음),부산광역시,기장군
13090,(제휴종료)포천딸기체험 일일투어,포천시,(없음),경기도,포천시
13091,소노 비발디파크 셔틀버스 이용권 (서울출발),홍천군,(없음),강원특별자치도,홍천군
13092,인제 자작나무숲 당일투어 (제휴종료),인제군,(없음),강원특별자치도,인제군
13093,2023 한터뮤직어워즈,서울시,동대문구,서울특별시,중구
13094,공항픽업/샌딩(스타렉스),인천시,인천공항,인천광역시,중구
13095,(제휴종료)강원도 선자령 당일 트레킹,평창군,(없음),강원특별자치도,평창군
13096,강원도 태기산 당일 트레킹 (제휴종료),횡성군,(없음),강원특별자치도,횡성군
13097,남이섬 일일 입장권(왕복 페리티켓 포함),춘천시,(없음),강원특별자치도,춘천시
13099,(제휴종료)강화도 진달래축제 일일여행,인천시,(없음),인천광역시,강화군
13100,엘크레 롱래스팅 메이크업,서울시,신사동,서울특별시,강남구
13101,가평 어비얼음계곡 겨울 시즌 일일투어 (서울출발),춘천시,(없음),강원특별자치도,춘천시
13102,써클차트어워즈 + 왕복 픽업 서비스 패키지,부산시,(없음),부산광역시,해운대구
13104,이삭토스트 잠실새내역점,서울시,잠실,서울특별시,송파구
13105,삼겹살 배달,한국,(없음),서울특별시,마포구
13106,오늘과다른네일 홍대점,서울시,홍대,서울특별시,마포구
13107,인더숲 BTS편 '평창' 촬영지 일일투어 (서울출발),평창군,(없음),강원특별자치도,강릉시
13108,왁싱앤라인 홍대점,서울시,홍대,서울특별시,마포구
13112,고구려 대장간마을+남이섬+에델바이스 스위스 테마파크+두물머리 프라이빗 투어 (서울출발),가평군,(없음),경기도,구리시
13113,세종 베어트리파크,세종,(없음),세종특별자치시,세종특별자치시
13114,여행 별도 결제 페이지,서울시,(없음),서울특별시,강남구
13115,온천+조양방직+풍물시장+한옥성당 프라이빗 투어 (서울출발),인천시,(없음),인천광역시,강화군
13116,더팔러서울,서울시,이태원,서울특별시,용산구
13118,(제휴종료)부산출발 청송 얼음왕국 원데이 투어,포항시,(없음),경상북도,청송군
13119,"(종료) 벚꽃&겹벚꽃 헌팅투어 (부산, 경주)",부산시,(없음),경상북도,경주시
13120,진해군항제 벚꽃 일일투어 (서울/부산 환승),창원시,(없음),경상남도,창원시 진해구
13121,(제휴종료)진해 벚꽃 일일여행,창원시,(없음),경상남도,창원시 진해구
13123,경주 불국사 겹벚꽃 유채꽃 일일투어 (서울출발),경주시,(없음),경상북도,경주시
13124,(제휴종료)경주 벚꽃 일일여행(부산출발),경주시,(없음),경상북도,경주시
13125,전주 마이산 벚꽃축제 일일투어 (서울출발),전주시,(없음),전라북도,진안군
13126,(종료) 경주 벚꽃 시티투어 (봄시즌),경주시,(없음),경상북도,경주시
13127,부산 벚꽃 시티투어 (봄시즌),부산시,(없음),부산광역시,사하구
13128,진해 벚꽃축제 진해군항제 일일투어 (서울출발),창원시,(없음),경상남도,창원시 진해구
13129,진해 벚꽃축제 진해군항제 일일투어 (부산출발),창원시,(없음),경상남도,창원시 진해구
13130,KT 4G 유심(추가충전용),서울시,명동,서울특별시,중구
13131,벚꽃 & 봄꽃 랜덤 일일투어 (서울출발),서울시,(없음),서울특별시,성동구
13132,벚꽃 랜덤 투어 (부산출발),부산시,(없음),부산광역시,해운대구
13133,진해 벚꽃축제 진해군항제 야간 일일투어 (부산출발),창원시,(없음),경상남도,창원시 진해구
13134,경주 벚꽃축제 일일투어 (부산출발),경주시,(없음),경상북도,경주시
13137,광양 매화 축제 & 전주 한옥마을 일일투어 (서울출발),광양시,(없음),전라남도,광양시
13138,광양 매화 구례 산수유축제 일일투어 (부산출발),광양시,(없음),전라남도,광양시
13139,회 배달 ,한국,(없음),서울특별시,중구
13143,(제휴종료)아이돌 K-POP댄서에게 배우는 진짜 K-POP댄스,서울시,홍대,서울특별시,마포구
13144,알파카월드 + 남이섬 + 레일바이크 일일투어 (서울출발),춘천시,(없음),강원특별자치도,춘천시
13146,60계 치킨 배달 ,한국,(없음),서울특별시,중구
13147,삼첩분식 배달,한국,(없음),서울특별시,강남구
13148,남이섬 + 쁘띠프랑스 & 이탈리안마을 + 강촌레일바이크 + 아침고요수목원 일일투어 (서울출발),가평군,(없음),강원특별자치도,춘천시
13149,(확인필요) 알파카월드 + 춘천닭갈비 + 레일바이크 + 남이섬 일일투어 (서울출발),홍천군,(없음),강원특별자치도,홍천군
13150,알파카월드 + 춘천닭갈비 + 레일바이크 + 딸기따기 일일투어,홍천군,(없음),강원특별자치도,홍천군
13151,(1/24 기준 솔드아웃처리) 부산 인기명소 일일투어 (부산출발),부산시,(없음),부산광역시,사하구
13152,인천 개항장거리 + 월미도바다열차 + 유람선 + 레일바이크 일일투어 (서울출발),인천시,(없음),인천광역시,중구
13153,경주 시티투어 (부산출발),경주시,(없음),경상북도,경주시
13154,(제휴종료) 농장체험+두물머리+남이섬+양떼목장 일일투어,가평군,(없음),경기도,가평군
13155,인천 진달래&벚꽃+전통시장+송도 프라이빗 투어,인천시,(없음),인천광역시,연수구
13156,인천벚꽃명소+신포국제시장+한복체험+박물관 프라이빗 투어,인천시,(없음),인천광역시,중구
13157,인천 딸기따기+송도+수봉공원야경 프라이빗 투어,인천시,(없음),인천광역시,미추홀구
13158,K-ETA + Q-CODE 패키지(태국),서울시,(없음),서울특별시,강남구
13159,고양국제꽃박람회+스타필드+마장호수+한옥마을 프라이빗 투어 (서울출발),고양시,(없음),경기도,고양시 일산동구
13160,Q-CODE 대행 서비스,서울시,(없음),서울특별시,강남구
13162,부산+경주 투어 (부산출발),부산시,(없음),경상북도,경주시
13163,전주 한옥마을 + 장태산 단풍 일일투어 (서울출발) | 전통과 자연을 하루에 즐기는 가을 감성 전주 여행,서울시,(없음),전라북도,전주시 완산구
13164,한탄강 UNESCO 세계지질공원 + 포천 허브아일랜드 + 포천아트벨리 일일투어 (서울출발),포천시,(없음),경기도,포천시
13165,[특별 이벤트 🎉] 호수도산 | K-POP 헤어&메이크업,서울시,압구정,서울특별시,강남구
13166,제주도 차량대절 여행서비스 (제주출발),제주시,(없음),제주특별자치도,제주시
13168,낙산공원에서의 낭만적인 하이킹과 로컬푸드 체험(야경투어),서울시,대학로(혜화),서울특별시,종로구
13171,강남교복 잠실점,서울시,잠실,서울특별시,송파구
13173,부산시티투어 (요트투어) (부산출발),부산시,(없음),부산광역시,기장군
13174,(확인필요) 레고랜드+강촌 레일바이크 일일투어 (서울출발),춘천시,(없음),강원특별자치도,춘천시
13175,김포 DMZ 일일투어 | 애기봉 평화 생태공원 + 고추장 만들기 (서울출발) (EG Tour),김포시,(없음),경기도,김포시
13176,파주 DMZ 일일투어 | 제3땅굴 + 도라전망대 + 캠프 그리브스 (서울출발) (EG Tour),파주시,(없음),경기도,파주시
13177,철원 DMZ 일일투어 (서울출발),철원군,(없음),강원특별자치도,철원군
13178,해운대 광안리 퍼블릭 요트 투어(더베이101),부산시,(없음),부산광역시,해운대구
13179,"리엔장 명동점ㅣ쁘띠,필러",서울시,명동,서울특별시,중구
13180,(공개 X )리엔장 명동점ㅣ필러 시술,서울시,명동,서울특별시,중구
13181,(인천공항 2터미널(2T)) 공항픽업 환전예약 서비스,인천시,(없음),서울특별시,중구
13182,"스타벅스 상품권 (4,500원)",한국,(없음),서울특별시,강남구
13183,"커피빈 상품권 (10,000원)",서울시,(없음),서울특별시,강남구
13184,"이디야 상품권 (5,700원)",한국,(없음),서울특별시,강남구
13185,"탐앤탐스 상품권(4,400원)",한국,(없음),서울특별시,강남구
13186,"노티드 상품권 (3,900원)",한국,(없음),서울특별시,강남구
13187,"바나나우유 상품권(1,700원)",한국,(없음),서울특별시,강남구
13188,"메가커피 상품권(10,200원)",한국,(없음),서울특별시,강남구
13189,롯데면세점(일본어),한국,(없음),서울특별시,중구
13190,롯데면세점(영어/프랑스어/스페인어),한국,(없음),서울특별시,중구
13191,롯데면세점(홍콩어),한국,(없음),서울특별시,중구
13192,롯데면세점(베트남어),한국,(없음),서울특별시,중구
13193,롯데면세점(태국어),한국,(없음),서울특별시,중구
13194,황금목장 명동성당점,서울시,명동,서울특별시,중구
13195,노티드도넛 안국,서울시,안국,서울특별시,종로구
13196,다운타우너 안국,서울시,안국,서울특별시,종로구
13197,엠플레이그라운드 연세1호점,서울시,신촌,서울특별시,서대문구
13198,엠플레이그라운드 건대점,서울시,건대,서울특별시,광진구
13200,해피스킨,서울시,명동,서울특별시,중구
13201,제주도 렌터카 자차보험 포함(제주엔젤카),제주시,(없음),제주특별자치도,제주시
13202,신라에스테 - 몸 전체의 피로를 푸는 에스테틱 스파,서울시,명동,서울특별시,중구
13203,장금이 (장금 스파 에스테틱),서울시,명동,서울특별시,중구
13205,천하제일 솥뚜껑 명동점,서울시,명동,서울특별시,중구
13206,곰국시집,서울시,명동,서울특별시,중구
13207,한국민속촌 + 수원화성 일일투어 (서울출발),수원시,(없음),경기도,용인시 기흥구
13208,양평 일일투어,양평군,(없음),경기도,양평군
13209,춘천 레고랜드 코리아 1일 자유이용권,춘천시,(없음),강원특별자치도,춘천시
13210,명동 더끌림 (산부인과),서울시,명동,서울특별시,중구
13211,명동 더끌림 (피부과),서울시,명동,서울특별시,중구
13215,신라면세점(영어) ,한국,(없음),서울특별시,중구
13216,신라면세점(일본어) ,한국,(없음),서울특별시,중구
13217,신라면세점(홍콩어) ,한국,(없음),서울특별시,중구
13218,신라면세점(태국어) ,한국,(없음),서울특별시,중구
13219,신라면세점(베트남어) ,한국,(없음),서울특별시,중구
13220,병아리김밥 명동점,서울시,명동,서울특별시,중구
13221,"VISIT BUSAN PASS 24시간/48시간/BIG 3,5 (비짓부산패스)",부산시,(없음),부산광역시,동구
13222,라비헤어 홍대 본점,서울시,합정,서울특별시,마포구
13223,대한한복 한복대여 (이름 수정),서울시,경복궁,서울특별시,종로구
13224,시티 하이라이트 투어 with 경복궁,서울시,경복궁,서울특별시,종로구
13226,"설빙 상품권 (5,800원)",한국,(없음),서울특별시,강남구
13227,"배스킨라빈스 상품권 (17,000원)",한국,(없음),서울특별시,강남구
13228,"서울의 과거와 현재, 드라이빙 투어",서울시,(없음),서울특별시,종로구
13229,장금이전집,서울시,명동,서울특별시,중구
13230,서원죽집,서울시,명동,서울특별시,중구
13233,준오헤어 서면역점,부산시,서면,부산광역시,부산진구
13234,서울시티투어버스 (광화문 야경 코스),서울시,(없음),서울특별시,중구
13235,알파카월드+남이섬 일일투어 (서울출발),춘천시,(없음),강원특별자치도,홍천군
13236,알파카월드+남이섬+아침고요수목원 일일투어 (서울출발),춘천시,(없음),강원특별자치도,홍천군
13237,서울교복,서울시,잠실,서울특별시,송파구
13238,웯우드스튜디오 잠실점,서울시,잠실,서울특별시,송파구
13240,사유의서재 남산점,서울시,명동,서울특별시,중구
13241,아리한복,서울시,경복궁,서울특별시,종로구
13242,[어학당] 2025 한양대학교 어학당 정규과정,한국,(없음),서울특별시,성동구
13243,"부산-부산공항, 부산역 택시 픽업서비스",부산시,(없음),부산광역시,강서구
13244,고양이놀이터,서울시,명동,서울특별시,중구
13245,준오헤어 가든 강남구청역점,서울시,(없음),서울특별시,강남구
13246,육대장 명동점,서울시,명동,서울특별시,중구
13247,(폐업)아리따움 회현지하쇼핑센터점,서울시,명동,서울특별시,중구
13248,[어학당] 2024 한국외국어대학교 어학당 기타비용 ,한국,(없음),서울특별시,동대문구
13249,콩뼈숯뼈감자탕 명동점,서울시,명동,서울특별시,중구
13250,[비활성] 희망의 파주 JSA & DMZ 1일 버스투어,파주시,(없음),경기도,파주시
13251,이지환전,서울시,명동,서울특별시,중구
13252,제주도 렌터카 전차량 자차무제한보험 포함(더세이프렌터카),제주시,(없음),제주특별자치도,제주시
13253,"[네이처모빌리티] 제주도 렌터카 중형,대형,SUV 자차한도 무제한 보험 포함 (ZZIMCAR) / 찜카",제주시,(없음),제주특별자치도,제주시
13255,레고랜드+남이섬 일일투어 (서울출발) (Sold out),춘천시,(없음),강원특별자치도,춘천시
13256,페인터즈공연+남이섬+쁘띠프랑스&이탈리안빌리지 일일투어 (서울출발),춘천시,(없음),경기도,가평군
13257,통영 원데이 시티투어 (부산출발) (Sold out),통영시,(없음),경상남도,통영시
13258,박준뷰티랩 명동 본점 ,서울시,명동,서울특별시,중구
13259,[비활성] 서울 시티버스 투어(가이드 포함) (서울출발),서울시,경복궁,서울특별시,종로구
13260,(제휴종료) 부산 Dream&Ocean 드림콘서트 일일투어,부산시,(없음),부산광역시,연제구
13261,스파렉스 동대문,서울시,동대문구,서울특별시,중구
13262,토니모리 명동3번가점,서울시,명동,서울특별시,중구
13263,한복궁,서울시,경복궁,서울특별시,종로구
13264,(제휴종료) 부산 Dream 드림콘서트 일일투어 (중화권제외),부산시,(없음),부산광역시,연제구
13265,ZZIMCAR 제주도 투어택시,제주시,(없음),제주특별자치도,제주시
13266,CHOP 헤어 홍대점,서울시,홍대,서울특별시,마포구
13267,CHOP 헤어 건대점,서울시,건대,서울특별시,광진구
13268,CHOP 헤어 잠실점,서울시,잠실,서울특별시,송파구
13270,CHOP 헤어 신논현점,서울시,강남구,서울특별시,서초구
13271,오빠닭 명동점,서울시,명동,서울특별시,중구
13272,머니박스 강남역지점,서울시,강남구,서울특별시,서초구
13273,[비활성] 광명시 일일 버스투어 (서울 출발),광명시,(없음),경기도,광명시
13274,"[비활성] 로맨틱 안산, 서해 일일 버스투어 (서울출발)",안산시,(없음),경기도,화성시
13275,강원도 동해 썬라이즈 EDM 파티투어 (무박2일),동해시,(없음),강원특별자치도,동해시
13276,가평 클럽 나인 워터파크 일일투어,가평군,(없음),경기도,가평군
13277,(1/24 비공개) 강화도 루지+액티비티 일일투어 (서울출발),인천시,(없음),인천광역시,강화군
13278,강릉아르떼뮤지엄 주문진 힐링 일일투어 (서울출발),강릉시,(없음),강원특별자치도,강릉시
13279,강원도 아미 해변투어,강릉시,(없음),강원특별자치도,강릉시
13280,육회바른연어 배달,한국,(없음),서울특별시,강남구
13281,간장게장/양념게장 배달,한국,(없음),서울특별시,강남구
13282,설렁탕 배달,한국,(없음),서울특별시,강남구
13283,육개장 배달,한국,(없음),서울특별시,강남구
13284,고시레 명동,서울시,명동,서울특별시,중구
13285,명동정,서울시,명동,서울특별시,중구
13286,예리드 미용실,서울시,명동,서울특별시,중구
13288,큰기와집 예약 대행 서비스(예약불가),서울시,(없음),서울특별시,종로구
13289,갈비탕 배달,한국,(없음),서울특별시,강남구
13290,파스타 배달,한국,(없음),서울특별시,강남구
13291,덮밥 배달,한국,(없음),서울특별시,강남구
13292,돈까스 배달,한국,(없음),서울특별시,강남구
13293,(제휴종료) 영주 열기구 당일 투어,영주시,(없음),경상북도,영주시
13294,황태해장국 배달,한국,(없음),서울특별시,강남구
13295,순두부찌개 배달,한국,(없음),서울특별시,강남구
13296,상주 열기구 당일 투어,상주시,(없음),경상북도,상주시
13299,노랑통닭 배달,한국,(없음),서울특별시,강남구
13301,앤티앤스프레즐 배달,한국,(없음),서울특별시,강남구
13302,우동/메밀소바 배달,한국,(없음),서울특별시,강남구
13303,선물하기 화이트라벨 - 쿠폰 수령용 ,서울시,(없음),도출불가,도출불가
13306,미어캣프랜즈 인천점,인천시,(없음),인천광역시,남동구
13308,인천 치맥 축제 일일투어,인천시,(없음),인천광역시,중구
13309,강릉전통뮤지컬+컬링체험 일일투어,강릉시,(없음),강원특별자치도,강릉시
13312,세븐럭카지노 부산롯데점,부산시,서면,부산광역시,부산진구
13313,(제휴종료)순천만 국제정원 엑스포 일일투어,순천시,(없음),전라남도,순천시
13314,(제휴종료)봉화은어축제 일일투어,봉화군,(없음),경상북도,봉화군
13315,퍼스널컬러 컬러오브유,서울시,홍대,서울특별시,마포구
13316,후로아,서울시,명동,서울특별시,중구
13317,크리에이트립 패키지 - 3rd Edition 서울 (한정판매) (크트패스),서울시,(없음),서울특별시,강남구
13318,카페 하이웨스트 익선 케이크 예약 대행 서비스 (픽업),서울시,익선동,서울특별시,종로구
13319,아드레포 마사지샵,서울시,명동,서울특별시,중구
13321,머니박스 김해공항점,부산시,(없음),부산광역시,강서구
13322,머니박스 해운대점,부산시,(없음),부산광역시,해운대구
13323,머니박스 남포점,부산시,남포동,부산광역시,중구
13324,서울 명동 하나 머드 마사지 사우나 (여성전용),서울시,명동,서울특별시,중구
13325,K-POP 아이돌의 필수 촬영지 용마랜드,서울시,(없음),서울특별시,강남구
13326,(제휴종료) 보령머드축제 일일투어,보령시,(없음),충청남도,보령시
13327,파주 DMZ 일일투어 (서울출발) | 땅굴 포함,파주시,(없음),경기도,파주시
13329,"MOVV 공항↔서울, 경기도 공항픽업/샌딩",인천시,(없음),인천광역시,중구
13332,(제휴종료) 부산 맛집 | 육짚,부산시,전포,부산광역시,부산진구
13333,(제휴종료) 부산 소품샵 | 룩스라이크어바니,부산시,전포,부산광역시,부산진구
13334,부산 맛집 | 서면 코쿠씨,부산시,서면,부산광역시,부산진구
13335,온리프성형외과,서울시,강남구,서울특별시,서초구
13336,르샤인의원,서울시,강남구,서울특별시,서초구
13337,감성교복 잠실본점,서울시,잠실,서울특별시,송파구
13339,생크추어리 헤어,서울시,명동,서울특별시,중구
13340,페인터즈 시즌2 : 광화문전용관 경향아트힐,서울시,서대문구,서울특별시,중구
13341,페인터즈 시즌2 : 명보아트홀,서울시,을지로,서울특별시,중구
13344,어베일헤어,서울시,상수,서울특별시,마포구
13345,[서울] 오디티모드 셀프 사진 촬영 | 홍대 1호점,서울시,홍대,서울특별시,마포구
13346,[서울] 오디티모드 셀프 사진 촬영 | 홍대 2호점,서울시,홍대,서울특별시,마포구
13347,[서울] 오디티모드 셀프 사진 촬영 | 강남점,서울시,강남구,서울특별시,서초구
13348,[서울] 오디티모드 셀프 사진 촬영 | 건대점,서울시,건대,서울특별시,광진구
13349,[서울] 오디티모드 셀프 사진 촬영 | 잠실점,서울시,잠실,서울특별시,송파구
13350,[서울] 오디티모드 셀프 사진 촬영 | 한남점,서울시,이태원,서울특별시,용산구
13351,[서울] 오디티모드 셀프 사진 촬영 | 성수점,서울시,성수동,서울특별시,성동구
13352,[서울] 오디티모드 셀프 사진 촬영 | 현대백화점 신촌점,서울시,신촌,서울특별시,서대문구
13353,[서울] 오디티모드 셀프 사진 촬영 | 신라스테이 광화문점,서울시,광화문,서울특별시,종로구
13354,[서울] 오디티모드 셀프 사진 촬영 | 신라스테이 구로점,서울시,구로구,서울특별시,동작구
13355,레코디드 셀프 프로필사진 촬영권 | 홍대점,서울시,홍대,서울특별시,마포구
13357,레코디드 셀프 프로필사진 촬영권 | 건대점,서울시,건대,서울특별시,광진구
13358,준오헤어 성수역점,서울시,성수동,서울특별시,성동구
13359,온6.5 (한식다이닝),서울시,북촌,서울특별시,종로구
13362,"(신사업) 크리에이트립x벨리곰 교통카드(5,000원 충전 포함 / 인천공항 픽업)",인천시,(없음),인천광역시,중구
13364,부산 맛집 | 이하정간장게장,부산시,(없음),부산광역시,수영구
13365,2023 SKA SUPER SWAG 페스티벌,광명시,(없음),경기도,광명시
13367,시현하다 홍대입구역점,서울시,홍대,서울특별시,마포구
13368,시현하다 신촌점,서울시,신촌,서울특별시,서대문구
13369,시현하다 신사점,서울시,신사동,서울특별시,강남구
13370,시현하다 압구정로데오점,서울시,압구정,서울특별시,강남구
13371,부산 맛집 | 홍게데이 광안점,부산시,광안리,부산광역시,수영구
13372,hince(힌스) 한남,서울시,이태원,서울특별시,용산구
13373,오다리집 명동 예약 대행 서비스 (예약불가),서울시,(없음),서울특별시,중구
13374,홍대 헤이오브제 ,서울시,홍대,서울특별시,마포구
13376,오다리집 간장게장 역삼 예약 대행 서비스 (예약불가),서울시,(없음),서울특별시,강남구
13377,아구랑꽃게랑 예약 대행 서비스 (대행 서비스 중단),서울시,(없음),서울특별시,중구
13378,삼원가든 예약 대행 서비스,서울시,(없음),서울특별시,강남구
13379,삼육가 본점 예약 대행 서비스,서울시,(없음),서울특별시,강남구
13380,석파랑 예약 대행 서비스 (대행 서비스 중단),서울시,(없음),서울특별시,종로구
13381,데이앤나잇 예약 대행 서비스 (대행 서비스 중단),서울시,(없음),서울특별시,용산구
13383,롯데월드 ICE RINK 아이스링크(스케이트화+안전모 대여포함),서울시,잠실,서울특별시,송파구
13384,웯우드스튜디오 홍대점,서울시,홍대,서울특별시,마포구
13387,담쁨퍼스널컬러 성수점,서울시,성수동,서울특별시,성동구
13388,담쁨퍼스널컬러 홍대점,서울시,홍대,서울특별시,마포구
13389,골든피스 (예약용),서울시,이태원,서울특별시,용산구
13390,크리에이트립 벨리곰 교통카드 X LG U+ E-SIM(10% 추가할인),인천시,(없음),인천광역시,중구
13391,워터밤 속초 2023+왕복셔틀+서핑,속초시,(없음),강원특별자치도,속초시
13392,SKT WIFI,인천시,(없음),인천광역시,중구
13393,감성교복 대구이월드점,대구시,(없음),대구광역시,달서구
13394,박승철헤어스튜디오 홍대점,서울시,홍대,서울특별시,마포구
13395,힐링텐트 뚝섬점,서울시,건대,서울특별시,광진구
13396,힐링텐트 반포점,서울시,고속버스터미널,서울특별시,서초구
13397,체리오오체리 잠실점 (레터링케이크 픽업예약 대행서비스),서울시,잠실,서울특별시,송파구
13398,아리한복 촬영상품,서울시,경복궁,서울특별시,종로구
13400,대구 꽃피다사진관,대구시,반월당,대구광역시,중구
13401,해피베어데이 합정 본점 (레터링케이크 픽업예약 대행서비스),서울시,합정,서울특별시,마포구
13403,[부산] 오디티모드 셀프 사진 촬영 | 부산서면점,부산시,서면,부산광역시,부산진구
13404,[전주] 오디티모드 셀프 사진 촬영 | 전주점,전주시,(없음),전라북도,전주시 완산구
13405,제주도렌터카 보험선택가능 만21세 이상 이용가능 (탐라렌트카),제주시,제주시,제주특별자치도,제주시
13406,[대구] 오디티모드 셀프 사진 촬영 | 롯데백화점 대구점,대구시,(없음),대구광역시,북구
13407,[대전] 오디티모드 셀프 사진 촬영 | 대전점,대전시,(없음),대전광역시,서구
13408,[수원] 오디티모드 셀프 사진 촬영 | 수원 행궁점,수원시,(없음),경기도,수원시 팔달구
13409,비코즈프렌즈 홍대점,서울시,홍대,서울특별시,마포구
13411,K-밸런스 3-in-1 시그니처 | 체형 밸런스 · 다이어트 · 뷰티 | 리앤한의원 명동점,서울시,명동,서울특별시,중구
13412,머니박스 대구지점,대구시,반월당,대구광역시,중구
13414,제이드가든+남이섬+쁘띠프랑스 일일여행 (서울출발),가평군,(없음),강원특별자치도,춘천시
13417,[비활성] 인더숲 BTS편 '평창' 촬영지 투어 B,평창군,(없음),서울특별시,강남구
13418,비코즈프렌즈 서면점,부산시,전포,부산광역시,부산진구
13419,비코즈프렌즈 광안점,부산시,광안리,부산광역시,수영구
13420,전주한옥마을 일일투어 (서울출발),전주시,(없음),전라북도,전주시 완산구
13421,파펌나인 향수공방,서울시,홍대,서울특별시,마포구
13422,기승전우 예약 대행 서비스 (대행 서비스 중단),서울시,(없음),서울특별시,종로구
13423,해와달한복 촬영상품/메이크업,서울시,경복궁,서울특별시,종로구
13424,대한한복 촬영상품,서울시,경복궁,서울특별시,종로구
13425,도깨비불고기 동대문본점 예약 대행 서비스 (대행 서비스 중단),서울시,(없음),서울특별시,중구
13426,(사용X)롯데백화점(23년8월 광고비용),서울시,(없음),서울특별시,중구
13427,야니얀 | 자이언트얀 가방 만들기,서울시,압구정,서울특별시,강남구
13428,(사본) 2023 인천 INK콘서트 일일투어 (일반석),인천시,(없음),인천광역시,미추홀구
13429,파티룸샬롯,서울시,홍대,서울특별시,마포구
13430,2023 인천 INK콘서트 1박2일투어 (VIP석),인천시,(없음),인천광역시,미추홀구
13431,카페산 패러글라이딩,단양군,(없음),충청북도,단양군
13432,치킨매니아 배달,한국,(없음),서울특별시,강남구
13433,기념품 공항 픽업 서비스,인천시,인천공항,인천광역시,중구
13434,서울 OMT 강남 네온사인 인테리어 소품 만들기,서울시,강남구,서울특별시,서초구
13435,쥬티인서울 오션레저스포츠,서울시,건대,서울특별시,광진구
13437,인천 공항 짐 보관 서비스 ,인천시,인천공항,인천광역시,중구
13438,부산 여울한복,부산시,(없음),부산광역시,영도구
13439,부산의 바다 위를 즐길 수 있는 위드요트 요트 체험,부산시,해운대구,부산광역시,수영구
13441,퍼스널컬러 이미지호 가로수길점,서울시,신사동,서울특별시,강남구
13442,모이헤어메이크업,서울시,홍대,서울특별시,마포구
13443,부산 K-POP 댄스클레스&K-POP명소 일일투어(점심포함),부산시,(없음),부산광역시,수영구
13444,퀵바디힐링센터,서울시,동대문구,서울특별시,중구
13445,손의향기,서울시,동대문구,서울특별시,중구
13446,레트로망원,서울시,망원동,서울특별시,마포구
13447,(종료)대구치맥축제 일일투어,대구시,(없음),대구광역시,달서구
13448,퍼스널컬러 | 지니비컬러,서울시,홍대,서울특별시,마포구
13449,롯데백화점 명동 본점,서울시,명동,서울특별시,중구
13450,ARMY 팬 일일투어 💜 (서울출발),한국,주문진,강원특별자치도,강릉시
13451,아이돌/배우 응원 및 축하 지하철 광고 대행 서비스,서울시,(없음),서울특별시,강남구
13452,"제주도 2박3일 한류 패키지투어 (요트,항공포함)",제주시,(없음),제주특별자치도,제주시
13453,"한국인처럼 즐기는 서울, 제천 4박5일 패키지 투어",제천시,(없음),충청북도,제천시
13454,"제주도 6박7일 한류 패키지투어 (요트,항공포함)",제주시,(없음),제주특별자치도,제주시
13455,블루라인파크 스카이캡슐+오륙도+흰여울+감천 일일투어 (부산출발),부산시,(없음),부산광역시,해운대구
13456,서울 부터 제주까지 K-컬처 6박 7일 투어,서울시,(없음),서울특별시,종로구
13457,"제주 우스커피(ours), 레터링케이크 픽업예약",제주시,(없음),제주특별자치도,제주시
13459,롯데월드 일일 자유이용권 + 강남교복,서울시,잠실,서울특별시,송파구
13461,VIP PRIVATE TOUR with Mercedes S class,한국,(없음),강원특별자치도,원주시
13462,(확인필요) 스위스 테마파크+남이섬+레일바이크 일일투어 (서울출발),춘천시,(없음),경기도,가평군
13464,크리에이트립 쇼핑 패스 - 홍대 2024 Edition(홍대 쇼핑패스),서울시,홍대,서울특별시,마포구
13465,서면 사진관 | 사랑옵다사진관,부산시,서면,부산광역시,부산진구
13466,📍준오헤어 명동스트리트점 | 인기있는 외국 친화적 헤어살롱,서울시,명동,서울특별시,중구
13467,경상북도 포항 환호공원 드라마 촬영지 당일투어 [부산/대구 출발] ,포항시,(없음),경상북도,포항시 북구
13468,포천 술박물관+허브아일랜드+포천아트벨리 당일투어 (서울출발),포천시,(없음),경기도,포천시
13469,(신사업) KTX  패키지 (15% 할인) / 서울 ⇄ 부산/강릉/전주/경주/동대구,서울시,(없음),서울특별시,중구
13470,[증정 이벤트🎁] 명동 아니스브로우 | 수상 경력 보유 맞춤 아트메이크업,서울시,명동,서울특별시,중구
13471,파주투어A 일일여행 (서울출발),파주시,(없음),인천광역시,강화군
13472,파주투어B 일일여행 (서울출발),파주시,(없음),경기도,파주시
13473,원조마산콧털네아구찜,서울시,신사동,서울특별시,서초구
13474,샐러디 배달,한국,(없음),서울특별시,강남구
13475,지코바 배달,한국,(없음),서울특별시,강남구
13476,스튜디오 줌인,서울시,회기역,서울특별시,동대문구
13477,세종 간장게장,서울시,명동,서울특별시,중구
13478,SD STORE,서울시,명동,서울특별시,중구
13480,남산타워 케이블카 평일 왕복권,서울시,남산,서울특별시,중구
13481,퍼스널컬러 어나더29,서울시,경복궁,서울특별시,종로구
13482,코리아스파,서울시,명동,서울특별시,중구
13484,황금사우나,서울시,명동,서울특별시,중구
13488,부산 요트메이트 프라이빗 요트 대여,부산시,(없음),부산광역시,해운대구
13489,퍼스널컬러 마이컬러랩,서울시,을지로,서울특별시,중구
13490,DMZ 투어 + 탈북자 인터뷰 (by Cosmojin Tour),파주시,(없음),경기도,파주시
13493,명동 네일아트 | 프로뷰티,서울시,명동,서울특별시,중구
13494,서울 아이돌 노래로 배우는 KPOP 댄스 클래스 + 비디오 촬영 상품,서울시,신촌,서울특별시,서대문구
13495,경주 실내동물원｜주렁주렁 경주보문점,경주시,(없음),경상북도,경주시
13496,남산타워 + 명동 난타,서울시,(없음),서울특별시,중구
13498,강원도 화천 일일투어,화천군,(없음),강원특별자치도,화천군
13499,홍대마트24시,서울시,홍대,서울특별시,서대문구
13500,영동 K-POP 콘서트,서울시,(없음),서울특별시,마포구
13501,화담숲 + 더스테이힐링파크 + 구하우스 미술관,가평군,(없음),경기도,광주시
13502,(1/24 비공개처리) [9/16~11/21 20% 할인] 가을 인스타그램 핫스팟 일일투어 (서울출발),제천시,(없음),경기도,안성시
13503,부산출발 랜덤 가을단풍여행,부산시,(없음),부산광역시,금정구
13504,경주 단풍 스팟 일일투어 (부산출발),경주시,(없음),경상북도,경주시
13505,강화도 가을 일일투어,인천시,(없음),인천광역시,강화군
13506,친구모바일 선불 유심(공항수령),인천시,인천공항,서울특별시,광진구
13507,수원 가을 일일투어,수원시,(없음),경기도,수원시 팔달구
13508,공항철도(AREX) + LG E-sim(10% 추가할인),서울시,(없음),서울특별시,강남구
13510,속리산 단풍 일일투어 (12965 스팟으로 병합),보은군,(없음),충청북도,보은군
13511,경기도 양주 나리공원 가을꽃 일일투어 (11490으로 통합),양주시,(없음),경기도,양주시
13512,홍대24시불가마사우나,서울시,홍대,서울특별시,서대문구
13513,모도우 삼성점,서울시,삼성동,서울특별시,강남구
13514,서울 내장산 단풍 일일투어 (서울출발),정읍시,(없음),전라북도,정읍시
13516,홍대 카페 온플리크,서울시,홍대,서울특별시,마포구
13518,롯데월드 올나잇파티,서울시,잠실,서울특별시,송파구
13519,도쿄등심 잠실점,서울시,잠실,서울특별시,송파구
13520,액션PKG + 남산타워,서울시,(없음),서울특별시,종로구
13521,크리에이트립 벨리곰 교통카드 X LG U+ E-SIM,인천시,(없음),인천광역시,중구
13522,(제휴종료)한암동 을지트윈타워점,서울시,을지로,서울특별시,중구
13523,액션PKG + 인사동 장수하늘소,서울시,(없음),서울특별시,종로구
13525,암소서울,서울시,광화문,서울특별시,종로구
13526,대둔산 단풍 일일투어 (서울출발),완주군,(없음),전라북도,완주군
13528,동화고옥 잠실점,서울시,잠실,서울특별시,송파구
13529,롯데월드 일일 자유이용권 + 감성교복 잠실본점,서울시,잠실,서울특별시,송파구
13532,부산 내장산 단풍 일일투어 (부산출발),정읍시,(없음),전라북도,정읍시
13534,직통열차 AREX + 남산타워 + 롯데월드,서울시,(없음),인천광역시,중구
13535,인플루언서와 함께하는 강릉 원데이 투어,서울시,(없음),서울특별시,중구
13536,부산출발 지리산 가을단풍여행 (스팟 11511과 통합예정),하동군,(없음),전라북도,정읍시
13537,불떡클럽,서울시,홍대,서울특별시,마포구
13538,부산출발 팔공산 가을단풍여행,칠곡군,(없음),대구광역시,동구
13539,아스카,서울시,명동,서울특별시,중구
13541,인코리아한복+북촌사진관 한옥마을점 | 실외촬영,서울시,경복궁,서울특별시,종로구
13542,액션PKG + 어라연 전각체험관,서울시,인사동,서울특별시,종로구
13543,오늘하루한복+북촌사진관 한옥마을점 | 실외촬영,서울시,경복궁,서울특별시,종로구
13544,담쁨퍼스널컬러 홍대점+시현하다 홍대입구점,서울시,(없음),서울특별시,마포구
13545,모이헤어메이크업+시현하다 홍대입구점,서울시,홍대,서울특별시,마포구
13546,BOF 1박2일 투어,부산시,(없음),부산광역시,연제구
13547,전주 한옥마을&장태산/대둔산 시즌투어 (서울출발),전주시,(없음),전라북도,전주시 완산구
13548,한국여행 첫날패키지,서울시,(없음),인천광역시,중구
13549,강원 산림엑스포 연계 설악산 단풍투어,인제군,(없음),강원특별자치도,인제군
13550,도쿄등심 압구정,서울시,압구정,서울특별시,강남구
13551,수원화성+화성행궁+관광열차+열기구+수원3대갈비 고급점심코스+대형찜질방투어 (서울출발),수원시,(없음),경기도,수원시 팔달구
13553,워터파크투어+현지인기카페(서울출발),하남시,(없음),경기도,하남시
13554,한국대형찜질방투어+현지인기카페(서울출발),하남시,(없음),경기도,하남시
13555,남이섬+닭갈비+찜질방(대형스파)투어 (서울출발),한국,(없음),강원특별자치도,춘천시
13556,내장산 단풍투어 (서울출발),정읍시,(없음),전라북도,정읍시
13557,순시키 아큼두 헤어상품 픽업,서울시,홍대,서울특별시,마포구
13558,퍼스널컬러 한국패션심리연구원 청담본원,서울시,압구정,서울특별시,강남구
13559,비비드강 퍼스널컬러,서울시,홍대,서울특별시,마포구
13560,교촌치킨 배달 + 힐링텐트 뚝섬점,한국,건대,서울특별시,광진구
13561,리얼월드 성수,서울시,성수동,서울특별시,성동구
13564,설악산&용문사 단풍투어 (서울출발),한국,(없음),강원특별자치도,인제군
13565,와인바 빈집,서울시,을지로,서울특별시,중구
13566,서울 시즌 핫스팟 일일투어 (서울출발) | 감악산 & 은평한옥마을 & 하늘공원,한국,(없음),경기도,파주시
13568,모어온헤어 신논현점,서울시,강남구,서울특별시,서초구
13569,모어온헤어 강남점,서울시,강남구,서울특별시,서초구
13570,퍼스널컬러 컬러가산다 홍대동교센터,서울시,홍대,서울특별시,마포구
13571,컬러가산다 홍대연남센터,서울시,홍대,서울특별시,마포구
13572,컬러가산다 건대센터,서울시,건대,서울특별시,광진구
13573,메디큐브의원 강남점,서울시,강남구,서울특별시,서초구
13575,퍼스널컬러 CCL컬러이미지융합연구소,서울시,성수동,서울특별시,성동구
13577,내장산 단풍투어 (부산출발),정읍시,(없음),전라북도,정읍시
13578,에메랄드 바닷속을 탐험하는 제주 펭귄반잠수함 수중체험,제주시,(없음),제주특별자치도,제주시
13579,알파카월드+레고랜드 일일투어 (서울출발) (Sold out),춘천시,(없음),강원특별자치도,홍천군
13580,강원도 일일여행 (알파카월드+출렁다리+뮤지엄산/루지) (서울출발),홍천군,(없음),강원특별자치도,원주시
13581,COCORY Color 연희본점 | 퍼스널컬러 분석& 체형& 메이크업& 패션 분석,서울시,홍대,서울특별시,서대문구
13582,라피아스튜디오,서울시,신촌,서울특별시,서대문구
13583,홍대신지윤피부관리,서울시,홍대,서울특별시,마포구
13584,청년화로1987,서울시,연남동,서울특별시,마포구
13585,한옥집한복,서울시,안국,서울특별시,종로구
13586,청년닭발1987,서울시,연남동,서울특별시,마포구
13587,연남족발1987,서울시,연남동,서울특별시,마포구
13588,레디유 (lediU),서울시,홍대,서울특별시,마포구
13589,별궁터한복 경복궁점,서울시,경복궁,서울특별시,종로구
13590,별궁터한복 안국점,서울시,안국,서울특별시,종로구
13591,나나투어,서울시,(없음),전라북도,정읍시
13592,원데이한복,서울시,경복궁,서울특별시,종로구
13594,하와이조개 홍대점,서울시,홍대,서울특별시,마포구
13596,(신사업) 공항패키지 (공항에서 한번에 수령 가능!)  ,인천시,(없음),인천광역시,중구
13597,이미지호 홍대점,서울시,홍대,서울특별시,마포구
13598,토속촌 삼계탕 예약 대행 서비스,서울시,경복궁,서울특별시,종로구
13599,보름쇠,서울시,삼성동,서울특별시,강남구
13600,연남주막1987,서울시,연남동,서울특별시,마포구
13601,한남동 사진 | 리튼바이셔터,서울시,이태원,서울특별시,용산구
13602,2023 멜론뮤직어워드(MMA),인천시,(없음),인천광역시,중구
13603,금준당 한복대여,서울시,경복궁,서울특별시,종로구
13604,금준당 한복촬영 - 야외스냅,서울시,경복궁,서울특별시,종로구
13605,뷰맵 연남점,서울시,홍대,서울특별시,마포구
13606,뷰맵 성수점,서울시,성수동,서울특별시,성동구
13611,영주 꽃차와 함께하는 힐링 영주 세계문화유산 당일여행,영주시,(없음),경상북도,영주시
13612,영주 무섬 선비촌 문화 체험 당일투어,영주시,(없음),경상북도,영주시
13613,영주 꽃차와 온천 체험 힐링투어,영주시,(없음),경상북도,영주시
13614,소노 비발디파크 스노위랜드 일일 투어,홍천군,(없음),강원특별자치도,홍천군
13615,대명 비발디 1박 2일 스키투어,홍천군,(없음),강원특별자치도,홍천군
13616,대명 비발디 당일 스키투어,홍천군,(없음),강원특별자치도,홍천군
13617,대명 비발디 2박 3일 스키투어,홍천군,(없음),강원특별자치도,홍천군
13618,소노 비발디파크 셔틀버스,홍천군,(없음),강원특별자치도,홍천군
13619,픽부스터,서울시,이태원,서울특별시,용산구
13620,엘리시안 강촌 스키투어 서울출발 (삭제필요),춘천시,(없음),강원특별자치도,춘천시
13622,강원도태백일일투어,태백시,(없음),강원특별자치도,태백시
13623,강화도 야외활동 체험 일일투어,인천시,(없음),인천광역시,강화군
13624,쁘띠프랑스+이탈리아마을 + 남이섬 + 강촌레일파크투어,가평군,(없음),경기도,가평군
13625,강원도 영월일일투어,영월군,(없음),강원특별자치도,영월군
13626,강원도 철원 일일투어,철원군,(없음),강원특별자치도,철원군
13627,박준뷰티랩 명동 2호점,서울시,명동,서울특별시,중구
13628,BTS Army Day tour in jeju (제주출발)(Sold out),제주시,(없음),제주특별자치도,제주시
13629,2024 K-LINK FESTIVAL (K-링크 페스티벌),인천시,(없음),인천광역시,중구
13630,제주투어(동부) (제주출발),제주시,(없음),제주특별자치도,제주시
13631,제주투어(남부) (제주출발),제주시,(없음),제주특별자치도,서귀포시
13635,K-링크 페스티벌 + 액션PKG,서울시,(없음),서울특별시,송파구
13636,그리고알리스 (and Allis),서울시,합정,서울특별시,마포구
13638,금준당 전통공연,서울시,북촌,서울특별시,종로구
13639,나우쿠킹 스튜디오와 함께하는 한식체험 쿠킹 클래스,서울시,이대,서울특별시,서대문구
13642,(확인필요) 대구이월드+83타워전망대 일일투어 (부산출발),대구시,(없음),대구광역시,달서구
13643,홍대 메이크업 | 로아메이크업,서울시,홍대,서울특별시,마포구
13644,[어학당] 2024 부산대학교 어학당 기타비용,부산시,(없음),부산광역시,금정구
13645,더봄(The Bom) 퍼스널컬러,서울시,명동,서울특별시,중구
13647,(2025 비공개) 에덴벨리 스키 일일투어 (부산출발),양산시,(없음),경상남도,양산시
13648,K-Beauty 예약 대행 서비스,한국,(없음),서울특별시,강남구
13649,고스트블랙 연남,서울시,연남동,서울특별시,마포구
13650,하이원리조트 1박2일 스키투어 (서울출발),정선군,(없음),강원특별자치도,정선군
13651,하이원리조트 2박3일 스키투어 (서울출발),정선군,(없음),강원특별자치도,정선군
13652,지산리조트 당일 스키투어 (서울출발)(삭제필요),이천시,(없음),경기도,이천시
13653,엘리시안 강촌 스키투어 + 아침고요수목원 일일투어 (서울출발),춘천시,(없음),강원특별자치도,춘천시
13654,모델로스튜디오,서울시,홍대,서울특별시,마포구
13656,발라랩 청담 (출장메이크업),서울시,(없음),서울특별시,강남구
13658,지산리조트 스키 or 스파 일일투어 (서울출발),이천시,(없음),경기도,이천시
13659,크리에이트립 혼밥패스 - 서울 Edition (Creatrip Solo Foodie Pass - Seoul),서울시,(없음),서울특별시,강남구
13660,함초간장게장,서울시,명동,서울특별시,중구
13661,2023 SBS 가요대전 (삭제예정),인천시,(없음),인천광역시,중구
13663,부산 비비빔,부산시,감천동,부산광역시,사하구
13664,"세상의모든아침 여의도점 (평일, 외국인 독점예약)",서울시,여의도,서울특별시,영등포구
13665,크리에이트립 혼밥패스 - 서울 Edition (일본),서울시,(없음),서울특별시,강남구
13666,홍대 카페 | 펠른 연남 (X),서울시,홍대,서울특별시,마포구
13667,전통주 픽업 | 꽃술,부산시,감천동,부산광역시,사하구
13668,테스트용 비공개,서울시,(없음),서울특별시,송파구
13670,롯데월드 일일 자유이용권(일본)=-비공개,서울시,잠실,서울특별시,송파구
13671,(사용X) N서울타워 전망대 입장권(남산타워) (일본),서울시,남산,서울특별시,용산구
13673,[팬 홍보]K비공개 (테스트),서울시,(없음),서울특별시,송파구
13674,[패키지22 / 대만 팬 특가용]K-링크 페스티벌(패키지상품),서울시,(없음),서울특별시,송파구
13675,[패키지22 / 팬 특가용]K-링크 페스티벌 ,서울시,잠실,서울특별시,송파구
13676,부산 송도 해상케이블카 왕복탑승권,부산시,(없음),부산광역시,서구
13677,모루인형클래스,서울시,압구정,서울특별시,강남구
13679,2023 마지막 일몰 스페셜 투어 (서울출발),서울시,(없음),경기도,화성시
13680,(신사업) (투어메이트) 방탈출카페 투어 - 영어 ,서울시,(없음),서울특별시,강남구
13681,퍼스널컬러 | 마이쇼퍼(압구정),서울시,압구정,서울특별시,강남구
13682,(신사업) (투어메이트) 제대로 즐기는 방탈출카페 투어 - 대만어,서울시,(없음),서울특별시,강남구
13683,(신사업) (투어메이트) 제대로 즐기는 방탈출카페 투어 - 일본어,서울시,(없음),서울특별시,강남구
13684,(신사업) (투어메이트) 서울 전시회&카페 투어 - 영어,서울시,(없음),서울특별시,강남구
13685,2023 마지막 일몰 스페셜 투어 (부산출발),부산시,(없음),도출불가,도출불가
13686,2026 새해 카운트다운 & 호미곶 해돋이 일일투어 (부산출발),부산시,(없음),부산광역시,사하구
13688,(신사업) (투어메이트) 광장시장 나이트 투어(음식여행) - 일본어,서울시,(없음),서울특별시,종로구
13689,(신사업) 비공개! (투어메이트_대만_이재희) 광장시장 나이트 투어(음식여행) ,서울시,(없음),서울특별시,종로구
13690,(신사업) (투어메이트) 서울 전시회&카페 투어 - 일본어,서울시,(없음),서울특별시,강남구
13691,(신사업) (투어메이트) 서울 전시회&카페 투어 - 대만어,서울시,(없음),서울특별시,강남구
13692,(신사업) (투어메이트_영어/대만어_에나타) 사주카페 투어 ,서울시,(없음),서울특별시,강남구
13694,(신사업) (투어메이트) 사주카페 투어 - 일본어,서울시,(없음),서울특별시,종로구
13695,(신사업) 비공개 (투어메이트_대만_에나타/박수아) 사주카페 투어 ,서울시,(없음),서울특별시,강남구
13696,(신사업) (투어메이트_대만_신당선녀) 특별한 경험: 한국 점술 투어 (신점 투어),서울시,(없음),서울특별시,중구
13697,[원밀리언] 1MILLION VIBE One Day K-POP Dance Program (beginner class),서울시,성수동,서울특별시,성동구
13698,(신사업) (투어메이트) 특별한 경험: 한국 점술 투어 (신점 투어) - 일본어,서울시,(없음),서울특별시,중구
13699,(신사업) (투어메이트_영어_서진경) 치맥과 함께하는 한강 노을 피크닉 ,서울시,(없음),서울특별시,영등포구
13700,(신사업) (투어메이트_영어_곽영균) 광장시장 나이트 투어(음식여행),서울시,(없음),서울특별시,중구
13701,(신사업) (투어메이트_영어_신당선녀) 특별한 경험: 한국 점술 투어 (신점 투어) ,서울시,(없음),서울특별시,중구
13702,(신사업) (투어메이트) 한국의 밤을 즐기는 종로 포차거리 투어 - 일본어,서울시,(없음),서울특별시,종로구
13705,(신사업) (투어메이트_영어_김홍수) 청와대 관람 투어 ,서울시,(없음),서울특별시,종로구
13706,(신사업) (투어메이트) 청와대 관람 투어 - 일본어,서울시,(없음),서울특별시,종로구
13707,(신사업) (투어메이트) 청와대 관람 투어 - 대만어,서울시,(없음),서울특별시,종로구
13708,(신사업) (투어메이트) 노량진 음식투어(컵밥거리 + 노량진 수산시장) - 영어,서울시,(없음),서울특별시,동작구
13709,(신사업) (투어메이트) 서울 한의원 & 한약 카페 투어 -영어,서울시,(없음),서울특별시,동대문구
13710,(신사업) (투어메이트) 노량진 음식투어(컵밥거리 + 노량진 수산시장) - 일본어,서울시,(없음),서울특별시,동작구
13711,(신사업) 비공개(공개하지마셈)!!,서울시,(없음),서울특별시,동작구
13712,(신사업) (투어메이트) 서울 한의원 & 한약 카페 투어 -일본어,서울시,(없음),서울특별시,동대문구
13713,(신사업) 비공개(공개하지마셈),서울시,(없음),서울특별시,동대문구
13714,"세상의모든아침 롯데월드몰점 (평일, 외국인 독점예약)",서울시,잠실,서울특별시,송파구
13715,(신사업) (투어메이트) 이달의 서울 펍투어!(만 19세 이상) - 영어 ,서울시,(없음),서울특별시,용산구
13716,(신사업) (투어메이트) 이달의 서울 펍투어!(만 19세 이상) - 일본어,서울시,(없음),서울특별시,용산구
13717,(신사업) (투어메이트) 이달의 서울 펍투어!(만 19세 이상) - 대만어,서울시,(없음),서울특별시,용산구
13718,(신사업) (투어메이트) 북악스카이웨이 야경 + 산책투어 - 영어,서울시,(없음),서울특별시,종로구
13719,인천 딸기체험 + 얼음낚시 + 강화도 루지 일일투어 (서울출발),인천시,(없음),인천광역시,강화군
13720,(신사업) (투어메이트) 북악스카이웨이 야경 + 산책투어 - 일본어,서울시,(없음),서울특별시,종로구
13721,(신사업) 비공개(공개하지마셈)!!!,서울시,(없음),서울특별시,종로구
13722,(신사업) (투어메이트) 나만의 김밥만들기 - 영어,서울시,(없음),서울특별시,강남구
13723,(신사업) (투어메이트) 나만의 김밥만들기 - 일본어,서울시,(없음),서울특별시,종로구
13724,(신사업) 비공개(공개하지마셈)!!!!!,서울시,(없음),서울특별시,강남구
13725,(신사업) (투어메이트) 한강산책 + 마장동 한우 바베큐 투어 - 영어,서울시,(없음),서울특별시,성동구
13726,(신사업) (투어메이트) 한강산책 + 마장동 한우 바베큐 투어 - 일본어,서울시,(없음),서울특별시,성동구
13727,(신사업) (투어메이트) 한강산책 + 마장동 한우 바베큐 투어 - 대만어,서울시,(없음),서울특별시,성동구
13728,인천 X 경기 겨울 핫스팟 일일투어 (서울출발),고양시,(없음),경기도,고양시 일산서구
13729,가평 스위스 테마파크 + 딸기체험 + 남이섬 프라이빗 투어 (서울출발),가평군,(없음),경기도,가평군
13730,딸기체험 + 비발디파크 스노위랜드 썰매 + 어비얼음계곡 일일투어 (서울출발),가평군,(없음),경기도,가평군
13731,(신사업) (투어메이트_영어_이지영) 한국친구와 덕수궁 돌담길 산책+ 카페 투어 ,서울시,(없음),서울특별시,중구
13732,(신사업) (투어메이트) 이달의 서울 카페투어! - 일본어,서울시,(없음),서울특별시,마포구
13733,(신사업) (투어메이트) 이달의 서울 카페투어! - 대만어,서울시,(없음),서울특별시,마포구
13734,(신사업) (투어메이트) 경복궁 + 북촌한옥마을 스냅사진 투어 - 전 국가 공통,서울시,(없음),서울특별시,종로구
13735,(신사업) (투어메이트_영어_박진만) 서울 아침 등산 + 막걸리 ,서울시,(없음),서울특별시,서대문구
13736,(신사업) (투어메이트) 서울 아침 등산 + 막걸리 -일본어,서울시,(없음),서울특별시,성동구
13737,(신사업) (투어메이트) 서울 아침 등산 + 막걸리 - 대만어,서울시,(없음),서울특별시,서대문구
13738,딸기체험 + 남이섬 + 어비얼음계곡 일일투어 (서울출발),가평군,(없음),경기도,남양주시
13740,(신사업) (투어메이트) 이달의 베스트 스냅투어!! - 전 국가 공통,서울시,(없음),서울특별시,종로구
13741,(신사업) (투어메이트) 수원화성 + 행궁동 소품샵 투어 - 영어,수원시,(없음),경기도,수원시 팔달구
13743,노래방과 오락실에서 배우는 K-POP 한국어,서울시,(없음),서울특별시,마포구
13744,(신사업) (투어메이트) 수원화성 + 행궁동 소품샵 투어 - 일본어,수원시,(없음),경기도,수원시 팔달구
13745,(신사업) (투어메이트) 수원화성 + 행궁동 소품샵 투어 - 대만어,수원시,(없음),경기도,수원시 팔달구
13746,(신사업) (투어메이트) 이달의 한국식 고기집 투어 - 영어,서울시,(없음),서울특별시,강남구
13747,춘천 레고랜드 + 딸기체험 일일투어 (서울출발),춘천시,(없음),강원특별자치도,춘천시
13748,(신사업) (투어메이트) 이달의 한국식 고기집 투어 - 일본어,서울시,(없음),경기도,수원시 팔달구
13749,(신사업) (투어메이트) 이달의 한국식 고기집 투어 - 대만어,서울시,(없음),서울특별시,강남구
13750,"방탈출 체험, 룸 익스케이프 (블랙점)",서울시,신촌,서울특별시,서대문구
13752,(신사업) (투어메이트_영어_홍재경) 홍대에서 소믈리에와 한국 전통주 막걸리 즐기기,서울시,(없음),서울특별시,마포구
13753,(신사업) (투어메이트) 홍대에서 소믈리에와 한국 전통주 즐기기 - 일본어,서울시,(없음),서울특별시,마포구
13754,(신사업) 비공개(공개하지마셈)!!!!!!,서울시,(없음),서울특별시,마포구
13755,가평 스위스 테마파크 + 남이섬 일일투어 + 두물머리 프라이빗 투어 (서울출발),가평군,(없음),경기도,가평군
13756,딸기체험 + 청양 알프스마을 일일투어 (서울출발),청양군,(없음),충청남도,청양군
13757,(신사업) (투어메이트) 한국어 배우기 + 코인노래방 - 영어,서울시,(없음),서울특별시,마포구
13758,(신사업) (투어메이트) 한국어 배우기 + 코인노래방 - 일본어,서울시,(없음),서울특별시,마포구
13759,(신사업) 비공개(공개하지마셈)!!!!!! !!,서울시,(없음),서울특별시,마포구
13760,춘천 레고랜드 프라이빗 투어  | 루지월드/막국수만들기체험/소양강스카이워크/딸기따기체험(서울출발),춘천시,(없음),강원특별자치도,춘천시
13761,(작성중) 공항 픽업,인천시,인천공항,인천광역시,중구
13762,숲속한방랜드,서울시,신촌,서울특별시,서대문구
13763,[비활성] 테이스티 코리아(TASTY KOREA and Special Benefit K-POP DANCE CLASS),서울시,(없음),서울특별시,용산구
13764,[비활성] 코그세 인더숲 IN THE SOOP BTS ver. and Special Benefit K-POP DANCE CLASS,평창군,(없음),강원특별자치도,평창군
13765,경기도서해 서해랑케이블카 + 제부도관광 + 레일바이크 + 광명동굴 일일투어 (서울출발),화성시,(없음),경기도,화성시
13766,엠플레이그라운드 명동점,서울시,명동,서울특별시,중구
13770,홍대 맛집 | 중화복춘 골드,서울시,홍대,서울특별시,마포구
13771,(신사업) 크리에이트립에서 미리보는 신년운세 2026,서울시,(없음),서울특별시,강남구
13772,더데이즈헤어 | 외국인 맞춤 맨즈헤어&디자인 컬러 헤어샵,서울시,홍대,서울특별시,마포구
13776,딸기체험+알파카+남이섬+아침고요수목원 일일투어 (서울출발),춘천시,(없음),경기도,남양주시
13777,"사대부집곳간 여의도점 (평일, 외국인 독점예약)",서울시,여의도,서울특별시,영등포구
13778,(신사업) 연인과 보는 한국식 궁합,서울시,(없음),서울특별시,강남구
13779,일산 원마운트 워터파크 + 찜질방 패키지 할인 티켓,일산,(없음),경기도,고양시 일산서구
13780,[Sold out] 가평 어비얼음계곡+남이섬(+ Rail Bike/Petite France/Alpaca World) 일일투어 (서울출발),가평군,(없음),경기도,가평군
13781,일산 원마운트 스노우파크 입장권 할인 티켓,일산,(없음),경기도,고양시 일산서구
13783,보름쇠 제주점,제주시,(없음),제주특별자치도,제주시
13784,홍대 술집 | 야반도주,서울시,홍대,서울특별시,마포구
13785,홍대 디저트 코스 | 펠른 하우스(Perlen HAUS),서울시,홍대,서울특별시,마포구
13787,(신사업) [중단](투어메이트) 동대문 도매시장 쇼핑 투어 - 대만어,서울시,동대문구,서울특별시,중구
13788,블룸9헤어,서울시,여의도,서울특별시,영등포구
13790,이태원 헤어&메이크업&이미지컨설팅 | 꼼나나비앙 한남점,서울시,이태원,서울특별시,용산구
13791,츄잉스튜디오,서울시,잠실,서울특별시,송파구
13793,시현하다 부산서면점,부산시,서면,부산광역시,부산진구
13794,"(신사업) 내가 좋아하는 아이돌, 배우와 보는 사주 궁합",서울시,(없음),서울특별시,강남구
13795,콜렉티보 을지로파인에비뉴점,서울시,을지로,서울특별시,중구
13797,(신사업) [중단] 동대문 도매시장 쇼핑 투어 - 영어,서울시,동대문구,서울특별시,중구
13799,✨Creatrip 단독✨ 마노모스 건대본점,서울시,건대,서울특별시,광진구
13800,✨Creatrip 단독✨ 마노모스 성수 쇼룸ROOM84,서울시,성수동,서울특별시,성동구
13801,콘피에르,서울시,서울역,서울특별시,중구
13802,철원 DMZ 투어 식사 포함 (서울출발),철원군,(없음),강원특별자치도,철원군
13803,얼음나라 강원도화천 산천어 얼음 축제 일일투어 (서울출발),화천군,(없음),강원특별자치도,화천군
13804,김포공항 마사지 | 힐링힐스spa,서울시,김포공항,서울특별시,강서구
13805,용평리조트 스키 1박2일 / 2박3일 / 3박4일 자유이용 패키지,평창군,(없음),강원특별자치도,평창군
13806,[크리에이트립 단독] 시현하다 성수 플래그십점,서울시,성수동,서울특별시,성동구
13808,순시키헤어 한옥점 | 글로벌 고객 최다 예약 헤어살롱,서울시,홍대,서울특별시,마포구
13809,시현하다 합정점,서울시,합정,서울특별시,마포구
13810,시현하다 이태원점,서울시,이태원,서울특별시,용산구
13811,공항픽업 환전예약 서비스(외화->원화 재환전),인천시,(없음),인천광역시,중구
13812,교촌필방 예약 대행 서비스,서울시,이태원,서울특별시,용산구
13815,명동패스 F&B,서울시,명동,서울특별시,중구
13816,배민B마트 배달,한국,(없음),서울특별시,강남구
13817,명동패스 쇼핑,서울시,명동,서울특별시,중구
13819,화해당 여의도점 예약 대행 서비스,서울시,여의도,서울특별시,영등포구
13821,옐로우피자 배달 (작성중),한국,(없음),서울특별시,강남구
13822,수원화성 벚꽃 일일투어 (서울출발),수원시,(없음),경기도,수원시 팔달구
13823,[어학당] 한국어 튜터링 서비스 - Teacher Anne,서울시,(없음),도출불가,도출불가
13824,순시키헤어 홍대 본점 + 아큼두 헤어상품 픽업,서울시,홍대,서울특별시,마포구
13826,[어학당] 한국어 튜터링 서비스 - 튜터 정지혜,서울시,(없음),서울특별시,강남구
13828,[어학당] 한국어 튜터링 서비스(시범수업) - 튜터 정지혜,서울시,(없음),서울특별시,용산구
13829,서울 겹벚꽃 일일투어 (서울출발),서울시,동작구,경기도,하남시
13830,블루라인파크 스카이캡슐 + 벚꽃&봄꽃 랜덤 일일투어 (부산출발),부산시,(없음),부산광역시,해운대구
13831,(신사업) 온라인 작명 서비스,한국,(없음),서울특별시,강남구
13832,가평 에덴벚꽃길+남이섬+레일바이크 (서울출발),가평군,(없음),경기도,가평군
13833,대구 이월드 벚꽃 일일투어 (부산출발),대구시,(없음),대구광역시,달서구
13834,강릉 경포대 벚꽃축제 드라마촬영지 일일투어 (서울출발),강릉시,(없음),강원특별자치도,강릉시
13835,[어학당] 한국어 튜터링 서비스(시범수업) - Teacher Anne,서울시,(없음),도출불가,도출불가
13837,[어학당] 한국어 튜터링 서비스(시범수업) - 손예림,서울시,(없음),도출불가,도출불가
13838,인천x경기 봄 벚꽃 핫스팟 일일투어(서울출발) 2025,인천시,(없음),인천광역시,연수구
13839,(13838에 합침) 인천 벚꽃+딸기따기+강화도 루지 일일투어 (서울출발),인천시,(없음),인천광역시,강화군
13840,[공항픽업] 전주PNB초코파이 인천공항픽업 ,인천시,인천공항,인천광역시,중구
13841,[어학당] 한국어 튜터링 서비스 - 튜터 박성규,서울시,(없음),도출불가,도출불가
13843,시현하다 송리단길점,서울시,잠실,서울특별시,송파구
13844,비씨카드 한달살기 - K-culture Package,한국,(없음),서울특별시,강남구
13845,비씨카드 한달살기 - K-wellness Package,한국,(없음),서울특별시,강남구
13846,[어학당]  연세대학교 어학당 송금 대행 ,서울시,(없음),서울특별시,서대문구
13847,Blackpink ‘Blink’ Fan Tour (서울출발),서울시,(없음),서울특별시,마포구
13848,[미니칸] 레이캠핑카 24시간렌트 차박패키지(캠핑용품 풀세트무료),김포시,(없음),경기도,김포시
13849,모클락 건대점,서울시,건대,서울특별시,광진구
13850,인천 시즌 핫스팟 일일투어 (서울출발) | 루지 & 레일바이크 & 갈매기 먹이주기 페리 체험,인천시,(없음),인천광역시,강화군
13851,남이섬+해피초원목장 일일투어 (서울출발),춘천시,(없음),강원특별자치도,춘천시
13852,"서울 프리미엄 차량 하루 운전 서비스 (배우 운전, 차량 포함)",서울시,(없음),서울특별시,강남구
13853,남산등심,서울시,명동,서울특별시,중구
13855,청계천,서울시,(없음),서울특별시,종로구
13856,명동 반영구 | 세가지소원의원 명동점,서울시,명동,서울특별시,중구
13857,[어학당] 서강대학교 어학당 송금 대행,서울시,(없음),서울특별시,마포구
13858,성수신데렐라ㅣSeongsu Speakeasy bar,서울시,성수동,서울특별시,성동구
13859,[어학당] 서울시립대학교 송금 대행 ,서울시,(없음),서울특별시,동대문구
13861,[어학당] 이화여자대학교 어학당 송금 대행 ,서울시,(없음),서울특별시,서대문구
13863,[어학당] 경희대학교 어학당 송금 대행,서울시,(없음),서울특별시,동대문구
13865,경주 벚꽃축제 일일투어 (서울/부산환승),경주시,(없음),경상북도,경주시
13868,본국통화 공항픽업 환전예약 서비스 (비활성) ,인천시,(없음),인천광역시,중구
13869,[어학당] 건국대학교 어학당 송금 대행,서울시,(없음),서울특별시,광진구
13870,[어학당] 한국외국어대학교 송금 대행,서울시,(없음),서울특별시,동대문구
13872,[24/11/29 판매 종료] 롯데월드+알파카월드/남이섬 프라이빗 투어 (서울출발),서울시,잠실,서울특별시,송파구
13873,[어학당] 2024 중앙대학교 어학당 기타비용,서울시,이대,서울특별시,동작구
13874,건딸기 공항 픽업,인천시,(없음),인천광역시,중구
13875,PNB 풍년제과 공항 픽업 ,인천시,(없음),인천광역시,중구
13876,세리박스 공항 픽업 ,인천시,(없음),인천광역시,중구
13877,부산 해변열차+해동용궁사+송정해수욕장+송도스카이워크+감천문화마을 일일투어 (부산출발),부산시,(없음),부산광역시,기장군
13878,(신사업) (온라인) 사주로 내 인생 한번에 풀어보기 ,서울시,(없음),서울특별시,중구
13879,알파카월드+남이섬+삼악산 일일투어 (서울출발),춘천시,(없음),강원특별자치도,춘천시
13880,프롬어스헤어 석촌호수점,서울시,잠실,서울특별시,송파구
13881,[어학당] 한국어 튜터링 서비스(시범수업) - 튜터 김은정,서울시,(없음),도출불가,도출불가
13882,[어학당] 한국어 튜터링 서비스 - 김은정 (EunJeong Kim),서울시,(없음),도출불가,도출불가
13883,"성수역 분위기 좋은 캐주얼 와인바, 심퍼티쿠시 성수점",서울시,성수동,서울특별시,성동구
13884,"서울역 분위기 좋은 캐주얼 와인 다이닝 맛집, 심퍼티쿠시 서울역점",서울시,서울역,서울특별시,중구
13885,오콜로르 여의도점,서울시,여의도,서울특별시,영등포구
13886,"(폐업)신사동 분위기 좋은 캐주얼 와인바, 심퍼티쿠시 신사점",서울시,신사동,서울특별시,강남구
13888,오콜로르 신사점,서울시,신사동,서울특별시,강남구
13890,하우스왁싱 잠실점,서울시,잠실,서울특별시,강남구
13891,하우스왁싱 왕십리점,서울시,왕십리,서울특별시,성동구
13893,하우스왁싱 홍대점,서울시,홍대,서울특별시,마포구
13894,듀벨헤어 성신여대점,서울시,성신여대,서울특별시,성북구
13895,피부과 금액권 테스트,서울시,(없음),서울특별시,강남구
13897,비씨카드 - K-workation,부산시,(없음),서울특별시,강남구
13899,세니아클리닉,서울시,강남구,도출불가,도출불가
13900,[인천공항] 슬림미 한의원 다이어트한약 픽업,인천시,(없음),인천광역시,중구
13902,돈주는남자,서울시,홍대,서울특별시,마포구
13903,KTX 서울⇄마산 [진해 군항제],창원시,(없음),경상남도,창원시 마산회원구
13905,(신사업) (투어메이트_영어_유예지) 한국인에게 배우는 한국 술문화+술게임 체험- 영어 ,서울시,(없음),서울특별시,중구
13908,더포레스파 서울숲점,서울시,성수동,서울특별시,성동구
13909,홍대 타투ㅣ더서울타투,서울시,합정,서울특별시,마포구
13910,화담숲 + 남이섬 + 레일바이크 일일투어 (서울출발),광주(경기),(없음),경기도,광주시
13911,화담숲 + 주렁주렁 + 스타필드 쇼핑 일일투어 (서울출발),광주(경기),(없음),경기도,광주시
13912,고센뷰티 청담 도산본점,서울시,압구정,서울특별시,강남구
13916,[크리에이트립 단독] 시현하다 북촌하우스,서울시,북촌,서울특별시,종로구
13917,K-Beauty 일일투어 (라미체 스킨케어+서울스카이 전망대+123라운지)(서울출발),서울시,잠실,서울특별시,송파구
13918,[크리에이트립 단독] 시현하다 홍대 스페이스,서울시,홍대,서울특별시,마포구
13919,강릉 봄 한정 한옥체험 1박2일 투어 (서울출발),강릉시,(없음),강원특별자치도,강릉시
13920,한복남 경복궁점(서촌) - 프리미엄한복대여,서울시,서촌,서울특별시,종로구
13921,가피헤어,서울시,명동,서울특별시,중구
13922,한복남 창덕궁점,서울시,창덕궁,서울특별시,종로구
13923,한복남 전주한옥마을점 - 프리미엄한복대여,전주시,(없음),전라북도,전주시 완산구
13924,(신사업) 본국통화 환전 공항픽업 예약 서비스,인천시,(없음),인천광역시,중구
13929,프로젝트리댄스학원,서울시,홍대,서울특별시,마포구
13930,2026 경복궁 생과방 (외국인 티켓 독점판매),서울시,경복궁,서울특별시,종로구
13931,"퍼스널컬러, 메이크업 | 마이쇼퍼 홍대점",서울시,홍대,서울특별시,마포구
13932,에이뮤,서울시,명동,서울특별시,중구
13934,(신사업) (투어메이트_대만_장교윤) 홍대에서 나만의 향수 만들기 + 애견카페 ,서울시,홍대,서울특별시,마포구
13935,(제휴X)인천공항 갤럭시S23 울트라 대여 서비스,인천시,(없음),서울특별시,강남구
13938,(신사업) (투어메이트_대만_손야심) 성수 팝업스토어 투어  ,서울시,성수동,서울특별시,성동구
13940,온야드 성수1호점 | 퍼스널 컨설팅 헤어살롱,서울시,성수동,서울특별시,성동구
13941,서울 필수 방문지 하이라이트 일일투어 (서울출발),서울시,(없음),서울특별시,종로구
13942,부산 포토스팟 가성비 일일투어 (부산출발),부산시,(없음),부산광역시,기장군
13943,페인터즈 시즌2 : NH아트홀,서울시,서대문구,서울특별시,중구
13944,(신사업) (투어메이트_대만_오틸라) 망원시장 맛집투어 ,서울시,망원동,서울특별시,마포구
13945,(신사업) (투어메이트_대만_왕유한) 망원동 동네투어,서울시,망원동,서울특별시,마포구
13946,(신사업) (투어메이트_대만_제니스) 한국 컨텐츠 촬영지 투어 ,서울시,성수동,서울특별시,성동구
13947,온야드 성수2호점,서울시,성수동,서울특별시,성동구
13950,웰킨두피탈모센터 종로점,서울시,경복궁,서울특별시,종로구
13952,(신사업) (투어메이트_대만_유채은) 홍대 펍투어 (1),서울시,홍대,서울특별시,마포구
13953,부산 요트 + 블루라인파크 스카이캡슐 일일투어 (부산출발),부산시,(없음),부산광역시,해운대구
13954,(신사업) (투어메이트_대만_장문여) 한국민속촌 투어 ,용인시,(없음),경기도,용인시 기흥구
13955,(신사업) (투어메이트_대만_크리스틴) 동대문 도매시장 쇼핑투어,서울시,동대문구,서울특별시,중구
13956,서울 렌트카 (포시즌렌트카),서울시,(없음),서울특별시,서대문구
13957,그린 탈모두피센터 명동점,서울시,명동,서울특별시,중구
13958,(신사업) (투어메이트_대만_이소인) 홍대 펍투어 (2),서울시,홍대,서울특별시,마포구
13961,(신사업) (투어메이트_대만_임치위) 동대문 또는 동묘시장 쇼핑 + 익선동 카페 투어,서울시,동대문구,서울특별시,종로구
13962,(신사업) (투어메이트_대만_이핀치) 경복궁에서 한국드라마 명장면 따라하기 ,서울시,경복궁,서울특별시,종로구
13963,(신사업) (투어메이트_대만_진영동) 동묘시장 쇼핑 + 카페 투어 ,서울시,동묘,서울특별시,종로구
13964,(신사업) (투어메이트_대만_주서정) 뮤직뱅크 출근길 관람 투어 ,서울시,여의도,서울특별시,영등포구
13965,강남 아이디의원 | 모든 피부 진료가 가능한 대형 피부과,서울시,강남구,서울특별시,서초구
13967,(신사업) (투어메이트_대만_방가희) 회기동(경희대) 파전+막걸리 투어 ,서울시,회기역,서울특별시,동대문구
13968,(신사업) (투어메이트_대만_완영) 세종대 캠퍼스 투어 + 노래방 함께 가기 ,서울시,건대,서울특별시,광진구
13969,글램 라운지 이태원,서울시,이태원,서울특별시,용산구
13971,2025 SBS MEGA 콘서트(메가커피 콘서트),인천시,(없음),인천광역시,서구
13973,(신사업) (투어메이트_영어_이슬빈) 서울에서 나만의 향수 만들기,서울시,(없음),서울특별시,은평구
13974,장프리고 동대문,서울시,동대문구,서울특별시,중구
13975,부산 가야테마파크+낙동강 레일바이크+감천문화마을 일일투어 (부산출발),부산시,(없음),부산광역시,사하구
13977,[트립플러스] 2024 가을 궁중문화축전 궁패스(티머니카드) - 서울 5대궁 5일 무제한 입장권 (10/9~10/13),서울시,(없음),서울특별시,종로구
13978,[비활성] 제주 동부 핫플레이스 일일투어 (제주출발),제주시,(없음),제주특별자치도,제주시
13979,[비활성] 제주 서부 핫플레이스 일일투어 (제주출발),제주시,(없음),제주특별자치도,서귀포시
13980,[비활성] 제주 우도 핫플레이스 일일투어 (제주출발),제주시,(없음),제주특별자치도,제주시
13982,컬러룸(color lume),서울시,시청,서울특별시,중구
13983,택시 픽업 서비스 (김포현대프리미엄아울렛),김포시,(없음),경기도,김포시
13985,[경기] 고양/하남/안성 아쿠아필드 찜질스파 & 루프탑풀 할인 이용권 ,고양시,(없음),경기도,고양시 덕양구
13986,닥터에버스 홍대,서울시,홍대,서울특별시,마포구
13987,(신사업) (투어메이트_영어_윤현구) 홍대 포차/펍 투어 ,서울시,(없음),서울특별시,마포구
13988,하남 아쿠아필드 찜질스파 & 루프탑풀 할인 이용권 ,하남시,(없음),경기도,하남시
13989,프로스트,서울시,이태원,서울특별시,용산구
13990,한복클로젯 | 경복궁 근처 전통 한복 대여 및 사진 촬영,서울시,경복궁,서울특별시,종로구
13991,잠실 한강 이랜드크루즈 [주말 이용권],서울시,잠실,서울특별시,송파구
13992,[신세계백화점 명동본점] 외국인 전용 서울 쿠킹클래스 - Korean Traditional Dessert,서울시,명동,서울특별시,중구
13993,단 아트 신촌,서울시,이대,서울특별시,서대문구
13994,[신세계백화점 명동본점] 서울 쿠킹클래스 - Korean Traditional Dish,서울시,명동,서울특별시,중구
13995,세라캐슬,서울시,신촌,서울특별시,서대문구
13996,에버랜드 자유이용권+왕복 셔틀버스,용인시,(없음),경기도,용인시 처인구
13998,캐리비안베이 자유이용권+왕복 셔틀버스,용인시,(없음),경기도,용인시 처인구
13999,(신사업) (투어메이트_영어_마리) 홍대/연남 카페투어 ,서울시,(없음),서울특별시,마포구
14000,(신사업) (투어메이트_영어_마리) 망원동 산책/한강 피크닉 투어 ,서울시,(없음),서울특별시,마포구
14002,걸그룹과 함께하는 K-POP 숏폼 체험+K-Culture 일일투어 (서울출발),서울시,(없음),서울특별시,중구
14003,(신사업) (투어메이트_영어_곽영균) 한국전통 단호박 떡케이크 만들기 ,서울시,(없음),서울특별시,송파구
14004,(신사업) (투어메이트_영어_최규민) 북촌 한옥마을/인사동에서 한국 문화/역사 탐방투어 ,서울시,(없음),서울특별시,종로구
14005,(신사업) (투어메이트_영어_재미난조각가) 사주카페 투어 - 홍대 ,서울시,홍대,서울특별시,마포구
14006,제주 건강검진 2박 3일 패키지 투어,제주시,(없음),제주특별자치도,서귀포시
14007,2024 K-WAVE CONCERT (코카콜라 콘서트),인천시,(없음),인천광역시,중구
14141,쁨클리닉 글로벌 제주점,제주시,(없음),제주특별자치도,제주시
14142,2024 인천 맥강 파티 (서울출발),인천시,(없음),인천광역시,중구
14143,[히든페이지/할인적용] K-POP 댄스 레슨 in 홍대(라이즈호텔),서울시,홍대,서울특별시,마포구
14144,(신사업) (투어메이트_영어_이다예) 한식전문셰프에게 배우는 한식쿠킹클래스,서울시,(없음),서울특별시,종로구
14145,[비활성화] 인더숲 BTS편 ‘평창’ 촬영지 스테이투어 (서울출발),평창군,(없음),강원특별자치도,강릉시
14146,클레어 신촌,서울시,신촌,서울특별시,서대문구
14147,블링블링뷰티 명동,서울시,명동,서울특별시,중구
14148,택시 픽업 서비스 (파주롯데프리미엄아울렛),파주시,(없음),경기도,파주시
14149,택시 픽업 서비스 (시흥신세계프리미엄아울렛),시흥시,(없음),경기도,시흥시
14150,택시 픽업 서비스 (송도현대프리미엄아울렛),인천시,송도,인천광역시,연수구
14151,택시 픽업 서비스 (여주프리미엄아울렛),여주시,(없음),경기도,여주시
14152,택시 픽업 서비스 (이천롯데프리미엄아울렛),이천시,(없음),경기도,이천시
14153,웯우드스튜디오 혜화점,서울시,대학로(혜화),서울특별시,종로구
14154,(신사업) (투어메이트_영어_박소진) MMCA 도슨트와 함께하는 미술관 투어 ,서울시,광화문,서울특별시,종로구
14156,[신세계백화점 명동본점] K-pop Dance Class in Myeongdong (외국인 전용),서울시,(없음),서울특별시,중구
14157,네일박스 홍대,서울시,홍대,서울특별시,마포구
14163,미래회관 한남점,서울시,이태원,서울특별시,용산구
14164,컬러시그널,서울시,신사동,서울특별시,강남구
14165,수원 화성 + 장태산 일일투어 (서울출발),수원시,(없음),경기도,수원시 팔달구
14166,해천어부 종로,서울시,익선동,서울특별시,종로구
14167,2025 포항 불꽃축제 일일투어 (서울출발),포항시,(없음),경상북도,포항시 북구
14168,2025 포항 불꽃축제 일일투어 (부산출발),포항시,(없음),경상북도,포항시 북구
14169,인천공항 갤럭시 S 울트라 시리즈 휴대폰 대여,인천시,(없음),인천광역시,중구
14170,인천공항 액션캠 카메라 대여 (고프로/인스타360),인천시,(없음),인천광역시,중구
14171,인천공항 헤어 스타일링 기기 대여 (글램팜 고데기/다이슨 에어랩),인천시,(없음),인천광역시,중구
14172,서울 한강 반포 세빛섬 튜브스터 탑승권,서울시,고속버스터미널,서울특별시,서초구
14173,그리디센트,서울시,연남동,서울특별시,마포구
14174,포천 시즌 핫스팟 일일투어 (서울출발),포천시,(없음),경기도,포천시
14175,제주투어(서부) (제주출발),제주시,(없음),제주특별자치도,제주시
14177,노랑한상정육식점 본점,서울시,삼성동,서울특별시,강남구
14180,화담숲+남한산성+민속촌 일일투어(서울출발),광주(경기),(없음),경기도,광주시
14181,이태원 헤어&메이크업&이미지컨설팅 | 꼼나나 본점,서울시,압구정,서울특별시,강남구
14182,이태원 헤어&메이크업&이미지컨설팅 | 꼼나나 청담점,서울시,압구정,서울특별시,강남구
14183,이태원 헤어&메이크업&이미지컨설팅 | 꼼나나비앙 판교점,성남시,(없음),경기도,성남시 분당구
14184,일편등심 명동점,서울시,명동,서울특별시,중구
14185,더포레스파 광화문점,서울시,경복궁,서울특별시,종로구
14186,한양역,서울시,홍대,서울특별시,마포구
14187,(신사업) 강남밝은눈안과 ,서울시,강남구,서울특별시,서초구
14189,(신사업) 압구정에스앤비(S&B)안과,서울시,(없음),서울특별시,강남구
14190,설악산+서피비치 시즌별 일일투어 (서울출발),양양군,(없음),강원특별자치도,인제군
14192,준오헤어 가든서울역점,서울시,서울역,서울특별시,용산구
14193,준오헤어 하남스타필드점,하남시,(없음),경기도,하남시
14194,준오헤어 코엑스몰점,서울시,삼성동,서울특별시,강남구
14195,[가격 세팅 후 오픈예정] '호반의도시' 춘천 남이섬 호수케이블카 일일투어 (서울출발),춘천시,(없음),강원특별자치도,춘천시
14197,Korea Beauty Festival Pass in 명동 (코리아뷰티페스티벌),서울시,명동,서울특별시,중구
14199,Korea Beauty Festival Pass in 홍대 (코리아뷰티페스티벌),서울시,홍대,서울특별시,마포구
14200,그린한의원,부산시,(없음),부산광역시,수영구
14201,앤봄클리닉 홍대 피부미용(앤봄의원),서울시,홍대,서울특별시,마포구
14202,[신세계백화점 본점] SPECIAL MEMBER BENEFITS,서울시,명동,서울특별시,중구
14204,APM 망고환전소,서울시,동대문구,서울특별시,중구
14205,서울 반포 현대요트 럭셔리요트 파티보트 퍼블릭투어,서울시,서초구,서울특별시,용산구
14210,온유월식당 본점,서울시,고속버스터미널,서울특별시,서초구
14211,성수패스,서울시,성수동,서울특별시,성동구
14212,Korea Beauty Festival Pass in 성수 (코리아뷰티페스티벌),서울시,성수동,서울특별시,성동구
14214,온유월솥뚜껑삼겹살 본점,서울시,고속버스터미널,서울특별시,서초구
14215,퍼스널컬러 한국패션심리연구원 부산지사,부산시,광안리,부산광역시,수영구
14216,멉씨 헤어메이크업 서면점,부산시,(없음),부산광역시,부산진구
14217,[트래볼루션] 물감으로 뒤덮힌 스튜디오에서의 액션페인팅 체험 성수,서울시,성수동,서울특별시,성동구
14218,[트래볼루션] 물감으로 뒤덮힌 스튜디오에서의 액션페인팅 체험 합정,서울시,합정,서울특별시,마포구
14220,남영동양문 반포직영점,서울시,고속버스터미널,서울특별시,서초구
14224,2026 봉화 은어 축제 일일투어 (서울출발),봉화군,(없음),경상북도,봉화군
14229,누데이크 하우스 도산 케이크 (픽업) 예약 대행 서비스,서울시,압구정,서울특별시,강남구
14230,애브뉴준오 더현대서울점 (준오헤어 더현대서울점),서울시,여의도,서울특별시,영등포구
14231,준오헤어 KBS별관점,서울시,여의도,서울특별시,영등포구
14232,준오헤어 강남역2호점,서울시,강남구,서울특별시,서초구
14233,2025 보령머드축제 일일투어 (평일 서울출발),보령시,(없음),충청남도,보령시
14234,명동 반영구 | 세가지소원의원 명동점 (미결제분 전용),서울시,명동,서울특별시,중구
14235,"제주 바다속을 즐기는 색다른 체험, 씨워커",제주시,제주시,제주특별자치도,제주시
14236,[Creatrip 단독 할인가]라메종뷰티 압구정 | K-뷰티 헤어&메이크업 살롱,서울시,압구정,서울특별시,강남구
14237,(3/21 기준 비공개) K-Kick 태권도 공연 티켓,서울시,을지로,서울특별시,중구
14238,온야드 성수3호점,서울시,성수동,서울특별시,성동구
14239,k-pop 아이돌이 착용한 모던 한복 | 단하한복,서울시,경복궁,서울특별시,종로구
14240,홍대 루프캣미 고양이 카페 홍대점 (평일 입장권),서울시,홍대,서울특별시,마포구
14242,공항-서울 시내 수하물 배송‧보관 서비스 T-PASS,서울시,(없음),서울특별시,중구
14243,더케이브,서울시,광화문,서울특별시,중구
14244,웯우드스튜디오 성수점,서울시,성수동,서울특별시,성동구
14246,옥토비스튜디오,서울시,신사동,서울특별시,강남구
14247,"[할인이벤트🎁]신사 쉬작 헤어 | 하이레벨의 두피, 모발 케어 전문 헤어샵",서울시,신사동,서울특별시,강남구
14248,발왕산+삼양라운드힐 일일투어 (서울출발),평창군,(없음),강원특별자치도,평창군
14250,강화도 DMZ 일일투어 (서울출발),인천시,(없음),인천광역시,강화군
14251,서울시,(없음),서울특별시,서대문구,
14253,N서울타워 전망대 입장권(남산타워) + 남산타워 케이블카 평일 왕복권,서울시,남산,서울특별시,중구
14254,남이섬 일일 입장권(왕복 페리티켓 포함) + 남이섬 공식 왕복 셔틀버스 (서울출발),춘천시,(없음),강원특별자치도,춘천시
14255,깔살롱 신사점 | 염색 전문,서울시,신사동,서울특별시,강남구
14256,가이드와 함께하는 일일 조선시대 선비 체험,서울시,대학로(혜화),서울특별시,종로구
14257,[비활성화] 제주도 세븐틴 캐럿투어(셉셉투어),제주시,(없음),제주특별자치도,제주시
14259,스타일링 포토 룩지다,서울시,(없음),서울특별시,강남구
14262,La La Land in Seoul: 로맨틱한 서울 야경&놀라운 코리안 BBQ,서울시,(없음),서울특별시,종로구
14263,신당동 오컬트 투어,서울시,신당동,서울특별시,중구
14264,단양 히든 스팟 일일투어 (서울출발),단양군,(없음),충청북도,단양군
14265,옻칠리어,서울시,(없음),서울특별시,강남구
14266,2026 SBS 가요대전: SUMMER + 편도 차량/교통카드 패키지(썸머 가요대전),고양시,(없음),경기도,고양시 일산서구
14268,경동시장 힐링 워킹 투어,서울시,청량리,서울특별시,동대문구
14269,철원 시즌 핫스팟 일일투어 (서울출발),철원군,(없음),강원특별자치도,철원군
14270,오래가게 서촌마을 예술 & 음식 워킹 투어,서울시,(없음),서울특별시,종로구
14273,오래가게 북촌 한옥마을 워킹투어,서울시,(없음),서울특별시,종로구
14275,"홍대 초정밀 피부명가 – Project U(필러, 리쥬란전문)",서울시,홍대,서울특별시,마포구
14276,📍 이가자헤어 명동점 | 외국인 친화 후기 우수 헤어살롱,서울시,명동,서울특별시,중구
14277,양양 서피비치 왕복 셔틀버스 (서울출발),양양군,(없음),강원특별자치도,양양군
14278,2026 K 월드 드림 어워즈(케이 월드 드림 어워즈),서울시,잠실,서울특별시,송파구
14280,부산 아이홀릭네일,부산시,광안리,부산광역시,수영구
14281,(1/25 비공개처리) 부산 아미동 비석문화마을 일일투어 (부산출발),부산시,(없음),부산광역시,서구
14282,네일킴리 | 홍대 네일아트&속눈썹펌,서울시,홍대,서울특별시,마포구
14283,뮤게 (부산),부산시,(없음),부산광역시,수영구
14284,나나로그 신촌점,서울시,신촌,서울특별시,서대문구
14285,코레스큐 | 속눈썹펌&연장 온라인 강의,대구시,(없음),대구광역시,달서구
14286,[어학당] 한국어 튜터링 서비스(시범수업) - 튜터 박성규,서울시,(없음),도출불가,도출불가
14289,트리샤히얼,서울시,명동,서울특별시,중구
14290,컬러시그널 (메이크업),서울시,신사동,서울특별시,강남구
14291,메이크업 | 마이쇼퍼(압구정),서울시,압구정,서울특별시,강남구
14292,퍼스널컬러 한국패션심리연구원 청담본원 메이크업,서울시,압구정,서울특별시,강남구
14294,요트홀릭,부산시,(없음),부산광역시,수영구
14295,뷰티스톤의원 | 1:1 최적의 맞춤 솔루션,서울시,홍대,서울특별시,마포구
14296,블루윙 요트투어,부산시,(없음),부산광역시,수영구
14297,[롯데면세점] 닉쿤 팬미팅 일일투어,서울시,건대,서울특별시,광진구
14298,서울 프라이빗 택시 투어,서울시,(없음),경기도,김포시
14299,부산 살롱드원,부산시,서면,부산광역시,부산진구
14302,봉이밥 인사동점,서울시,인사동,서울특별시,종로구
14303,메이크업 | 지니비컬러,서울시,홍대,서울특별시,마포구
14304,홍천 별빛 음악 맥주축제 일일투어 (서울출발),홍천군,(없음),강원특별자치도,홍천군
14305,롯데월드 일일 자유이용권 + 남산타워,서울시,(없음),서울특별시,송파구
14306,에버랜드 사진촬영 : 한순간,용인시,(없음),경기도,용인시 처인구
14307,제너럴아이디어(GENERAL IDEA),서울시,(없음),서울특별시,강남구
14308,하남돼지집 본점,하남시,(없음),경기도,하남시
14309,휩드 나만의 팩클랜저 만들기,서울시,성수동,서울특별시,성동구
14310,아인츠 스튜디오,서울시,상수,서울특별시,마포구
14311,예스한복 + 남산타워,서울시,(없음),서울특별시,중구
14312,단하 한복 원데이클래스ㅣ노리개 & 보자기 만들기,서울시,경복궁,서울특별시,종로구
14313,CHOP헤어 분당점,성남시,(없음),경기도,성남시 분당구
14314,장태산 단풍 일일투어 (서울출발),대전시,(없음),대전광역시,서구
14315,블루윙 패키지,부산시,(없음),부산광역시,수영구
14316,부산영화체험박물관,부산시,남포동,부산광역시,중구
14317,(1/24 비공개처리) [9/16~11/16 20% 할인] 울산 가을 태화강 국가정원 일일투어 (부산출발),울산시,(없음),울산광역시,중구
14318,주왕산 단풍 일일투어 (부산출발),영덕군,(없음),경상북도,청송군
14320,두픽(DUPIG) | 부산 두피문신,부산시,(없음),부산광역시,해운대구
14321,더봄(The Bom) 메이크업,서울시,명동,서울특별시,중구
14322,미공방 홍대본점,서울시,홍대,서울특별시,마포구
14325,까사부사노 광안점,부산시,광안리,부산광역시,해운대구
14326,까사부사노 테라스,부산시,광안리,부산광역시,수영구
14327,"부산 태종대 오션플라잉 테마파크, 짚라인 이용권",부산시,(없음),부산광역시,영도구
14328,까사부사노 부산근현대역사관점,부산시,남포동,부산광역시,중구
14329,한국 MZ의 지역 힐링명소 : 전통한옥의 매력과 K-pop/K-drama 촬영지 1박2일 투어 (서울출발),완주군,(없음),전라북도,완주군
14330,퍼스널컬러 | 마이쇼퍼 (부산점),부산시,(없음),부산광역시,부산진구
14331,(1/24 비공개처리) 한국 일주 7일 : 웰니스투어 (서울출발),한국,(없음),전라북도,익산시
14332,강릉&동해 1박2일 투어 (서울출발),강릉시,(없음),강원특별자치도,강릉시
14333,(1/24 비공개처리) Must visit K-POP 4박5일 투어 (서울출발),평창군,(없음),서울특별시,중구
14335,롯데월드 일일 자유이용권 + 롯데타워 서울스카이 입장권,서울시,잠실,서울특별시,송파구
14336,"(1/24 비공개처리) 거제, 통영 해변 감성 스팟 3박4일 투어 (서울출발)",통영시,(없음),서울특별시,중구
14337,부산에서 K-FOOD와 K-CAFE 즐기기 (부산출발),부산시,(없음),부산광역시,동구
14339,소도시의 역사적 자원을 즐기는 액티비티 캠프 (서울출발),부여군,(없음),충청남도,공주시
14340,한류 따라 떠나는 시간 여행 (서울출발),전주시,(없음),전라북도,전주시 완산구
14341,양주시,(없음),경기도,파주시,
14343,한국일주 동쪽여행 7박8일 (서울출발),한국,(없음),강원특별자치도,고성군
14344,퍼지네이블 광안점,부산시,광안리,부산광역시,수영구
14345,퍼지네이블 서면점,부산시,서면,부산광역시,부산진구
14346,퍼지네이블 광복점,부산시,남포동,부산광역시,중구
14347,무명일기,부산시,(없음),부산광역시,영도구
14349,제 62회 수원화성문화제 일일투어 (서울출발),수원시,(없음),경기도,수원시 팔달구
14350,직통열차 AREX + 남산타워,서울시,(없음),인천광역시,중구
14351,부산 대구 하이킹 3박4일 투어 (부산출발),부산시,(없음),부산광역시,영도구
14353,2025-2026 소노 비발디파크 VIVA Winter Festival 1박2일 투어 (서울출발),홍천군,(없음),강원특별자치도,홍천군
14354,한국 3박4일 힐링 트레킹 여행 (강원도/경상도 택1),한국,(없음),강원특별자치도,강릉시
14355,모어온헤어 도산공원점,서울시,압구정,서울특별시,강남구
14356,설악산국립공원 당일 이지 트레킹 패키지 (두가지/세가지 코스 택1),속초시,(없음),강원특별자치도,인제군
14357,리치부동산,서울시,(없음),서울특별시,서대문구
14358,"부산 야경 핫스팟 + 스냅촬영 일일투어 (부산출발) | 부산항대교, 감천문화마을, 천마산 전망대, 황령산",부산시,(없음),부산광역시,사하구
14359,우리술당당,서울시,성수동,서울특별시,성동구
14360,안동 유네스코 세계문화유산 전통체험 투어 (하프투어),안동시,(없음),경상북도,안동시
14361,MBC 일산드림센터 + 상암동 MBC 본사 일일투어 (서울출발),고양시,(없음),경기도,고양시 일산동구
14363,(1/24 비공개처리) 안성 유네스코 전통문화 일일투어 (서울출발),안성시,(없음),경기도,안성시
14364,(1/24 비공개처리) 남한산성 유네스코 선셋&별빛정원우주 라이트쇼 일일투어 (서울출발),광주(경기),(없음),경기도,광주시
14365,(신사업) 서울 최다 안과 전문의 보유 | 강남비앤빛안과 ,서울시,강남구,서울특별시,서초구
14366,압구정 튠의원,서울시,압구정,서울특별시,강남구
14367,2024 K 월드 드림 어워즈 | 보증금 결제,서울시,잠실,서울특별시,송파구
14368,(1/25 기준 비공개) 내장산 단풍 일일투어 (서울↔︎부산 환승 포함),정읍시,(없음),전라북도,정읍시
14369,벅벅 이태원점,서울시,이태원,서울특별시,용산구
14371,2024 K 월드 드림 어워즈 | B구역 판매용,서울시,잠실,서울특별시,송파구
14372,식스플로어 스튜디오,서울시,(없음),서울특별시,강남구
14373,안동 유네스코 세계문화유산 전통체험 투어 (2박3일),안동시,(없음),경상북도,안동시
14374,(1/25 기준 비공개) 서울근교 이색스팟 일일여행 | 니지모리 스튜디오 (서울출발),가평군,(없음),경기도,가평군
14375,방돈식당,서울시,여의도,서울특별시,영등포구
14376,유잇다붙임머리 강남점,서울시,신사동,서울특별시,강남구
14378,2024 안동국제탈춤페스티벌 (09/27~10/06),안동시,(없음),경상북도,안동시
14379,제61회 수원화성문화제 - 정조의 다소반과 (외국인 티켓 독점판매),화성시,(없음),경기도,수원시 팔달구
14380,2024 부산국제락페스티벌 티켓 3일권+호텔 3박 4일 자유패키지,부산시,(없음),부산광역시,사상구
14381,스틱어라운드 성수 | 컨셉 사진관 (헤어메이크업포함) ,서울시,성수동,서울특별시,성동구
14382,제42회 금산세계인삼축제 일일투어 (10/03~10/13),금산군,(없음),충청남도,금산군
14383,2024 조선왕릉축전 '왕의 숲길 나무이야기' (외국인 무료티켓 독점),구리시,(없음),경기도,구리시
14384,머니플래닛 서울,서울시,명동,서울특별시,중구
14385,홍대 바이비 메이크업,서울시,홍대,서울특별시,마포구
14386,서울 인왕산 풍수지리 파묘 당일 투어,서울시,경복궁,서울특별시,서대문구
14389,"(신사업) 어려운 수술을 잘하는 안과, 이오스 안과",서울시,(없음),서울특별시,서초구
14390,뮤지컬펍 in Seoul : ShowFilx,서울시,동대문구,서울특별시,중구
14392,제61회 수원화성문화제 - 자궁가교 시즌2 (외국인 티켓 독점판매),화성시,(없음),경기도,수원시 팔달구
14393,2025 경복궁 고궁음악회 <발레x수제천> (외국인 티켓 독점판매),서울시,경복궁,서울특별시,종로구
14394,제61회 수원화성문화제 - 이머시브 아트 퍼포먼스 ‘화령’  (외국인 티켓 독점판매),화성시,(없음),경기도,수원시 팔달구
14395,제26회 김제지평선축제 4박5일 투어 (10/5~10/9),김제시,(없음),전라북도,김제시
14398,서울(동서울) ↔️ 청주고속버스터미널 간 고속버스 예매하기,청주시,(없음),충청북도,청주시 흥덕구
14399,유유히 성수,서울시,성수동,서울특별시,성동구
14400,부산 필수 여행코스 데이나잇투어 (부산출발),부산시,(없음),부산광역시,해운대구
14401,그리고알리스 (and Allis) + 시현하다 홍대 스페이스,서울시,홍대,서울특별시,마포구
14402,한복소녀 + 시현하다 북촌하우스,서울시,경복궁,서울특별시,종로구
14403,(신사업) 강남밝은미소안과,서울시,(없음),서울특별시,강남구
14404,북촌사진관 한옥마을점 | 실외촬영 + 한복클로젯,서울시,경복궁,서울특별시,종로구
14405,(업데이트중) 인천공항 짐보관 서비스,인천시,(없음),인천광역시,중구
14406,인천공항 T1/T2 짐보관 서비스,인천시,(없음),인천광역시,중구
14407,인천공항 T1/T2 유모차 대여 서비스,인천시,(없음),인천광역시,중구
14408,스튜디오 어항,서울시,홍대,서울특별시,마포구
14411,봉땅 명동점,서울시,명동,서울특별시,중구
14412,쁨클리닉 글로벌 부산점  | 부산 피부과,부산시,(없음),부산광역시,부산진구
14414,영동대로 K-POP 콘서트 + 코엑스아쿠아리움,서울시,삼성동,서울특별시,강남구
14415,가을 스페셜 : 2025 진주남강유등축제 일일투어 (부산출발),진주시,(없음),경상남도,진주시
14416,홍대 반가숯불닭갈비,서울시,홍대,서울특별시,마포구
14417,서울역-인천공항 직통열차 AREX (공항철도/일본판매용),인천시,인천공항,인천광역시,중구
14418,머니박스 연남점,서울시,종로구,서울특별시,마포구
14419,엘리시안 강촌 겨울 액티비티 1박2일 투어 | 스키&스노보드&눈썰매 (서울출발),춘천시,(없음),강원특별자치도,춘천시
14420,제30회 드림콘서트 VIP 패키지(그라운드+레드카펫),고양시,(없음),경기도,고양시 일산서구
14421,2026 화천산천어 축제/ 어비·구곡 얼음계곡일일투어 (서울출발),화천군,(없음),강원특별자치도,화천군
14422,[할인 이벤트🎉] 엘리시안 강촌 겨울 스키&스노보드 일일투어 (서울출발),춘천시,(없음),강원특별자치도,춘천시
14425,시화의 계절,서울시,홍대,서울특별시,마포구
14426,📍샵꽁뜨 서교점 | 외국 친화적 컬러 전문 홍대 헤어살롱,서울시,홍대,서울특별시,마포구
14427,2024 전주미식회 : 전주양반집 혼례잔치 (10/12~13),전주시,(없음),전라북도,전주시 완산구
14431,서부산 핫스팟 일일투어 | 태종대+흰여울마을+감천문화마을+송도스카이워크 (부산출발),부산시,(없음),부산광역시,영도구
14432,서울 유기견 케어 일일봉사,서울시,성동구,인천광역시,계양구
14433,[K-관광협력단/Korea Highlights] 여의도 이랜드 크루즈(별빛),서울시,여의도,서울특별시,영등포구
14434,[K-관광협력단/Korea Highlights] 여의도 이랜드 크루즈(한강투어크루즈),서울시,여의도,서울특별시,영등포구
14435,[K-관광협력단/Korea Highlights] 잠실 한강 이랜드크루즈 [주말 이용권],서울시,잠실,서울특별시,송파구
14436,[K-관광협력단/Korea Highlights] 인사동 박물관은 살아있다,서울시,인사동,서울특별시,종로구
14437,[K-관광협력단/Korea Highlights] 코엑스 아쿠아리움,서울시,삼성동,서울특별시,강남구
14438,[K-관광협력단/Korea Highlights] N서울타워 전망대 입장권(남산타워),서울시,남산,서울특별시,용산구
14440,통통돼지뽈살,서울시,홍대,서울특별시,마포구
14441,[K-관광협력단/Korea Highlights] 여의도 이랜드크루즈(한강) + 박물관은 살아있다,서울시,(없음),서울특별시,영등포구
14442,[K-관광협력단/Korea Highlights] 여의도 이랜드크루즈(별빛) + 박물관은 살아있다,서울시,(없음),서울특별시,영등포구
14443,"[K-관광협력단/Korea Highlights] 잠실 이랜드크루즈(한강, 별빛) + 코엑스아쿠아리움",서울시,(없음),서울특별시,송파구
14444,[K-관광협력단/Korea Highlights] 박물관은 살아있다 + 코엑스 아쿠아리움,서울시,(없음),서울특별시,종로구
14445,[K-관광협력단/Korea Highlights] 여의도 이랜드크루즈(한강) + N서울타워 전망대 입장권(남산타워),서울시,(없음),서울특별시,중구
14446,[K-관광협력단/Korea Highlights] 여의도 이랜드크루즈(별빛) + N서울타워 전망대 입장권(남산타워),서울시,(없음),서울특별시,중구
14447,[K-관광협력단/Korea Highlights] 박물관은 살아있다 + N서울타워 전망대 입장권(남산타워),서울시,(없음),서울특별시,중구
14448,[K-관광협력단/Korea Highlights] 코엑스 아쿠아리움 + N서울타워 전망대 입장권(남산타워),서울시,(없음),서울특별시,강남구
14449,일편장어 홍대본점,서울시,홍대,서울특별시,마포구
14450,레이브 스튜디오,서울시,성수동,서울특별시,성동구
14451,육산장,서울시,홍대,서울특별시,마포구
14452,요가베르데,제주시,(없음),제주특별자치도,제주시
14453,버디맨즈헤어 합정점,서울시,홍대,서울특별시,마포구
14454,휘호크래프트 Hwiho Korean Craft Class,서울시,합정,서울특별시,마포구
14455,[대만어] 현대면세점,한국,(없음),서울특별시,중구
14456,셀럽들이 찾는 치과 - 서울센텀치과의원,서울시,신사동,서울특별시,서초구
14457,서울 밥퍼(무료 급식소) 일일봉사,서울시,(없음),서울특별시,동대문구
14458,프라이빗 관광택시 투어 | 순천,순천시,(없음),전라남도,순천시
14459,EVER WISH PASS (에버랜드 자유이용권+포토패스+모바일 미션게임),용인시,(없음),경기도,용인시 처인구
14460,[영어] 현대면세점,한국,(없음),서울특별시,중구
14461,[일본어] 현대면세점,한국,(없음),서울특별시,중구
14462,[홍콩어] 현대면세점,한국,(없음),서울특별시,중구
14463,공항버스 6103 리무진버스 편도 티켓 (코엑스->인천공항),서울시,삼성동,서울특별시,강남구
14464,K-드라마 눈물의 여왕 촬영지 원데이 투어 ,서울시,(없음),서울특별시,종로구
14465,COCORY Color Inc. 홍대점 (삭제예정),서울시,홍대,서울특별시,마포구
14467,K-드라마 선재업고튀어 촬영지 원데이 투어,수원시,(없음),경기도,수원시 장안구
14468,2024 국가유산방문캠페인 - 스토리가 있는 창덕궁 미션투어 <왕가의 길> (외국인 티켓 독점판매),서울시,(없음),서울특별시,종로구
14469,"K-Pop 포토카드 샵 POCA SPOT 홍대점 | 미스터리 팩 & 최대 10,000원 할인",서울시,홍대,서울특별시,마포구
14470,프라이빗 관광택시 투어 | 제천,제천시,(없음),충청북도,제천시
14471,이미지호 제주점,제주시,(없음),제주특별자치도,제주시
14472,프라이빗 관광택시 투어 | 평창,평창군,(없음),강원특별자치도,평창군
14474,제30회 드림콘서트 + NAMANE 커스텀카드 발급권(QR),고양시,(없음),경기도,고양시 일산서구
14475,COCORY Color 홍대점 | 퍼스널컬러& 체형& 패션 분석,서울시,홍대,서울특별시,마포구
14476,프라이빗 관광택시 투어 | 남원,남원시,(없음),전라북도,남원시
14477,여운관,서울시,여의도,서울특별시,영등포구
14478,주신당 홍대점,서울시,홍대,서울특별시,마포구
14479,공항버스 6103 리무진버스 편도 티켓 (인천공항T1->코엑스),인천시,(없음),인천광역시,중구
14480,공항버스 6103 리무진버스 편도 티켓 (인천공항T2->코엑스),인천시,(없음),인천광역시,중구
14481,스파렉스 동묘,서울시,동대문구,서울특별시,종로구
14482,크트 뷰티 패키지 | 이가자헤어 명동점,서울시,명동,서울특별시,중구
14484,크트 뷰티 패키지 | 마이쇼퍼 퍼스널컬러,서울시,압구정,서울특별시,강남구
14486,(신사업) 2025 4회 온오프라인 설명회 밝은눈안과 신청,대만,(없음),도출불가,도출불가
14487,[부산] 서프홀릭,부산시,(없음),부산광역시,해운대구
14488,[부산] 딜라잇비,부산시,(없음),부산광역시,남구
14489,[부산] 서프홀릭 다대포,부산시,(없음),부산광역시,사하구
14490,수원 한국 민속촌 + 스타필드 수원 원데이 투어,수원시,(없음),경기도,용인시 기흥구
14491,서울-용인 딥스테이션 프리다이빙 한국 원데이 투어,용인시,(없음),경기도,용인시 처인구
14492,크트 뷰티 패키지 | 아비쥬의원 명동점,서울시,명동,서울특별시,중구
14493,[부산] 크리에이티브 로컬,부산시,(없음),부산광역시,부산진구
14494,[부산] 초록배낭,부산시,(없음),부산광역시,영도구
14495,메이드카페 집사카페 카와이 홍대점 이용권,서울시,홍대,서울특별시,마포구
14496,클림의원 | 홍대 피부미용,서울시,홍대,서울특별시,마포구
14497,이미지호 퍼스널컬러 + 메이크업 클래스,서울시,홍대,서울특별시,마포구
14498,과천 원더파크 할인권,과천시,(없음),경기도,과천시
14499,[부산] 소셜투어-Food,부산시,(없음),부산광역시,중구
14500,"크리에이트립 뷰티 패키지 | 피부 시술, 스케일링, 퍼스널컬러, 헤드스파",서울시,(없음),서울특별시,강남구
14501,[부산] 소셜투어-Night,부산시,(없음),부산광역시,남구
14502,[부산] 소셜투어-Hiking,부산시,(없음),부산광역시,동래구
14503,[부산] 와이홀릭,부산시,(없음),부산광역시,해운대구
14504,[부산] 썹버거,부산시,(없음),부산광역시,해운대구
14505,[부산] 예쁜떡 오늘,부산시,(없음),부산광역시,수영구
14507,조이187 강남 헤어&메이크업,서울시,압구정,서울특별시,강남구
14508,[부산] 부산 고등어빵,부산시,(없음),부산광역시,서구
14509,[부산] 한복에 미친여자 (한미녀),부산시,(없음),부산광역시,해운대구
14510,[부산] 홀리라운지,부산시,(없음),부산광역시,해운대구
14511,[할인중🎉] 막스브로우 명동점,서울시,명동,서울특별시,중구
14512,베이크앤블레스,서울시,(없음),서울특별시,강남구
14514,용평리조트 스키 입장권,평창군,(없음),강원특별자치도,평창군
14516,레코더즈아카데미 기념품만들기,서울시,합정,서울특별시,마포구
14518,아이디헤어 강남점 | K-PERM 헤어 살롱,서울시,강남구,서울특별시,서초구
14520,[초특가] 인천 Wellmedi (웰니스+메디컬) 건강검진 일일투어 (서울출발),인천시,(없음),인천광역시,서구
14521,일편등심 홍대점,서울시,홍대,서울특별시,마포구
14522,그리디센트 북촌점,서울시,경복궁,서울특별시,종로구
14523,2026 새해 낙산사 해돋이 일일투어 (서울출발),양양군,(없음),강원특별자치도,양양군
14524,로얄짐 홍대 3호점,서울시,홍대,서울특별시,마포구
14525,미유 출장 메이크업,서울시,경복궁,서울특별시,강남구
14526,홍대 버닝데이헤어,서울시,연남동,서울특별시,마포구
14527,서울리거피부과 | 피부과 전문의가 운영하는 클리닉,서울시,압구정,서울특별시,강남구
14528,[비씨카드] 4박5일제주힐링투어,제주시,(없음),제주특별자치도,서귀포시
14529,[24.12.10 운영중단] 강원도 평창 일일투어 | 발왕산 케이블카 & 스카이워크 & 월정사 전나무숲길 & 오삼불고기 (서울출발),평창군,(없음),강원특별자치도,평창군
14531,멉씨 헤어메이크업 홍대점,서울시,홍대,서울특별시,마포구
14533,2025 KGMA(코리아 그랜드 뮤직 어워즈) 티켓 + 왕복 셔틀버스 패키지,인천시,(없음),인천광역시,중구
14535,청주(오송역)KTX 예매서비스,청주시,(없음),충청북도,청주시 청원구
14536,로얄테라스가든,서울시,잠실,서울특별시,송파구
14538,뷰티팰리스 경복궁 | 한복+ k-메이크업&헤어,서울시,경복궁,서울특별시,종로구
14539,서울 아동센터 일일봉사,서울시,구로구,서울특별시,금천구
14540,서울 생태공원 일일봉사,서울시,구로구,서울특별시,영등포구
14543,철길부산집 홍대직영점,서울시,홍대,서울특별시,마포구
14544,이루다 스튜디오 (스냅사진),서울시,경복궁,서울특별시,종로구
14545,철길부산집 숲길점,서울시,홍대,서울특별시,마포구
14547,홍대 웯우드스튜디오 향수공방,서울시,홍대,서울특별시,마포구
14548,서울 망원동 한식 쿠킹클래스,서울시,망원동,서울특별시,마포구
14549,이화 한복스냅,서울시,경복궁,서울특별시,종로구
14550,(신사업) 25.03 오프라인 설명회 밝은눈안과 0원 페이지 (QR),서울시,(없음),서울특별시,서초구
14551,[백령&대청&소청도 2박3일] 서해최북단 해안 트레킹 / 두문진 유람선 / 심청각 / 천안함위령비 / 서해 최북단 최고봉 '삼각산' / 서풍받이 - 옹진섬 도도하게 살아보기,인천시,(없음),인천광역시,옹진군
14552,서울 망원동 한지&자개 공예 만들기 체험 원데이 클래스,서울시,망원동,서울특별시,마포구
14554,얼 홍대점,서울시,홍대,서울특별시,마포구
14556,카린의원 | 명동 피부미용,서울시,명동,서울특별시,중구
14557,스튜디오 코스모스,서울시,강남구,서울특별시,서초구
14558,꿈속스튜디오,서울시,이대,서울특별시,서대문구
14559,나나로그 성수점,서울시,성수동,서울특별시,성동구
14560,(신사업) [비공개] 크리에이트립에서 미리보는 신년운세 2024 기록용,서울시,(없음),서울특별시,강남구
14562,라오크 연남 | 홍대 향수 공방,서울시,홍대,서울특별시,마포구
14564,강원도 양양 프라이빗/퍼블릭 멜버른 요트투어,양양군,(없음),강원특별자치도,양양군
14565,"[일시판매중단] 대한민국 TOP2 눈꽃 하이킹 + 지역별 로컬 맛집 | 선자령 자연눈썰매, 태백산 일출산행 (서울출발)",태백시,(없음),강원특별자치도,평창군
14566,[일시판매중단] 대한민국 BEST3 눈꽃 + 지역별 로컬 맛집 일일투어 | 발왕산 &오대산 &문경새재 (서울출발),평창군,(없음),강원특별자치도,평창군
14567,KPOP TATTO Studio | 강남 타투,서울시,압구정,서울특별시,강남구
14568,올라인의원 | 홍대 피부미용,서울시,홍대,서울특별시,마포구
14569,이루다 스튜디오 + 인코리아한복,서울시,경복궁,서울특별시,종로구
14571,미유 출장메이크업 + 아리한복,서울시,경복궁,서울특별시,종로구
14572,미유 출장메이크업 + 예인방,서울시,창덕궁,서울특별시,종로구
14573,미유 출장메이크업 + 단하한복,서울시,(없음),서울특별시,종로구
14574,미유 출장메이크업 + 인코리아한복,서울시,경복궁,서울특별시,종로구
14575,뷰티팰리스 + 예스한복,서울시,경복궁,서울특별시,종로구
14576,뷰티팰리스 + 예인방,서울시,경복궁,서울특별시,종로구
14577,뷰티팰리스 +  단하한복,서울시,(없음),서울특별시,종로구
14578,뷰티팰리스 + 인코리아한복,서울시,경복궁,서울특별시,종로구
14579,뷰티팰리스 + 아리한복,서울시,경복궁,서울특별시,종로구
14580,(사용X) 2024 KBS 가요대축제 티켓,일산,(없음),경기도,고양시 일산서구
14581,DMZ+유네스코 문화유산 일일투어 (서울출발),파주시,(없음),경기도,파주시
14583,와이드모바일 유심 ,청주시,(없음),충청북도,청주시 청원구
14584,유앤아이의원 명동점,서울시,명동,서울특별시,중구
14585,DMZ+지역특산 양조장 시음 일일투어,파주시,(없음),경기도,파주시
14586,유앤아이의원 홍대신촌점 (변경),서울시,홍대,서울특별시,마포구
14587,유앤아이의원 부산점  | 부산 피부과,부산시,서면,부산광역시,부산진구
14589,[💋입술문신 파격할인] 리움청담 | 압구정 반영구,서울시,압구정,서울특별시,강남구
14592,아비쥬의원 명동 글로벌점,서울시,명동,서울특별시,중구
14593,아비쥬의원 강남 글로벌점,서울시,강남구,서울특별시,서초구
14596,"(신사업) [비공개] 2024 친구, 연인, 직장동료와 보는 한국식 사주 궁합",서울시,(없음),서울특별시,강남구
14597,(신사업) [비공개]내가 좋아하는 아이돌 또는 배우와 나의 사주기반 궁합 보기,서울시,(없음),서울특별시,강남구
14600,종로 메가환전,서울시,광화문,서울특별시,종로구
14601,케이익스체인지 홍대점,서울시,홍대,서울특별시,마포구
14602,케이익스체인지 홍대 레드로드점,서울시,홍대,서울특별시,마포구
14603,케이익스체인지 명동점,서울시,명동,서울특별시,중구
14606,준오헤어 명동예술극장점,서울시,명동,서울특별시,중구
14607,"쉼, 마포공덕점 | 메이크업",서울시,공덕,서울특별시,마포구
14608,"쉼, 마포공덕점 | 헤어",서울시,공덕,서울특별시,마포구
14610,멈 압구정로데오점 | 압구정 헤어살롱,서울시,압구정,서울특별시,강남구
14611,경복궁 기념 드론 영상촬영,서울시,경복궁,경기도,성남시 분당구
14613,머니박스 마포점,서울시,공덕,서울특별시,마포구
14614,(사용X) 화해당 여의도점 예약 대행 서비스 복사함(기존내역),서울시,여의도,서울특별시,영등포구
14616,북촌 맛집 | 진작 카키,서울시,안국,서울특별시,종로구
14617,울트라 롯데 일일투어 | 롯데월드/서울스카이/롯데아쿠아리움/롯데면세점,서울시,잠실,서울특별시,송파구
14618,남이섬 + 롯데월드/서울스카이 일일투어,서울시,잠실,서울특별시,송파구
14619,에버랜드 X 롯데월드 더블 테마파크 2일 투어 (서울출발),서울시,잠실,서울특별시,송파구
14620,무이브 성수 | 성수 헤어살롱,서울시,성수동,서울특별시,성동구
14622,포레나의원 홍대점(쁘띠) | 높은 재방문율의 프리미엄 피부과,서울시,홍대,서울특별시,마포구
14623,리모델미 | 전문 스타일리스트와 함께하는 K-fashion 퍼스널 스타일링 쇼핑 투어,서울시,(없음),경기도,화성시
14624,무인공방,서울시,홍대,서울특별시,마포구
14625,소노 비발디파크 3박4일 스키 투어 (서울출발),홍천군,(없음),강원특별자치도,홍천군
14628,보승회관 배달,한국,(없음),서울특별시,강남구
14631,시그니크,서울시,을지로,서울특별시,중구
14632,청송 얼음골 + 포항 스페이스워크 + 드라마 ‘갯마을차차차’ 촬영지 일일투어 (부산출발),부산시,부산역,경상북도,청송군
14633,홍대 ㅎㄷ카페,서울시,홍대,서울특별시,마포구
14635,온리프성형외과 | 롱래스팅,서울시,강남구,서울특별시,서초구
14637,청담 웨딩 일반 투어 패키지,서울시,압구정,서울특별시,강남구
14638,요아정 배달,한국,(없음),서울특별시,강남구
14639,모덴리 | 홍대 반영구,서울시,홍대,서울특별시,마포구
14641,청담 웨딩 야외 스냅,서울시,압구정,서울특별시,강남구
14643,모덴리 | 홍대 두피관리,서울시,홍대,서울특별시,마포구
14644,깐부치킨 명동점,서울시,명동,서울특별시,중구
14645,세린의원 | 성수 피부미용,서울시,성수동,서울특별시,성동구
14646,📓일일투어 스팟 메뉴얼,서울시,(없음),서울특별시,강남구
14647,스튜디오 딥다이브,서울시,명동,서울특별시,중구
14649,이미지호 신라면세점 팝업,서울시,(없음),서울특별시,중구
14650,감성교복 경주월드점,경주시,(없음),경상북도,경주시
14651,2026 D AWARDS 콘서트 티켓(디어워즈),서울시,고려대학교,서울특별시,성북구
14652,카페 스와로브스키,서울시,압구정,서울특별시,강남구
14653,에코쟈뎅 잠실롯데타워점 | 잠실 헤드스파,서울시,잠실,서울특별시,송파구
14656,강릉롯데칠성소주공장 일일투어(서울출발),강릉시,(없음),서울특별시,송파구
14657,태초갈비,서울시,(없음),서울특별시,마포구
14658,(신사업) 행운을 가져다 주는 오직 나를 위한 부적!,서울시,(없음),서울특별시,강남구
14659,태백산 눈꽃 축제 & 황지연못 일일투어 (서울출발),태백시,(없음),강원특별자치도,태백시
14660,한국 한달살기 : 로컬스티치 서교(홍대입구역),서울시,홍대,서울특별시,마포구
14661,헤어더뷰 명동점,서울시,명동,서울특별시,중구
14662, 요닝 | 압구정 메이크업,서울시,압구정,서울특별시,강남구
14664,블루밍 스튜디오,서울시,성수동,서울특별시,성동구
14665,플레어뷰티살롱 FLAIR beautysalon,서울시,공덕,서울특별시,마포구
14667,[팔도] 한식 쿠킹 클래스 (3만원 상당 선물증정),서울시,(없음),서울특별시,영등포구
14670,라리엔 헤어 | 명동점,서울시,명동,서울특별시,중구
14673,세예클리닉 | 강남 피부미용,서울시,강남구,서울특별시,서초구
14675,다교네일 압구정점,서울시,압구정,서울특별시,강남구
14676,[크리에이트립 단독] 경복궁역 | 음식 체험,서울시,경복궁,서울특별시,종로구
14677,[크리에이트립 단독] 경복궁 사진관,서울시,경복궁,서울특별시,종로구
14678,[크리에이트립 단독] 다비치안경 명동점,서울시,명동,서울특별시,중구
14679,파스텔무드 | 홍대 메이크업,서울시,홍대,서울특별시,마포구
14680,부엉이산장 캐주얼다이닝 연남점,서울시,연남동,서울특별시,마포구
14682,편안한 치아 클리닝 | 연세굿데이치과,서울시,강남구,서울특별시,서초구
14684,부여 열기구 자유비행 1박2일 투어,부여군,(없음),충청남도,부여군
14685,부여 열기구 자유비행 체험,부여군,(없음),충청남도,부여군
14688,뷰티풀가야금,서울시,북촌,서울특별시,종로구
14689,포컬포인트,서울시,(없음),서울특별시,용산구
14690,리슬 홍대점 노리개 만들기,서울시,(없음),서울특별시,마포구
14691,의상대여서비스 | TRAVWEAR,서울시,(없음),서울특별시,동작구
14692,명동장어 명동본점,서울시,명동,서울특별시,중구
14694,COCORY Color 연희본점 | 체형& 메이크업& 패션 분석,서울시,홍대,서울특별시,서대문구
14695,피엔스튜디오 부산서면점,부산시,서면,부산광역시,부산진구
14696,스튜디오 모키 압구정로데오점,서울시,압구정,서울특별시,강남구
14697,아르스킨의원 | 홍대 피부미용,서울시,홍대,서울특별시,마포구
14698,단하한복 DIY STUDIO |  노리개만들기,서울시,경복궁,서울특별시,종로구
14699,경주월드 놀이동산 자유이용권,경주시,(없음),경상북도,경주시
14700,[Exclusive Access] 2025 D AWARDS 콘서트 티켓,서울시,고려대학교,서울특별시,성북구
14701,(신사업) 인스파이어 리조트 특가 이용권,인천시,(없음),인천광역시,중구
14702,이루다 스튜디오 + 예스한복,서울시,경복궁,서울특별시,종로구
14703,한순간 + 예스한복,서울시,경복궁,서울특별시,종로구
14704,한순간 +  단하한복,서울시,(없음),서울특별시,종로구
14705,한순간 + 인코리아한복,서울시,경복궁,서울특별시,종로구
14706,한순간 + 예인방,서울시,경복궁,서울특별시,종로구
14707,뷰티팰리스 +  시현하다 북촌점,서울시,(없음),서울특별시,종로구
14708,📁 [제휴팀] 일일투어 매뉴얼 📁,한국,(없음),서울특별시,강남구
14709,대전 마이웨이 원데이 프리다이빙 체험,대전시,(없음),대전광역시,중구
14710,네일그리미,서울시,인사동,서울특별시,종로구
14711,선착순 원장 상담이 가능한 필러 전문 병원 - 홍대 셀레나의원,서울시,홍대,서울특별시,마포구
14714,(신사업) 제로네이트 전문 병원 - 티유치과의원,서울시,강남구,서울특별시,서초구
14715,컬러가산다 체형분석,서울시,홍대,서울특별시,마포구
14716,[20%할인] 에덴벚꽃길 + 남이섬 + 강촌레일바이크/알파카월드 일일투어 (서울출발),춘천시,(없음),강원특별자치도,춘천시
14717,제주 향수 박물관 뮤제드파팡 원데이 클래스,서귀포시,(없음),제주특별자치도,서귀포시
14718,부천 진달래&벚꽃축제 + 광명동굴 일일투어 (서울출발),부천시,(없음),경기도,부천시
14721,"(신사업) 한국 대표 건강검진 센터, KMI_광화문 | 크리에이트립 단독 혜택 제공!",서울시,(없음),서울특별시,중구
14722,한달동안 한국어 배우기(가나다어학원 홍대),서울시,홍대,서울특별시,마포구
14723,특별 이벤트🎉컬러 & 헤드스파 전문점 | 텍스처 서울숲점,서울시,성수동,서울특별시,성동구
14725,아비쥬의원 홍대 글로벌점,서울시,홍대,서울특별시,마포구
14726,수원 광교 아쿠아플라넷 입장권 할인 티켓 [Foreigners Only],수원시,(없음),경기도,수원시 영통구
14728,엠플레이그라운드 명동밀리오레점,서울시,명동,서울특별시,중구
14731,알파카월드 왕복 셔틀버스 (서울출발),홍천군,(없음),강원특별자치도,홍천군
14732,알파카월드 입장권,홍천군,(없음),강원특별자치도,홍천군
14733,더맨얼라이브,서울시,성수동,서울특별시,성동구
14734,서울스프링페스타 WONDER SHOW 티켓,서울시,(없음),서울특별시,마포구
14742,"2026 봄 궁중문화축전, 창덕궁 <아침 궁을 깨우다> (외국인 티켓 독점판매)",서울시,창덕궁,서울특별시,종로구
14744,세이안 연남,서울시,홍대,서울특별시,마포구
14745,알파카월드 + 레일바이크 + 비발디파크 일일투어 (서울출발),홍천군,(없음),강원특별자치도,홍천군
14749,"2025 봄 궁중문화축전 <시간여행, 세종-한밤의 시간여행> (경복궁 북측권역 야간 자유관람 포함, 외국인 티켓 독점판매)",서울시,(없음),서울특별시,종로구
14752,[할인 이벤트🎁] 이경민포레 홍대점 | 홍대 메이크업,서울시,홍대,서울특별시,마포구
14753,(신사업) 티유치과 오프라인 설명회 신청 ,대만,(없음),도출불가,도출불가
14755,"2026 봄 궁중문화축전, 덕수궁 중명전 <황제의 식탁> (외국인 티켓 독점판매)",서울시,(없음),서울특별시,중구
14756,"2025 봄 궁중문화축전, 창경궁 <한복 입은 그대, 반갑습니다> (외국인 티켓 독점판매)",서울시,(없음),서울특별시,종로구
14757,벚꽃 헌팅 일일투어 (서울출발),서울시,(없음),서울특별시,중구
14758,"[크리에이트립 단독상품] 연예인 서포트 (커피차,간식차)",서울시,(없음),서울특별시,강남구
14759,북촌한옥마을 스냅촬영 | 한순간,서울시,북촌,서울특별시,종로구
14760,경복궁 폴라로이드 촬영 | 한순간,서울시,경복궁,서울특별시,종로구
14761,올리브영 K-뷰티 도슨트투어,서울시,(없음),서울특별시,중구
14765,롯데렌탈 공항 픽업 샌딩 ,서울시,(없음),서울특별시,강남구
14766,바이수 강남점 | 셀럽 픽 반영구샵,서울시,강남구,서울특별시,서초구
14767,(신사업) 리팅 성형외과,서울시,(없음),서울특별시,강남구
14770,"2026 봄 궁중문화축전 무료행사, 종묘 정전에서 이루어지는 <종묘제례악 야간공연> (외국인 티켓 독점판매)",서울시,(없음),서울특별시,종로구
14771,이태원 나이트 라이프 체험 & 프리미엄 펍 크롤,서울시,이태원,서울특별시,용산구
14772,[크트 단독 할인] 평화누리캠핑장 | 파주 캠핑,파주시,(없음),경기도,파주시
14773,티티비티 | 합정 퍼스널 헤어컨설팅,서울시,홍대,서울특별시,마포구
14774,용연피크닉,수원시,(없음),경기도,수원시 장안구
14775,남이섬 + 알파카 가든 + 레일바이크 + 아침고요수목원 + 별빛정원 당일 투어 | 서울 출발,가평군,(없음),강원특별자치도,춘천시
14778,"피와 눈물, 그리고 독립 : 한국의 식민지 시대 암흑 역사 일일투어 (서울출발)",서울시,(없음),서울특별시,서대문구
14779,여주 프리미엄 아울렛 왕복 셔틀버스 (서울출발),여주시,(없음),경기도,여주시
14780,탭샵바 합정점,서울시,합정,서울특별시,마포구
14781,탭샵바 동대문두타점,서울시,동대문구,서울특별시,중구
14783,이오브 연남본점 | 홍대 헤어살롱,서울시,연남동,서울특별시,마포구
14784,📓교통(공항픽업/샌딩) 스팟 메뉴얼,서울시,(없음),서울특별시,강남구
14785,📓식당(예약) 스팟 메뉴얼,서울시,(없음),서울특별시,강남구
14786,📓식당(쿠폰) 스팟 메뉴얼,서울시,(없음),서울특별시,강남구
14787,📓한복 스팟 메뉴얼,서울시,(없음),서울특별시,강남구
14788,📓헤어 스팟 메뉴얼,서울시,(없음),서울특별시,강남구
14789,📓피부과 스팟 메뉴얼,서울시,(없음),서울특별시,강남구
14790,📓사진관 스팟 메뉴얼,서울시,(없음),서울특별시,강남구
14791,📓콘서트 스팟 메뉴얼,서울시,(없음),서울특별시,강남구
14792,📓통신 스팟 메뉴얼,서울시,(없음),서울특별시,강남구
14794,설악산 + 남이섬 + 속초 일일투어 (서울출발),속초시,(없음),강원특별자치도,양양군
14796,남이섬 한복 대여 체험,가평군,(없음),경기도,가평군
14798,1인 세신샵 | 수련,서울시,신당동,서울특별시,중구
14799,📓메이크업 스팟 메뉴얼,서울시,(없음),서울특별시,종로구
14800,📓퍼스널컬러 스팟 메뉴얼,서울시,(없음),서울특별시,종로구
14801,📓네일 스팟 메뉴얼,서울시,(없음),서울특별시,종로구
14804,스팟 예시,서울시,(없음),서울특별시,중구
14806,남이섬 + 강촌레일바이크 + 가평베고니아새정원 일일투어 (서울출발),가평군,(없음),경기도,가평군
14808,닷노트 성수 | 성수 향수 공방,서울시,성수동,서울특별시,성동구
14809,닷노트 홍대 | 홍대 향수 공방,서울시,홍대,서울특별시,마포구
14810,헤어더뷰 퍼스트 왕십리역점,서울시,왕십리,서울특별시,성동구
14811,헤어더뷰 신촌점,서울시,신촌,서울특별시,서대문구
14812,신꼼꼼 네일스튜디오,서울시,압구정,서울특별시,강남구
14814,세이안 동교,서울시,홍대,서울특별시,마포구
14816,[크리에이트립 단독] 사일런트 디스코 코리아 | 한강 무소음 파티,서울시,(없음),서울특별시,서초구
14817,이글 필라테스,서울시,명동,서울특별시,중구
14819,동안으로 변신가능한 가성비 클리닉 - 뷰티블라썸의원,서울시,홍대,서울특별시,마포구
14823,데일리앤스파,서울시,서울대입구,서울특별시,관악구
14825,"2025 봄 궁중문화축전, <황제의 식탁> 단체 결제 전용(김별 대리 요청)",서울시,(없음),서울특별시,중구
14827,데루미나뷰티 | 중구 반영구,서울시,명동,서울특별시,중구
14828,(신사업) 리팅 성형외과 오프라인 설명회,서울시,(없음),서울특별시,강남구
14829,[셰프의 바다밥상] 이모카세와 함께 하는 제철바다한상 (영어),부산시,(없음),부산광역시,해운대구
14830,컬러버 | 퍼스널컬러,서울시,성수동,서울특별시,성동구
14831,라오크 성수 | 성수 향수 공방,서울시,성수동,서울특별시,성동구
14832,이지드랍 | 롯데글로벌로지스,서울시,(없음),서울특별시,중구
14833,캔들클래스 | 예사로이,서울시,성수동,서울특별시,성동구
14834,여의도 이랜드 선셋 디너 크루즈,서울시,여의도,서울특별시,영등포구
14835,순시키헤어 성수점 | 글로벌 고객 최다 예약 헤어살롱,서울시,성수동,서울특별시,성동구
14838,홍대 아이디의원,서울시,홍대,서울특별시,마포구
14840,비대칭 교정 I 두나한의원,서울시,성수동,서울특별시,성동구
14841,다교네일 성수점,서울시,성수동,서울특별시,성동구
14843,모어온헤어 성수점,서울시,성수동,서울특별시,성동구
14847,[셰프의 바다밥상] 이모카세와 함께 하는 제철바다한상 (대만),부산시,(없음),부산광역시,해운대구
14848,[셰프의 바다밥상] 이모카세와 함께 하는 제철바다한상 (일본어),부산시,(없음),부산광역시,해운대구
14851,제주 뮤직드라마 <불편한 편의점> 티켓,제주시,(없음),제주특별자치도,제주시
14852,비비드휴 | 퍼스널컬러&체형진단,서울시,홍대,서울특별시,마포구
14853,케이타운포유 레코딩 MV 패키지,서울시,삼성동,서울특별시,강남구
14855,케이타운포유 댄스 + 레코딩 MV 패키지,서울시,삼성동,서울특별시,강남구
14856,뽀로로앤타요 테마파크 월미도점 입장권,인천시,월미도,인천광역시,중구
14857,프로젝트흰 | 성수 헤어&메이크업,서울시,성수동,서울특별시,성동구
14860,갤럭시 울트라 대여 (홍대점),서울시,홍대,서울특별시,마포구
14861,(신사업) 티유치과의원 0원 페이지,서울시,강남구,서울특별시,서초구
14862,최가네샤브버섯칼국수 성수직영점,서울시,성수동,서울특별시,성동구
14863,서해랑 제부도 해상케이블카 + 스타필드 수원 + 광명동굴 일일투어 (서울출발) (EG Tour),서울시,(없음),경기도,화성시
14864,세종대왕릉 + 이천 도자기마을 일일투어 (서울출발) (EG Tour),이천시,(없음),경기도,이천시
14866,슈펜 홍대점,서울시,홍대,서울특별시,마포구
14869,데이린 | 홍대 메이크업,서울시,홍대,서울특별시,마포구
14871,[광주] 오디티모드 셀프 사진 촬영 | 광주동명점,광주시,(없음),광주광역시,동구
14872,청담동 미슐랭 1스타쉐프 출신과 함께하는 K-쿠킹 클래스,서울시,망원동,서울특별시,마포구
14874,"아이즈유 스튜디오 | 증명 사진, 프로필",서울시,성수동,서울특별시,성동구
14875,아이즈유 스튜디오 | 아이돌 컨셉 촬영,서울시,성수동,서울특별시,성동구
14876,코코리아 | 명동 메이크업&퍼스널컬러,서울시,명동,서울특별시,중구
14877,아이디헤어 브라이튼 여의도점 | 여의도 헤어샵,서울시,여의도,서울특별시,영등포구
14878,아이디헤어 서울숲점 | 성수 헤어샵,서울시,성수동,서울특별시,성동구
14879,아이즈유 스튜디오 | 스냅사진,서울시,성수동,서울특별시,성동구
14880,레코디드 셀프 프로필사진 촬영권 | 광주점,광주시,(없음),광주광역시,동구
14881,홍대 퍼스널컬러 | 비유 퍼스널컬러,서울시,홍대,서울특별시,마포구
14883,아이즈유 스튜디오 | 바디프로필,서울시,성수동,서울특별시,성동구
14885,기사포함 투어 | 위드렌트카,고양시,(없음),경기도,고양시 덕양구
14886,(신사업) 25.05 밝은눈안과 싱가포르 설명회 신청,한국,(없음),도출불가,도출불가
14887,(신사업) 모모성형외과 싱가포르 설명회 신청,한국,(없음),도출불가,도출불가
14888,린온헤어 | 성수 헤어샵,서울시,성수동,서울특별시,성동구
14889,제주 가파도 일일투어 (제주 출발),제주시,(없음),제주특별자치도,서귀포시
14892,"마고뷰티 | 신림 미백,튼살케어",서울시,신림,서울특별시,관악구
14893,"충주 액티비티 일일투어 (서울출발) | 유람선, 케이블카 & 동굴 카약 어드벤처",충주시,(없음),충청북도,제천시
14894,뮤지컬 <프리다> (자막서비스 포함),서울시,대학로(혜화),서울특별시,종로구
14895,강남 무제한 드링크 프리미엄 펍 크롤,서울시,압구정,서울특별시,강남구
14896,서울달 탑승권 - 서울의 하늘을 즐기는 새로운 방식!,서울시,여의도,서울특별시,영등포구
14898,고스트투어 워킹투어,서울시,동대문구,서울특별시,중구
14900,경복궁 & 인사동 푸드투어,서울시,경복궁,서울특별시,종로구
14903,유니유 성수 | 반지 공방,서울시,성수동,서울특별시,성동구
14904,명동 뷰티 패키지 | 피부미용/헤드스파/퍼스널컬러,서울시,(없음),서울특별시,강남구
14906,더 디얼스 롯데백화점 건대스타시티점,서울시,건대,서울특별시,광진구
14909,"시안사진관 부산 | 증명,프로필 전문 사진관",부산시,전포,부산광역시,부산진구
14910,아나나사진관 성수스튜디오,서울시,성수동,서울특별시,성동구
14911,시안사진관 대구점 (삭제예정),대구시,동성로,대구광역시,중구
14917,풍천장어(연남동) 예약 대행 서비스,서울시,홍대,서울특별시,마포구
14918,K-POP&FOOD TOUR in 신촌 일일투어,서울시,신촌,서울특별시,서대문구
14920,(신사업) 아이리움안과 오프라인 설명회 신청 ,타이페이,(없음),도출불가,도출불가
14921,케이유니버스,서울시,홍대,서울특별시,마포구
14923,명동 뷰티 패키지 | 아비쥬의원 명동점,서울시,명동,서울특별시,중구
14924,명동 뷰티 패키지 | 준오헤어 명동스트리트점,서울시,명동,서울특별시,중구
14925,명동 뷰티 패키지 | 더봄(The Bom) 퍼스널컬러,서울시,명동,서울특별시,중구
14926,더리추얼룸 슈가링왁싱&속눈썹 펌 홍대점,서울시,홍대,서울특별시,마포구
14930,"시안사진관 대구 | 증명,프로필 전문 사진관",대구시,동성로,대구광역시,중구
14931,2025 MYK Plus 경주 & 여수 K-POP 콘서트 투어 (부산출발),경주시,(없음),부산광역시,수영구
14932,2025 MYK Plus 경주 K-POP 콘서트 투어 by KTX (서울출발),경주시,(없음),경상북도,경주시
14933,남이섬 + 엘리시안 BBQ 일일투어 (서울출발),가평군,(없음),경기도,가평군
14934,남이섬 + 가평베고니아새정원 일일투어 (서울출발),가평군,(없음),경기도,가평군
14935,"피와 눈물, 그리고 저항 : 한국의 어두운 민주화 역사 일일투어 (서울출발)",서울시,(없음),서울특별시,종로구
14937,(📑신사업-메뉴얼)메디컬 입점 스팟_수정 금지,서울시,(없음),서울특별시,서초구
14938,이미헤어&메이크업 | 홍대 메이크업,서울시,홍대,서울특별시,마포구
14939,2025 MyK FESTA 서울 K-POP 콘서트 티켓,서울시,(없음),서울특별시,송파구
14940,"부산 하이라이트 일일투어(부산출발) | 감천문화마을, 해운대 스카이캡슐 & 청사포, 해동용궁사, 요트투어",부산시,(없음),부산광역시,수영구
14941,[단독 40% 할인] 고양종합운동장 콘서트 왕복 셔틀 (서울출발) + 짐 보관 서비스,고양시,(없음),경기도,고양시 일산서구
14943,애기봉 DMZ + 출렁다리 + 은평한옥마을 일일투어 (서울출발),서울시,(없음),경기도,김포시
14944,[단독 50% 할인] 인천문학경기장 콘서트 왕복 셔틀 (서울출발) + 짐 보관 서비스,인천시,(없음),인천광역시,미추홀구
14945,BLACKPINK 월드투어 콘서트 셔틀버스 (서울 ↔ 고양종합운동장 주경기장),고양시,(없음),도출불가,도출불가
14948,(📑신사업-메뉴얼) 오프라인 설명회 신청_양식,대만,(없음),도출불가,도출불가
14949,(삭제) 선셋 해운대 스카이캡슐 & 부산 야경 일일투어 (부산출발),부산시,(없음),도출불가,도출불가
14950,2025 인천 맥강파티(인천 치맥 페스티벌) 패키지,인천시,(없음),인천광역시,중구
14951,[이벤트 당첨자 전용] 2025 부산원아시아페스티벌 BOF 콘서트,부산시,(없음),도출불가,도출불가
14952,이철헤어커커 명동2호점,서울시,명동,서울특별시,중구
14953,[슈퍼패스] Seoul DDP Dongdaemun SUPER PASS (DDP+Doota Mall+Hyundai Outlets Dongdaemun),서울시,(없음),서울특별시,중구
14954,울릉도 마을 2박3일 투어 (서울출발),울릉군,(없음),도출불가,도출불가
14955,"플레르쟈뎅 명동점 | 피부관리,네일,풋스파",서울시,명동,서울특별시,중구
14956,춘천중도물레길 카누 체험 티켓 – 서울 근교 섬 호수 힐링 투어,춘천시,(없음),도출불가,도출불가
14957,마레룸 | 홍대 헤어&메이크업,서울시,홍대,서울특별시,마포구
14958,태초갈비 명동점,서울시,명동,서울특별시,중구
14959,★LIMITED TIME DEAL★ 제 34회 서울가요대상 FLOOR 스탠딩석 + 셔틀 패키지,인천시,(없음),도출불가,도출불가
14960,FC 바르셀로나 vs 대구 FC 친선경기 티켓 + 1박 숙박 패키지,대구시,(없음),대구광역시,수성구
14961,명동머드,서울시,명동,서울특별시,중구
14963,2025 영동 엑스포 일일투어 (서울출발) | 월류봉 + 와인터널,영동군,(없음),충청북도,영동군
14964,춘천 애견 동반 일일투어 (서울출발),춘천시,(없음),도출불가,도출불가
14966,알파카월드 & 베고니아새정원 + 서울스카이 & 롯데월드 어드벤쳐 프라이빗 일일투어 (서울출발),서울시,잠실,서울특별시,송파구
14967,(사용X) 베고니아새정원 + 서울스카이 & 롯데월드 어드벤쳐 일일투어 (서울출발),가평군,(없음),경기도,가평군
14968,오아시아 아로마마사지,서울시,명동,서울특별시,중구
14969,피엔스튜디오 홍대점,서울시,홍대,서울특별시,마포구
14974,[어학당] 집 찾기 관련 예약,서울시,(없음),도출불가,도출불가
14980,대구 하이마트 고전음악 감상,대구시,동성로,대구광역시,중구
14981,리슬 인사점 | 나만의 전통 굿즈 만들기 (노리개 키링 | 댕기 네임택),서울시,인사동,서울특별시,종로구
14982,[단독 50% 할인] 인스파이어 아레나 콘서트 왕복 셔틀 (서울출발) + 짐 보관 서비스 | CxM LIVE PARTY,인천시,(없음),인천광역시,중구
14986,(어학당) 초단기유학 1박 2일,서울시,(없음),도출불가,도출불가
14987,에코쟈뎅 비에스 124 | K-프리미엄 헤드스파 & 맞춤 디자인 전문 헤어살롱,서울시,송파구,경기도,성남시 수정구
14988,이가자헤어 신촌이마트점,서울시,신촌,서울특별시,마포구
14990,사이시옷 | 경주 야외 방탈출,경주시,(없음),도출불가,도출불가
14993,2025 首爾漢江夜行旅行 14K,서울시,여의도,서울특별시,영등포구
14995,[크리에이트립 단독] 아닐로,서울시,성수동,서울특별시,성동구
14996,종로 맛집 | 종로도담,서울시,(없음),서울특별시,종로구
14997,인사동 맛집 | 인사도담,서울시,인사동,서울특별시,종로구
14999,혜화맛집 | 혜화도담,서울시,대학로(혜화),서울특별시,종로구
15000,시청 맛집 | 숭례도담,서울시,시청,서울특별시,중구
15001,홍대의 항산화 & 뷰티 수액 - 포레나의원 홍대점,서울시,홍대,서울특별시,마포구
15003,킹뷰티 | 부산 반영구&속눈썹펌,부산시,서면,부산광역시,부산진구
15004,밀양 체험 일일투어 (부산출발) | 표충사 + 아리랑시장 + 영남루 + 사과막걸리 체험 ,밀양시,(없음),도출불가,도출불가
15006,정샘물 인스피레이션 웨스트점,서울시,압구정,서울특별시,강남구
15009,명동 퍼스널컬러 | 컬러라이즈 명동 본점,서울시,명동,서울특별시,중구
15011,에픽로그협동조합 | 모바일 투어 게임,서울시,(없음),도출불가,도출불가
15016,메가팩토리약국,서울시,(없음),경기도,성남시 수정구
15017,더맨얼라이브 제주,제주시,(없음),제주특별자치도,제주시
15018,부산 맛집 | 한다솥 남포점,부산시,남포동,부산광역시,중구
15020,트리옹프닥터의원 | 1:1 의사상담 (피부 및 IV수액 전문) ,서울시,명동,도출불가,도출불가
15022,트리옹프 에스테틱,서울시,명동,서울특별시,중구
15023,명동 세신샵 | 1인세신샵 온아,서울시,명동,서울특별시,중구
15024,[크리에이트립 단독] 리앤블스튜디오 | 한강뷰 파티 셀프 스튜디오,서울시,여의도,서울특별시,영등포구
15025,베이의원 | IV 수액,서울시,압구정,서울특별시,강남구
15026,삼청동 소품샵 | 와유재,서울시,삼청동,서울특별시,종로구
15027,7 ROCK PRIME 2025 록 페스티벌 티켓,서울시,잠실,서울특별시,송파구
15028,"K-POP 포토카드 샵 POCA SPOT 명동점 | 미스터리 팩 & 최대 10,000원 할인",서울시,명동,서울특별시,중구
15029,"2025 보령 머드 축제 K-POP 콘서트 일일투어 (서울출발) | 엠카운트다운, KBS Super Live",보령시,(없음),도출불가,도출불가
15030,원 유니버스 페스티벌 2025 in 서울 티켓,과천시,(없음),경기도,과천시
15031,리앤블스튜디오 | 프로포즈 스튜디오,서울시,여의도,서울특별시,영등포구
15033,서울 경복궁 + 북촌 + 낙산 + 광장시장 일일투어,서울시,(없음),도출불가,도출불가
15034,한식 쿠킹 클래스 | 아이러브한식,부산시,(없음),부산광역시,남구
15036,클리오닉이비인후과의원,서울시,을지로,서울특별시,중구
15037,메이크업 | 마이디메이크업,서울시,압구정,서울특별시,강남구
15038,패션 바디 컨설팅 | 마이쇼퍼 압구정점,서울시,압구정,서울특별시,강남구
15039,서울 야경 일일투어 (서울출발) | 한강 크루즈 & 광장시장 & 용양봉저정공원,서울시,(없음),서울특별시,종로구
15040,경주 일일투어 (대구출발 / 부산하차 포함) | 불국사 & 교촌마을 & 대릉원 & 동궁과 월지,경주시,(없음),도출불가,도출불가
15041,서울 야경 일일투어 (서울출발) | 창경궁 & 광장시장 & 낙산공원,서울시,(없음),도출불가,도출불가
15043,미디어아트 전시 | 빛의 벙커,제주시,서귀포시,서울특별시,광진구
15046,헤이데이의원 명동점 | 명동 프리미엄 피부과,서울시,명동,서울특별시,중구
15047,에버랜드 X 롯데월드 더블 테마파크 2일 투어 (서울출발) _ 삭제예정,서울시,(없음),도출불가,도출불가
15049,남이섬 + 롯데월드/서울스카이/롯데아쿠아리움 2일 투어 | 서울출발,서울시,(없음),강원특별자치도,춘천시
15050,젠지 GEN.G GGX | Gaming space&store,서울시,을지로,서울특별시,중구
15052,사용하지 않은 스팟 (온라인 상담회),타이페이,(없음),도출불가,도출불가
15053,홍대 메이크업 | 미유,서울시,홍대,서울특별시,마포구
15054,K-드라마 스타일 로맨틱 프로포즈 세팅,서울시,(없음),도출불가,도출불가
15055,📍위닛 더 압구정,서울시,압구정,서울특별시,강남구
15057,다미의원 여의도점 | 쁘띠,서울시,여의도,서울특별시,영등포구
15058,가을 스페셜 : 담양 죽녹원 대나무숲 + 메타세쿼이아길 일일투어 (부산출발),담양군,(없음),도출불가,도출불가
15059,다미의원 여의도점 | IV 수액,서울시,여의도,서울특별시,영등포구
15060,다교 청담본점,서울시,압구정,서울특별시,강남구
15063,Seventeen 콘서트 셔틀 (서울 ↔ 인천아시아드 주경기장),인천시,(없음),도출불가,도출불가
15065,"[오픈 이벤트🎉] 더헤메스 | K-POP 아이돌, 배우 담당 샵",서울시,압구정,서울특별시,강남구
15067,핑크뮬리 축제 : 나리공원 + 남이섬 + 강촌레일바이크 일일투어 (서울출발),가평군,(없음),도출불가,도출불가
15070,이철헤어커커 명동1호점,서울시,명동,서울특별시,중구
15074,퍼스널컬러 컬러가산다 스타일업,서울시,홍대,서울특별시,마포구
15075,아비쥬의원 11월 오프라인 설명회 신청,대만,(없음),도출불가,도출불가
15077,뚜뚜의원 (신사업 수정 필요),서울시,(없음),서울특별시,강남구
15078,명동 휴베이스하이약국 (1차 입점),서울시,명동,서울특별시,중구
15079,홍대 레디영약국 (1차 입점) ,서울시,홍대,서울특별시,마포구
15080,신사 리본약국 (1차 입점),서울시,신사동,서울특별시,강남구
15081,압구정 샤인약국 (1차 입점),서울시,압구정,서울특별시,강남구
15087,[얼리버드 특가🎉] 소노 비발디파크 야간 스키 티켓 + 프라이빗 레슨,홍천군,(없음),강원특별자치도,홍천군
15088,서울 스냅 | 만떼스냅,서울시,(없음),도출불가,도출불가
15089,키즈 스냅 | 만떼스냅,서울시,(없음),도출불가,도출불가
15090,강원도 강릉 오죽헌 한옥마을,강릉시,(없음),강원특별자치도,강릉시
15091,강릉 여름 한정 워터 액티비티 한옥체험 1박2일 투어 (서울출발),강릉시,(없음),강원특별자치도,강릉시
15092,강원도 사계절 시즌 한옥체험 1박2일 투어 (서울출발),강릉시,(없음),도출불가,도출불가
15093,강릉 가을 한정 단풍 한옥체험 1박2일 투어 (서울출발),강릉시,(없음),도출불가,도출불가
15094,강릉 겨울 한정 스키 한옥체험 1박2일 투어 (서울출발),강릉시,(없음),도출불가,도출불가
15095,"2025 가을 궁중문화축전 무료행사, 경복궁 한복연향 (외국인 티켓 독점판매)",서울시,(없음),서울특별시,종로구
15097,한국 야구/농구 경기 관람 + K-Food 로컬 체험,서울시,잠실,서울특별시,송파구
15098,공항버스 6100 리무진버스 편도 티켓 (인천공항T1 출발),인천시,인천공항,도출불가,도출불가
15101,공항버스 6100 리무진버스 편도 티켓 (인천공항T2 출발),인천시,인천공항,도출불가,도출불가
15103,샌드박스 | 게임처럼 떠나는 부산 (부산출발),부산시,(없음),도출불가,도출불가
15105,연예인 기념일 서포트 옥외광고 ,서울시,(없음),도출불가,도출불가
15106,홍대 홍익약국 (1차 입점) ,서울시,홍대,서울특별시,마포구
15107,플로티즈 | 홍대 반영구,서울시,홍대,서울특별시,마포구
15108,[단독 50% 할인] NCT WISH 콘서트 왕복 셔틀 + 차량 짐 보관 서비스,인천시,(없음),인천광역시,서구
15109,DOYOUNG 콘서트 셔틀버스 (서울 ↔ 인스파이어 아레나),인천시,(없음),도출불가,도출불가
15110,아티크레 부산서면점,부산시,서면,부산광역시,부산진구
15111,로위 신촌점 | 프라이빗 헤어샵,서울시,신촌,서울특별시,서대문구
15112,리진의원 피부과,서울시,명동,서울특별시,중구
15114,리진의원 | IV수액,서울시,명동,서울특별시,중구
15116,성수 맛집 | 일상담미 성수점,서울시,성수동,서울특별시,성동구
15117,마이쇼퍼 압구정 + 예스한복,서울시,(없음),도출불가,도출불가
15118,더봄 퍼스널컬러 + 해와달한복,서울시,(없음),도출불가,도출불가
15119,홍대 헤이오브제 + 이미헤어&메이크업,서울시,(없음),서울특별시,마포구
15120,리슬 인사점 + 예스한복,서울시,(없음),도출불가,도출불가
15121,단하한복 DIY STUDIO | 노리개만들기 + 해와달한복,서울시,(없음),도출불가,도출불가
15122,한강 고급 요트 탑승 체험 (골든블루마리나) + N서울타워 전망대 입장권,서울시,(없음),서울특별시,서초구
15123,프로젝트흰 +  레코디드 셀프 프로필사진 촬영권,서울시,(없음),도출불가,도출불가
15124,호수도산 건대성수점 | K-POP 헤어 + 퍼스널컬러 CCL컬러이미지융합연구소,서울시,(없음),도출불가,도출불가
15125,PROJECT HIN +레코디드 셀프 프로필사진 촬영권 | 건대점,서울시,(없음),서울특별시,마포구
15126,이경민포레 홍대점 +  레코디드 셀프 프로필사진 촬영권 | 홍대점,서울시,(없음),서울특별시,마포구
15127,라오크 성수 + 유유히 성수,서울시,(없음),서울특별시,마포구
15128,"인천공항에서 서울까지 셔틀버스를 이용한 롯데월드, 서울스카이, 1883 인천 글로벌 스탬프투어",인천시,(없음),인천광역시,중구
15129,연예인이 찾는 특수 필러&스킨부스터 맛집 – 소이의원,서울시,강남구,서울특별시,서초구
15130,THE SEOL:HA더설하 한옥 | 홍대 오가닉 비건 헤드스파 & 한국식 프라이빗 바디 스크럽 ,서울시,홍대,서울특별시,마포구
15133,"4대궁(경복궁, 덕수궁, 창덕궁, 창경궁) 도슨트 가이드 투어",서울시,(없음),도출불가,도출불가
15134,(신사업)비앤빛안과 대만 온라인 설명회,타이페이,(없음),도출불가,도출불가
15137,휘닉스파크 1박2일 / 2박3일 / 3박4일 강습 패키지,평창군,(없음),강원특별자치도,평창군
15138,헤솔 두피클리닉스 롯데부산광복점 | 부산 최대 규모 헤드스파&두피클리닉,부산시,(없음),부산광역시,중구
15140,세븐틴 [단독 40% 할인] 인천아시아드 주경기장 콘서트 왕복 셔틀 (서울출발) + 짐 보관 서비스,인천시,(없음),인천광역시,서구
15141,[단독 50% 할인] DOYOUNG 왕복 셔틀 + 차량 짐 보관 서비스,인천시,(없음),인천광역시,중구
15142,반지공방 아뜰리에호수부산(광안리점),부산시,(없음),부산광역시,수영구
15143,반지공방 아뜰리에호수부산(부산서면점),부산시,(없음),부산광역시,부산진구
15144,홍대바디앤피부 | 피부관리&에스테틱,서울시,홍대,서울특별시,마포구
15146,UAHAGE K-Beauty Skincare Class,서울시,성수동,서울특별시,성동구
15147,MINE.D 마인디 잠실점,서울시,잠실,서울특별시,송파구
15152,남이섬 + 워커힐 가을 단풍길 + 빛의 시어터 일일투어 (서울출발),가평군,(없음),경기도,가평군
15155,체중관리 I 명동시원한의원,서울시,명동,서울특별시,중구
15156,압구정 맛집 | 숙성회사랑,서울시,압구정,서울특별시,강남구
15158,"옵틱 라이프 | 홍대 - 도수렌즈·테(안경테) 무료 피팅, 렌즈·테 30% 할인",서울시,홍대,서울특별시,마포구
15160,케데헌 자개 키링 | 야니얀 ,서울시,압구정,도출불가,도출불가
15161,가평 어비얼음계곡 + 딸기 체험 + 엘리시안 강촌 스키 일일투어 (서울출발),가평군,(없음),경기도,가평군
15167,이랜드 여의도 한강 애슐리 뷔페+크루즈 패키지,서울시,여의도,서울특별시,영등포구
15168,AM:TON | 에이엠톤 연남점,서울시,홍대,서울특별시,마포구
15169,웨어하우스 성수점,서울시,성수동,서울특별시,성동구
15170,카시아타이 홍대본점,서울시,홍대,서울특별시,마포구
15172,약국 템플릿_완성본,서울시,홍대,도출불가,도출불가
15173,수원 K-드라마 사진 촬영 일일투어 (서울출발),수원시,(없음),경기도,수원시 팔달구
15174,맛과 기술을 찾아서 - 구미과학열차 일일투어 or 1박2일 투어 (서울출발) | 농심 + 삼성전자 + 교촌1호점,구미시,(없음),경상북도,구미시
15177,서울 → 용평리조트 스키장 교통편,평창군,(없음),강원특별자치도,평창군
15178,하이원리조트,정선군,(없음),강원특별자치도,정선군
15182,명동 레디영약국 (2차 입점),서울시,명동,서울특별시,중구
15183,머체사진관 | 키즈 가족 커플,서울시,성동구,도출불가,도출불가
15184,COCORY Color 강남점 | 퍼스널컬러& 체형& 패션 분석,서울시,강남구,도출불가,도출불가
15185,디자인성형외과 | 부산 피부과,부산시,서면,부산광역시,부산진구
15186,COCORY Color 명동점 | 퍼스널컬러& 체형& 패션 분석,서울시,명동,서울특별시,중구
15187,센트위키 | 향수 공방,서울시,합정,서울특별시,마포구
15191,"부산 로컬 일일투어 | 해동용궁사, 집라인 체험, 부산대교 드라이브 & 점심 식사 포함",부산시,(없음),부산광역시,기장군
15192,척추교정 I 본라인한의원 을지로,서울시,을지로,서울특별시,종로구
15193,"아이폰 대여 (홍대점, 올림픽공원점)",서울시,(없음),도출불가,도출불가
15194,하프의원,서울시,(없음),서울특별시,강남구
15197,데이뷰의원 명동 1호점 | 마스크팩 10매 무료증정,서울시,명동,서울특별시,중구
15198,"옵틱 라이프 | 성수 - 도수렌즈·테(안경테) 무료 피팅, 렌즈·테 30% 할인",서울시,성수동,서울특별시,성동구
15199,한국살기 | 위코스테이 명동,서울시,명동,서울특별시,중구
15200,쉬즈성형외과 | 부산 피부과,부산시,남포동,부산광역시,중구
15202,한국살기 | 위코스테이 남산,서울시,남산,서울특별시,중구
15203,한국살기 | 위코스테이 충무로,서울시,충무로,서울특별시,중구
15204,한국살기 | 위코스테이 인사동,서울시,인사동,서울특별시,종로구
15205,2025 인천공항 스카이 페스티벌 SKF 콘서트 티켓 + 왕복 셔틀버스,인천시,(없음),인천광역시,중구
15206,한국살기 | 위코스테이 강남,서울시,강남구,서울특별시,서초구
15208,크레이지서퍼스,부산시,(없음),부산광역시,수영구
15209,막걸리 양조장 | 양평맑은술도가,양평군,(없음),경기도,양평군
15210,인천공항-서울 시내 짐 배송 서비스 T-Delivery,서울시,(없음),인천광역시,중구
15211,새론의원 | 부산 피부과,부산시,(없음),부산광역시,연제구
15215,이철헤어커커 행당점 | 왕십리 헤어살롱,서울시,왕십리,서울특별시,성동구
15218,아이약국 | 강남(2차입점),서울시,강남구,도출불가,도출불가
15219,별빛약국 | 홍대 (2차입점),서울시,홍대,도출불가,도출불가
15221,한국 1등 치아미백 전문치과 - 레브치과,서울시,신사동,서울특별시,강남구
15222,명동 K-POP 소품샵 | OREN,서울시,명동,서울특별시,중구
15223,(신사업) 26.02 밝은눈안과 온라인 설명회 신청_영미권,서울시,강남구,도출불가,도출불가
15225,인천 파라다이스시티 클럽 크로마 입장권 + 왕복 셔틀버스 (서울출발),인천시,영종도,인천광역시,중구
15226,서울 을지로 레터링 쥬얼리랩 한글 도장 만들기,서울시,을지로,서울특별시,중구
15227,부산 올드 타운 & 선셋 스카이캡슐 & 스트리트 푸드 일일투어 (부산출발),부산시,(없음),부산광역시,해운대구
15228,(사용X)COCORY Color 연희본점 | 퍼스널컬러 분석,서울시,(없음),서울특별시,중구
15230,위닛 서면롯데점,부산시,해운대구,부산광역시,부산진구
15231,서울 여의도 한강에서 즐기는 진짜 한강 라면 피크닉,서울시,여의도,서울특별시,영등포구
15233,"강남 퍼스널컬러, 메이크업 컨설팅 | 채하 뷰티위드 퍼스널컬러 강남점",서울시,강남구,서울특별시,서초구
15235,[단독 50% 할인] EXO’verse 팬미팅 왕복 셔틀 (서울 ↔ 인스파이어 아레나),인천시,(없음),도출불가,도출불가
15236,컬러 오브 부산 : 스카이캡슐 + 스트리트 푸드 + 야경 일일투어 (부산출발),부산시,(없음),부산광역시,해운대구
15237,명동 맛집 | 수라게장,서울시,명동,서울특별시,중구
15238,나나로그 홍대 플래그십,서울시,홍대,서울특별시,마포구
15239,명동 세신샵 | 1인세신샵 온아 2호점,서울시,명동,서울특별시,중구
15242,[크리에이트립 단독 체험가] 프레쉬 홍닥터의원 | 눈밑지방재배치,서울시,신사동,서울특별시,강남구
15243,한국어 전문 통역사 서비스,서울시,(없음),서울특별시,강남구
15244,한국 전통 장신구 만들기 | 술술,서울시,성수동,서울특별시,성동구
15248,슬림엠 본점(Con2our by JH SlimM) | K-pop 아이돌 윤곽 리프팅+림프테라피,서울시,(없음),서울특별시,서초구
15249,[단독 50% 할인] 고양 일산 킨텍스 콘서트 왕복 셔틀 (서울출발) + 짐 보관 서비스,고양시,(없음),경기도,고양시 일산서구
15253,테이아의원 강남점 : 자체 개발 AI 진단,서울시,강남구,서울특별시,서초구
15255,K-뷰티와 웰니스의 만남 - K뷰티 체험 3일 투어 (서울출발) | 아모레퍼시픽 + 한방체험 + 인삼박물관 + 찜질방,서울시,(없음),서울특별시,용산구
15256,글로벌 첨단 기술 산업 관광 2일 투어 (서울출발) | 삼성이노베이션 + 아모레퍼시픽 + 현대 모터스튜디오 ,당진시,(없음),경기도,광명시
15258,안성 아쿠아필드 찜질스파 & 루프탑풀 할인 이용권,안성시,(없음),경기도,안성시
15259,헤어살롱함 스타필드 수원점,수원시,(없음),경기도,수원시 장안구
15260,원주 삼양라면 불닭볶음면 공장 + 정관장 인삼 공장 일일투어 (서울출발),원주시,(없음),강원특별자치도,원주시
15265,서울 <알폰스 무하: 빛과 꿈> 전시 입장권,서울시,(없음),서울특별시,영등포구
15266,hae&dal makeup studio,서울시,경복궁,도출불가,도출불가
15267,파주 DMZ 프라이빗 투어 | 제3땅굴 + 도라전망대 + 캠프 그리브스 (서울출발),파주시,(없음),경기도,파주시
15269,✨Creatrip 단독✨ 옵틱 라이프 | 홍대 테스트용,서울시,홍대,도출불가,도출불가
15271,유전자체질검사 I 창덕궁한의원,성남시,(없음),경기도,성남시 분당구
15274,데이뷰의원 명동 2호점 | 마스크팩 10매 무료증정,서울시,명동,서울특별시,중구
15280,"버스랩핑, 지하철역사 광고 |  연예인 서포트 옥외광고",서울시,(없음),서울특별시,마포구
15282,[🎉포인트 제공 이벤트] 지산 리조트 스키 일일투어 (서울출발),광주(경기),(없음),경기도,이천시
15285,한국 전통 문화 부산 체험 일일투어 (부산출발),부산시,(없음),부산광역시,남구
15286,소노 비발디파크 스키&스노보드 + 남이섬 일일투어 (서울출발),춘천시,(없음),강원특별자치도,춘천시
15287,아비쥬의원 명동 글로벌점 (미결제분/환불 전용),서울시,(없음),도출불가,도출불가
15288,성수 소품샵 | 제리백 에스플래닛,서울시,성수동,서울특별시,성동구
15289,명동 맛집 | 빤닭빤닭 닭갈비,서울시,명동,서울특별시,중구
15290,포컬포인트 스타필드 수원점 | 프리미엄 수제 파이 맛집,수원시,(없음),경기도,수원시 장안구
15291,대구 유니유센트 향수 만들기 체험,대구시,(없음),대구광역시,중구
15293,제주 테마파크｜9.81파크,제주시,(없음),제주특별자치도,제주시
15295,사주 기반 한글 이름 작명& 도장 제작 | 청연재 ,서울시,시청,서울특별시,중구
15300,잠실 반영구 | 숨뷰티/숨아미,서울시,잠실,서울특별시,송파구
15301,[혜택 제공🎉] 강원도 웰리힐리(WELLI HILLI) 스키장 일일투어 (서울출발),횡성군,(없음),강원특별자치도,횡성군
15302,서울대 출신 전문의 - 블랑쉬치과,서울시,강남구,서울특별시,서초구
15304,[혜택 제공 🎉] 스노위랜드 + 베고니아새정원 / 신비동물원 / 알파카월드 일일투어 (서울출발),홍천군,(없음),강원특별자치도,홍천군
15305,[혜택 제공 🎉] 한국 농촌 요리 체험 일일투어 (서울출발),김포시,(없음),경기도,김포시
15307,사주 기반 한글 이름 작명 온라인 | 청연재 ,서울시,시청,도출불가,도출불가
15309,남포대동약국 | 부산(4차입점),부산시,부산진구,도출불가,도출불가
15310,알파카월드 + 남이섬 + 근교 프라이빗 투어 (서울출발),홍천군,(없음),강원특별자치도,홍천군
15311,[혜택 제공🎉] 서울 교촌치킨 체험 하프/일일투어 (서울출발),서울시,(없음),경기도,성남시 수정구
15313,레고랜드 + 한국 핵심 여행지 일일투어 (서울출발),홍천군,(없음),강원특별자치도,홍천군
15314,📍퍼스 (FUSS) 성수 | 시술별 전문 디자이너 시스템 헤어살롱,서울시,성수동,서울특별시,성동구
15315,고운세상김양제장봉석피부과의원 | 부산 피부과전문의,부산시,서면,부산광역시,부산진구
15316,알파카월드 + 남이섬 + 레일바이크 + 쁘띠프랑스 + 베고니아새정원 일일투어 (서울출발),홍천군,(없음),강원특별자치도,홍천군
15320,hae&dal makeup studio + 인코리아한복,서울시,(없음),서울특별시,종로구
15321,hae&dal makeup studio + 아리한복,서울시,(없음),서울특별시,종로구
15322,hae&dal makeup studio + 오늘하루한복,서울시,경복궁,서울특별시,종로구
15323,모어온헤어 합정점,서울시,(없음),서울특별시,마포구
15325,(신사업) 26.01 대만 밝은눈안과 온라인 상담회,타이페이,(없음),도출불가,도출불가
15330,[어학당] 한글파크아카데미 | 기타 결제,서울시,강남구,도출불가,도출불가
15331,크트 티타임 Buddy 모집! ,서울시,(없음),서울특별시,강남구
15333,기원 위스키 증류소 | 한국 최초의 싱글몰트 증류소 ,남양주시,(없음),경기도,남양주시
15334,스냅슛 응원봉 | 아이돌 응원봉 대여 ,서울시,홍대,서울특별시,마포구
15336,ARMY 서포트 펀딩,서울시,(없음),도출불가,도출불가
15337,닥터쁘띠의원 명동점 | 크트 단독 혜택 증정,서울시,명동,서울특별시,중구
15338,휩드 성수 | 클래스&모델 체험하기 ,서울시,성수동,서울특별시,성동구
15339,"(신사업) 한국 대표 건강검진 센터, KMI_여의도 | 크리에이트립 단독 혜택 제공!",서울시,여의도,서울특별시,영등포구
15340,"(신사업) 한국 대표 건강검진 센터, KMI_부산 | 크리에이트립 단독 혜택 제공!",부산시,부산진구,부산광역시,동구
15341,"(신사업) 한국 대표 건강검진 센터, KMI_제주도 | 크리에이트립 단독 혜택 제공!",제주시,서귀포시,제주특별자치도,서귀포시
15347,한국살기 | 아늑호텔 앤 스파 성수 건대점 ,서울시,광진구,도출불가,도출불가
15348,(신사업) 영미권 밝은눈안과 상시상담 온라인 ,서울시,강남구,도출불가,도출불가
15349,경주 벚꽃 마라톤🌸｜벚꽃 터널 러닝 페스티벌,경주시,(없음),경상북도,경주시
15353,"KTX 부산 프라이빗 일일투어 (서울출발) | 송도, 블루라인해변열차",부산시,(없음),부산광역시,해운대구
15354,(현장결제용) 휩드 WHIPPED |  클래스&모델 체험하기 ,서울시,성수동,도출불가,도출불가
15357,오테나의원 | 프라이버시가 보장된 가성비 클리닉,서울시,명동,서울특별시,중구
15358,옵티마웰니스뮤지엄약국(종각점)(5차입점),서울시,(없음),서울특별시,종로구
15362,리베리의원 명동점 | 필러와 콜라겐으로 경험하는 안티에이징,서울시,명동,서울특별시,중구
15364,명동타운레디영약국(5차입점),서울시,명동,서울특별시,중구
15373,(신사업) 강남조은눈안과 대만 3월 온라인 설명회,타이페이,(없음),도출불가,도출불가
15376,데이뷰의원 부산서면점,부산시,서면,부산광역시,부산진구
15378,제주 유네스코 동쪽 스몰 그룹 투어,제주시,(없음),제주특별자치도,서귀포시
15379,제주 유네스코 남서쪽 스몰 그룹 투어,제주시,(없음),제주특별자치도,서귀포시
15380,(신사업) 아이엠씨강남의원 (IMC)  건강검진,서울시,신사동,서울특별시,강남구
15381,더데이즈헤어 그로브점 홍대 | 외국인 맞춤 디자인 컬러&펌 헤어샵,서울시,(없음),서울특별시,마포구
15382,(신사업) 대만 밝은눈안과 상시상담 온라인,타이페이,(없음),도출불가,도출불가
15384,제주 크루즈 프라이빗 맞춤 투어 | 항구 픽업부터 단독 맞춤 코스,제주시,(없음),제주특별자치도,제주시
15385,제주 프라이빗 맞춤 투어 | 제주를 가장 나답게 여행하는 방법,제주시,(없음),제주특별자치도,제주시
15386,인천x경기 봄 벚꽃 핫스팟 일일투어(서울출발),인천시,(없음),인천광역시,중구
15388,BTS 컴백 기념 연예인 커피차 광화문,서울시,(없음),도출불가,도출불가
15390,(신사업) 광동병원 건강검진,서울시,삼성동,서울특별시,강남구
15391,단독 오픈 이벤트 혜택🎉서래셀의원 | 줄기세포의 정석,서울시,강남구,서울특별시,서초구
15395,나예한복 경복궁 | 깨끗하게 잘 관리된 예쁜 경복궁 한복대여샵,서울시,(없음),서울특별시,종로구
15397,제이린의원 서면점 | 부산 가성비 대형 클리닉,부산시,서면,부산광역시,부산진구
15398,[어학당] 한글파크아카데미 | 정규과정,서울시,강남구,도출불가,도출불가
15400,제이린의원 남포점 | 부산 가성비 대형 클리닉,부산시,남포동,부산광역시,중구
15401,엘블랑의원 | 100% 예약제 1:1 부산 프리미엄 병원,부산시,서면,부산광역시,부산진구
15403,2026 SBS 인기가요 ON THE GO 특별 페스티벌 콘서트 + 리허설 무대 관람 + 교통카드 패키지,인천시,(없음),인천광역시,중구
15405,"2026 봄 궁중문화축전 무료행사, 경복궁 <개막제> (외국인 티켓 독점판매)",서울시,(없음),서울특별시,종로구
15406,"2026 봄 궁중문화축전, 창덕궁 <효명세자와 달의 춤> (외국인 티켓 독점판매)",서울시,(없음),서울특별시,종로구
15407,수원&용인민속촌 투어(서울 출발) | 세계유산 화성과 전통마을 탐방,광주(경기),(없음),경기도,용인시 기흥구
15408,디데이의원 남포점 | 믿고 맡기는 리프팅,부산시,남포동,부산광역시,중구
15411,준오헤어 홍대서교타워점 | 홍대 트렌드 컬러 & 케어 중심 살롱,서울시,홍대,서울특별시,마포구
15413,온스튜디오 | 퍼스널 컬러로 완성하는 맞춤 사진 촬영,서울시,중구,도출불가,도출불가
15414,(신사업) 26.04 비앤빛안과 대만 온라인 상담회,타이페이,(없음),도출불가,도출불가
15419,(신사업) 밝은성모안과의원,서울시,(없음),서울특별시,강남구
15420,세신샵 라힌 | 품격 있는 프라이빗 세신 경험 ,서울시,충무로,서울특별시,중구
15421,인천공항 레이오버투어 | 짧은 시간에도 완벽한 서울 여행,인천시,(없음),인천광역시,중구
15423,알파카월드 + 레일바이크 + 남이섬 + 별빛축제 일일투어,홍천군,(없음),강원특별자치도,홍천군
15424,감성교복 잠실본점 스냅사진,서울시,잠실,도출불가,도출불가
15427,여주도자기축제와 도자기체험 | 세종대왕릉 일일투어(서울출발),여주시,(없음),경기도,여주시
15429,샵꽁뜨 연남점 | 외국인 맞춤 컬러 전문 헤어샵,서울시,홍대,도출불가,도출불가
15432,N타워 + 케이블카 (왕복) 티켓 | 서울 대표 전망을 한 번에 즐기는 콤보 티켓,서울시,남산,서울특별시,중구
15435,"(신사업) 한국 대표 건강검진 센터, KMI | 특화상품 | 광화문",서울시,(없음),도출불가,도출불가
15440,"닥터쁘띠의원 홍대점 | 전문가 클렌징, 단독 오픈 이벤트",서울시,홍대,서울특별시,마포구
15441,(신사업) 부산제이린안과의원,부산시,서면,부산광역시,부산진구
15443,명동 더서울약국,서울시,명동,서울특별시,중구
15444,명동친한약국,서울시,명동,서울특별시,중구
15445,부산 서면 365약국,부산시,해운대구,부산광역시,부산진구
15446,(신사업) 밝은성모안과의원 부산점,부산시,(없음),부산광역시,부산진구
15447,(신사업) 강남스마일안과의원,서울시,(없음),서울특별시,서초구
15448,삭제 필요 ✅ 한복클로젯 | 경복궁 근처 전통 한복 대여 및 사진 촬영,서울시,경복궁,도출불가,도출불가
15449,삭제필요 ✅북촌사진관 | 경복궁 야외 사진 촬영,서울시,북촌,도출불가,도출불가
15453,한국살기 | 블루레몬 2호점 서울대입구역 ,서울시,서울대입구,서울특별시,관악구
15455,(신사업) 부산BGN밝은눈안과병원,부산시,서면,부산광역시,부산진구
15457,2026 창덕궁 고궁음악회 <100인의 태평지악(공연)> (단체 결제 전용),서울시,종로구,도출불가,도출불가
15460,제이필의원 홍대점 | 얼굴부터 바디까지 종합 클리닉,서울시,홍대,서울특별시,마포구
15464,샵꽁뜨 성수서울숲점 | 맞춤 상담으로 완성하는 트렌디한 헤어 살롱,서울시,성수동,서울특별시,성동구
15468,📓한국살기 스팟 메뉴얼,서울시,(없음),서울특별시,강남구
15472,"서울·인천 뷰티 & 웰니스 이스케이프 1박 2일투어 | Glow in the City, Flow in nature",서울시,경복궁,인천광역시,중구
15474,마포 타임리스피부과 | 홍대 인근 피부과 전문병원,서울시,신촌,서울특별시,서대문구
15475,(신사업) 부산성모안과병원,부산시,(없음),부산광역시,해운대구
15476,(신사업) 26.05 밝은눈안과 온라인 상담회,서울시,강남구,서울특별시,서초구
15477,경주 유네스코 핵심 명소 6시간 익스프레스 투어 | 부산 출발,경주시,(없음),경상북도,경주시
15478,"경기북부 K-DRAMA TOUR | 와이너리+쨈만들기+나만의와인만들기, 감악산 출렁다리, 임진각케이블카",파주시,(없음),경기도,파주시
15479,아르결 명동점 | 명동역 인근 심야 이용 가능 헤어살롱,서울시,명동,서울특별시,중구
15489,한탄강 UNESCO 세계지질공원 + 포천 허브아일랜드 + 포천아트벨리 일일투어 (서울출발)_backup,포천시,(없음),도출불가,도출불가
15490,더올림의원 서면 | IV수액,부산시,서면,부산광역시,부산진구
15491,더올림의원 서면 | 쁘띠 단독 헤택,부산시,서면,도출불가,도출불가
15492,"청기와갈비 | 홍대입구역 2분, 오랜 시간 현지인이 찾는 숯불갈비",서울시,홍대,서울특별시,마포구
15496,K-뷰티 빛의 공식: 케데헌 에디션 서울 원데이 투어,서울시,(없음),서울특별시,종로구
15497,로위 홍대입구역점 | 여행의 마무리를 위한 힐링 헤드스파,서울시,홍대,서울특별시,마포구
15500,멜로우피부과의원 청담점 | 국가 공인 피부과 전문의,서울시,압구정,서울특별시,강남구
15501,피부희다 장기점 | 김포공항 프라이빗 1인 세신샵,김포시,김포공항,경기도,김포시
15502,제이제이뷰티랩 명동 | 17년 경력 맞춤 반영구,서울시,명동,서울특별시,중구
15503,2026 KMCHART AWARDS 티켓 페키지(케이엠차트),서울시,고려대학교,서울특별시,성북구
15504,KTO 합천 해인사 & 황매산 철쭉 축제 일일투어 | 부산 출발,합천군,(없음),경상남도,합천군
15505,로위 성수블랙점 | 성수 감성을 담은 트렌디 프리미엄 헤어 살롱,서울시,성수동,서울특별시,성동구
15508,고성 만화방초 수국 축제 & 통영 일일 투어 | 부산 출발,통영시,(없음),경상남도,통영시
15510,젠플로우,서울시,마포구,서울특별시,강남구
15511,만호고택 양동마을 전통주 체험 | 경주,경주시,(없음),경상북도,경주시
15512,외국인 수영대회 (2026 제3회 쉬엄쉬엄 한강 3종 축제),서울시,망원동,도출불가,도출불가
15513,부채 위 신라시대 민화그리기 체험 | 경주,경주시,(없음),경상북도,경주시
15514,부산 502인승 프리미엄 선셋/불꽃 축제 슈퍼 요트 투어,부산시,(없음),부산광역시,중구
15520,나무 도마 만들기 체험 | 경주,경주시,(없음),경상북도,경주시
15521,경주 신라 문화유산 일일 투어 (석굴암 포함) | 부산 출발,경주시,(없음),경상북도,경주시
15523,K-트레킹 챌린지 | 오대산국립공원 방문 & 굿즈 수령🎁,한국,(없음),강원특별자치도,평창군
15526,명동 퓨어약국,서울시,성동구,서울특별시,중구
15527,윔센터 강남 | 다이어트 체형관리,서울시,강남구,서울특별시,서초구
15528,어헤드 헤드스파 | 수기 마사지 프리미엄 헤드스파,서울시,신사동,서울특별시,강남구
15529,코코데 신사 I 1.3만명이 선택한 1:1 맞춤 내추럴 반영구 (디자인 시뮬레이션 제공),서울시,신사동,서울특별시,강남구
15530,<인사이드미> 뮤지컬 혜화 | 웃음과 감동이 있는 뮤지컬,서울시,대학로(혜화),서울특별시,종로구
15531,[어학당] 한그루 한국어 | Speaking Club,서울시,성수동,서울특별시,성동구
15535,"인천 일일 투어: 루지, 레일바이크 & 페리 (갈매기 먹이주기 포함) | 서울 출발",인천시,강화군,도출불가,도출불가
15536,수원 일일 투어 : 화성 & 스타필드 도서관 (야경 포함) | 서울 출발,수원시,(없음),경기도,수원시 장안구
15537,[The Hyundai Seoul] YEOUIDO PASS (여의도 패스),서울시,(없음),서울특별시,영등포구
15538,파주 프리미엄 아울렛 셔틀버스 | 서울 출발,파주시,(없음),경기도,파주시
15542,비브로우 홍대 | 눈썹&속눈썹 전문샵,서울시,홍대,서울특별시,마포구
15546,알파카월드 + 레일바이크 + 남이섬 + 별빛축제 일일투어,홍천군,(없음),도출불가,도출불가
15547,"룩옵티컬 롯데월드몰점 | K-POP 아이돌, 유명 연예인들의 착용템!",서울시,잠실,서울특별시,송파구
15548,"룩옵티컬 엔터식스 강남점 | K-POP 아이돌, 유명 연예인들의 착용템!",서울시,고속버스터미널,서울특별시,서초구
15550,경기국악원 티켓 | 생생한 한국 전통음악과 문화 체험,용인시,(없음),경기도,용인시 기흥구
15553,한국살기 | 홀리데이인 익스프레스 서울 홍대,서울시,홍대,서울특별시,마포구
15554,하버요가 부산 | 프라이빗 웰니스 체험,부산시,"광안리,수영구",도출불가,도출불가
15556,NaNalog弘大店（美髮/染燙）,서울시,홍대,도출불가,도출불가
15557,나나로그 명동점 | 대형 프리미엄 힐링 헤드스파 헤어 살롱,서울시,명동,서울특별시,중구
15561,[사용안함XXX] 서울역-인천공항 직통열차 AREX (공항철도),서울시,(없음),인천광역시,중구
15562,노스페이스 한남점 | 프리미엄 플래그쉽 스토어,서울시,(없음),서울특별시,용산구
15563,월영교 무드등 석고방향제 만들기 체험 | 안동,안동시,(없음),경상북도,안동시
15564,소망을 새기는 금속 악세서리 만들기 | 포항,포항시,(없음),경상북도,포항시 북구
15565,[에포스카드용] 2026 제35회 서울가요대상 패키지 (교통카드),인천시,중구,도출불가,도출불가
15566,📓반영구 스팟 메뉴얼,서울시,(없음),도출불가,도출불가
15567,스위브 | 부산 전포 맞춤 헤어살롱,부산시,(없음),도출불가,도출불가
15568,경주 불국사 · 첨성대 · 동궁과 월지 일일투어 | 대구공항 출발,경주시,(없음),대구광역시,동구
15569,"부산 핵심 투어: 해안 절경, 전통 시장 & 문화 탐방 투어",부산시,(없음),부산광역시,동구
15570,경상북도 경주 문화유산 일일투어 | 부산 출발,경주시,(없음),경상북도,경주시
15571,경상북도 안동 월영교 일일투어 | 서울 출발,안동시,(없음),경상북도,안동시
15572,밈 헤어 | 연예인 스타일 K-뷰티 헤어&메이크업,서울시,압구정,서울특별시,강남구
15574,"부산 리얼 감성 투어: 대나무 숲, 해안 절경 & 로컬 라이프 일일 투어",부산시,(없음),도출불가,도출불가
15575,연남서식당 | 원조 연남서식당 유일 분점,서울시,(없음),서울특별시,강동구
15577,포터리 성수 | 정돈된 편안함을 담은 옷 브랜드,서울시,성수동,서울특별시,성동구
15579,"위드렌터카 | 부산호텔<->부산역,부산공항",부산시,부산역,부산광역시,동구
15580,한국살기 | 휴식 명동점,서울시,명동,서울특별시,중구
15581,한국살기 | 숲속휴식 광운대점,서울시,(없음),서울특별시,노원구
15582,한국살기 | 휴식 대림역점,서울시,(없음),서울특별시,영등포구
15583,한국살기 | 문래정 문래,서울시,종로구,서울특별시,영등포구
15587,CARADI | Professional K-Beauty Hair & Makeup _ 보관을 위한 백업,서울시,압구정,도출불가,도출불가
15588,한복더하기  | 제주 여행 중 즐기는 한복체험,서귀포시,성산,제주특별자치도,서귀포시
15589,호랭이양꼬치 | 한국에서만 만나는 트렌디한 양꼬치 경험,서울시,(없음),서울특별시,마포구
15590,미유약국 | 부산,부산시,중구,도출불가,도출불가
15591,레디영약국 | 부산,부산시,중구,도출불가,도출불가
15592,국제약국 | 부산,부산시,중구,도출불가,도출불가
15593,남포온누리약국 | 부산,부산시,중구,도출불가,도출불가
15594,스퀘어약국 | 강남,서울시,강남구,도출불가,도출불가
15595,두타 레디영약국 | 명동,서울시,명동,도출불가,도출불가
15596,[Hyundai Department Store] K-Style Fashion Benefit (할인쿠폰 바우처 제공),서울시,(없음),도출불가,도출불가
15597,부산 스카이라인 루지 액티비티 일일투어 | 부산 출발,경주시,(없음),도출불가,도출불가
15599,2026 강릉경포마라톤 참가권 & 1박 2일 투어,강릉시,경포대,강원특별자치도,강릉시
15600,울산 역사·해안 힐링 일일투어 | 부산 출발,울산시,남구,부산광역시,연제구
15601,부산·양산 통도사 사찰 일일투어 | 부산 출발 (경상도),양산시,(없음),부산광역시,연제구
15603,스틱어라운드 성수 | 바디 프로필 & 프라이빗 화보,서울시,성수동,도출불가,도출불가
15607,산청 문화·웰니스 일일투어 | 부산 출발 (경상도),부산시,(없음),경상남도,산청군
15608,김해 역사·문화 하이라이트 일일투어 | 부산 출발,부산시,(없음),경상남도,김해시
15609,(신사업) 카이안과,서울시,(없음),서울특별시,강남구
15611,깔살롱 강남역점 | 특별컬러 전문 헤어샵,서울시,강남구,도출불가,도출불가
15612,콘피에르 셀렉션 롯데월드몰,서울시,잠실,서울특별시,송파구
15614,2026 함안낙화놀이축제 티켓 | 부산 출발,함안군,(없음),경상남도,함안군
15615,에코쟈뎅 홍대점 | 퍼스널컬러&메이크업&헤드스파 토탈 뷰티,서울시,홍대,서울특별시,마포구
15617,동대문 세신샵 | 1인세신샵 온아 동대문,서울시,동대문구,서울특별시,중구
15620,아쿠아필드 고양 원데이투어 (서울 왕복 버스 포함),고양시,(없음),경기도,고양시 덕양구
15622,(중복 생성 사용X) 파주 프리미엄 아울렛 셔틀버스 | 서울 출발,파주시,(없음),도출불가,도출불가
15623,셀린의원 명동점 | 외국어 상담이 가능한 명동 피부과,서울시,명동,서울특별시,중구
15624,[어학당] 이지코리안 아카데미_온라인과정,서울시,강남구,도출불가,도출불가
15625,"진한복 | 경복궁역 4번 출구 바로 앞, 30년 장인의 프리미엄 한복",서울시,종로구,도출불가,도출불가
15626,2026 YTN 서울투어마라톤 with MUSINSA｜서울 도심 관광형 마라톤,서울시,중문,서울특별시,중구
15627,용산 스마트패스,서울시,(없음),서울특별시,용산구
15628,2026 비발디파크 소노 RUN TRIP 180K 패키지,강릉시,경포대,강원특별자치도,홍천군
15629,5성급 호텔에서 만나는 k-뷰티 피부과 | 닥터에버스의원 부산서면점,부산시,서면,부산광역시,부산진구
15630,서울 조선 양반 가문의 접객문화 체험 공연,서울시,중구,서울특별시,종로구
15632,온우의원 (Onu Clinic) | 1:1 Personalized Aesthetic Design,서울시,강남구,도출불가,도출불가
15633,아르결 성수점 | 성수 심야 이용 가능 헤어살롱,서울시,성수동,서울특별시,성동구
15634,힐링템플레킹 in 내원정사: 소리 숲 한끼 | 부산,양산시,(없음),도출불가,도출불가
15635,(삭제 요청) 뚜레쥬르 인천공항T1 에어사이드점,대구시,(없음),인천광역시,중구
15636,(삭제 요청) 뚜레쥬르 인천공항T1 입국점,대구시,(없음),인천광역시,중구
15637,(삭제 요청) 뚜레쥬르 인천공항 탑승동점,대구시,(없음),인천광역시,중구
15638,(삭제 요청) 뚜레쥬르 강남직영점,대구시,(없음),서울특별시,강남구
15639,(삭제 요청) 뚜레쥬르 압구정직영점,대구시,(없음),서울특별시,강남구
15640,아이디의원 명동점,서울시,명동,서울특별시,중구
15641,뚜레쥬르 인천공항T1 에어사이드점,인천시,중구,도출불가,도출불가
15642,뚜레쥬르 인천공항T1 입국점,인천시,중구,도출불가,도출불가
15643,뚜레쥬르 인천공항 탑승동점,인천시,중구,도출불가,도출불가
15644,뚜레쥬르 강남직영점,서울시,강남구,도출불가,도출불가
15645,뚜레쥬르 압구정직영점,서울시,강남구,도출불가,도출불가
15646,함안 낙화놀이 축제 일일 투어 | 부산 출발,부산시,(없음),경상남도,함안군
15647,인천 K-퍼포먼스 아카데미 문화·역사 일일투어 | 서울 출발,인천시,(없음),인천광역시,중구
15650,아이브 에버랜드 특별 콜라보 프로젝트 'ForEverIve' 패키지,용인시,(없음),경기도,용인시 처인구
15651,커브라인의원 명동점 | 프라이빗 1:1 리프팅 케어,서울시,명동,도출불가,도출불가
15652,클레오르의원 홍대점 | 홍대입구역 프리미엄 피부과,서울시,홍대,서울특별시,마포구
15655,레버링 해운대점 | 부산 반지공방,부산시,해운대구,도출불가,도출불가
15656,르픽 청담 | 청담 감성 K-뷰티 헤어&메이크업,서울시,압구정,서울특별시,강남구
15657,코코리아 헤드스파&스킨케어,서울시,명동,도출불가,도출불가
15661,K-Culture VR Tower | 세계 최초 K-POP 전용 4K VR로 즐기는 아이돌 콘서트,서울시,남산,도출불가,도출불가
15662,K-트레킹 챌린지 | 경주국립공원 방문 & 굿즈 수령🎁,한국,(없음),경상북도,경주시
15663,강남K뷰티 성형외과 | 외국어 상담이 가능한 제주 성형외과·피부과,제주시,제주시,제주특별자치도,제주시
15664,더나의원 | AI Skin Analysis-Customized Diagnosis and Result,서울시,강남구,서울특별시,서초구
15665,K-트레킹 챌린지 | 북한산국립공원(도봉) 방문 & 굿즈 수령🎁,한국,(없음),서울특별시,도봉구
15666,K-트레킹 챌린지 | 북한산국립공원(은평) 방문 & 굿즈 수령🎁,한국,(없음),서울특별시,은평구
15667,K-트레킹 챌린지 | 설악산국립공원 방문 & 굿즈 수령🎁,한국,(없음),강원특별자치도,속초시
15668,반계리 은행나무 & 원주 소금산 케이블카 일일투어 | 서울 출발,원주시,(없음),강원특별자치도,원주시
15670,제주 바운스 슈퍼파크 제주센터 이용권,제주시,제주시,제주특별자치도,제주시
15671,경희일생한의원 | 통증 개선부터 체형·피부관리까지 한 곳에서,서울시,(없음),서울특별시,동대문구
15672,내장산 단풍 일일투어🍁 | 서울/부산 출발(선택 가능),정읍시,(없음),전라북도,정읍시
15673,[오픈이벤트🎉] 그린바이강미 | 압구정로데오 연예인 헤어&메이크업샵,서울시,압구정,도출불가,도출불가
15675,비치런 앤 쿨링 인 GHB | 부산 송정 비치 러닝 & 아이스배스,부산시,"광안리,수영구",부산광역시,해운대구
15676,BUSAN-JIN MEDICOVERY: RE-PULSE,부산시,(없음),부산광역시,부산진구
15677,[TK트래블] 강화도 루지 & 소창 손수건 스탬프 체험 일일투어 | 서울 출발,인천시,강화군,도출불가,도출불가
15679,[트래볼루션] [투어패스] 서울중구투어패스 36시간권,서울시,(없음),서울특별시,중구
15680,[트래볼루션] 충청권투어패스 랜드마크 빅2/3/4,"대전시,세종",(없음),충청북도,청주시 상당구
